"source","destination","source_chain","destination_chain","source_address","destination_address","transaction_time_utc","source_lock_time_utc","destination_mint_time_utc","transaction_duration_seconds","transaction_duration_hh_mm_ss","transaction_amount","token_symbol","transaction_amount_usd","refunded_or_not","status","simplified_status","is_insufficient_fee","gas_paid","source_tx_hash","message_id","bridge_protocol","data_source"
"optimism : 0xce16F69375520ab01377ce7B88f5BA8C48F8D666","Arbitrum : 0xce16F69375520ab01377ce7B88f5BA8C48F8D666","optimism","Arbitrum","0xce16F69375520ab01377ce7B88f5BA8C48F8D666","0xce16F69375520ab01377ce7B88f5BA8C48F8D666","2026-08-31T14:37:39Z","2026-08-31T14:37:39Z",,"156","00:02:36","200.052754","axlUSDC","200.019345190082","Not Refunded","express_executed","received","False","True","0xc89f63b36aae9924c629469b537eec622a55565401aa9dad3a5e3cd26caada68","0xc89f63b36aae9924c629469b537eec622a55565401aa9dad3a5e3cd26caada68-11","Axelar Network (GMP)","https://api.axelarscan.io (public GMP Explorer API)"
"polygon : 0xce16F69375520ab01377ce7B88f5BA8C48F8D666","base : 0xce16F69375520ab01377ce7B88f5BA8C48F8D666","polygon","base","0xce16F69375520ab01377ce7B88f5BA8C48F8D666","0xce16F69375520ab01377ce7B88f5BA8C48F8D666","2026-08-31T14:36:57Z","2026-08-31T14:36:57Z","2026-08-31T14:38:09Z","72","00:01:12","999.92242","axlUSDC","999.75543295586","Not Refunded","executed","received","False","True","0x939a81cd4f85628bf1d8400352d82f682ce126ebf6ab3218368755a1f07bc634","0x939a81cd4f85628bf1d8400352d82f682ce126ebf6ab3218368755a1f07bc634-15","Axelar Network (GMP)","https://api.axelarscan.io (public GMP Explorer API)"
"arbitrum : 0xB5FB4BE02232B1bBA4dC8f81dc24C26980dE9e3C","axelar : axelar1aqcj54lzz0rk22gvqgcn8fr5tx4rzwdv5wv5j9dmnacgefvd7wzsy2j2mr","arbitrum","axelar","0xB5FB4BE02232B1bBA4dC8f81dc24C26980dE9e3C","axelar1aqcj54lzz0rk22gvqgcn8fr5tx4rzwdv5wv5j9dmnacgefvd7wzsy2j2mr","2026-08-31T14:30:27Z","2026-08-31T14:30:27Z",,"588","00:09:48","487788.09871","KIP","17.072583454849998","Not Refunded","called","sent","False","True","0xde8688bb7d42629c96bf72ff80f23628918d0091d25c30006fbb1591a0b52c9f","0xde8688bb7d42629c96bf72ff80f23628918d0091d25c30006fbb1591a0b52c9f-7","Axelar Network (GMP)","https://api.axelarscan.io (public GMP Explorer API)"
"osmosis : osmo1m8wg4vxkefhs374qxmmqpyusgz289wmulex5qdwpfx7jnrxzer5s9cv83q","Polygon : 0xD87E98798b1441c4b7fB7ABd918F90e42ae3D735","osmosis","Polygon","osmo1m8wg4vxkefhs374qxmmqpyusgz289wmulex5qdwpfx7jnrxzer5s9cv83q","0xD87E98798b1441c4b7fB7ABd918F90e42ae3D735","2026-08-31T14:26:58Z","2026-08-31T14:26:58Z","2026-08-31T14:27:31Z","33","00:00:33","55.131812","axlUSDC","55.126298818799995","Pending Refund","executed","received","False","True","9942438C19104DFAE5901C029CD616A0F10473471E4C102F590E38C4D45487DF","0xd71e5a0fd316dbb9fa7b23a043e1a54e888529ac257edf1dfe546adb1eae1f34-7095956","Axelar Network (GMP)","https://api.axelarscan.io (public GMP Explorer API)"
"avalanche : 0xBeB12d8861765c850E8426Cc5c6a5207222f2477","Fantom : 0x39c3D2A07633dc59CaCa9B77250d35C9cd02fB2F","avalanche","Fantom","0xBeB12d8861765c850E8426Cc5c6a5207222f2477","0x39c3D2A07633dc59CaCa9B77250d35C9cd02fB2F","2026-08-31T14:26:29Z","2026-08-31T14:26:29Z","2026-08-31T14:27:31Z","62","00:01:02","499.892595","axlUSDC","499.8426057405","Not Refunded","executed","received","False","True","0xe76c48428c4fdc6b619e25e7b261ef4191a441ea150af289eb3e87a6b9830d2e","0xe76c48428c4fdc6b619e25e7b261ef4191a441ea150af289eb3e87a6b9830d2e-5","Axelar Network (GMP)","https://api.axelarscan.io (public GMP Explorer API)"
"immutable : 0x4f49B53928A71E553bB1B0F66a5BcB54Fd4E8932","Ethereum : 0x4f49B53928A71E553bB1B0F66a5BcB54Fd4E8932","immutable","Ethereum","0x4f49B53928A71E553bB1B0F66a5BcB54Fd4E8932","0x4f49B53928A71E553bB1B0F66a5BcB54Fd4E8932","2026-08-31T14:25:39Z","2026-08-31T14:25:39Z","2026-08-31T14:27:23Z","104","00:01:44",,,,"Not Refunded","executed","received","False","True","0x27f810c5716bead19beb3886c80342d99f6dcdf98abd46e0c16b4630b0d5a003","0x27f810c5716bead19beb3886c80342d99f6dcdf98abd46e0c16b4630b0d5a003-2","Axelar Network (GMP)","https://api.axelarscan.io (public GMP Explorer API)"
"osmosis : osmo1n6ney9tsf55etz9nrmzyd8wa7e64qd3s06a74fqs30ka8pps6cvqtsycr6","Ethereum : 0xce16F69375520ab01377ce7B88f5BA8C48F8D666","osmosis","Ethereum","osmo1n6ney9tsf55etz9nrmzyd8wa7e64qd3s06a74fqs30ka8pps6cvqtsycr6","0xce16F69375520ab01377ce7B88f5BA8C48F8D666","2026-08-31T14:25:34Z","2026-08-31T14:25:34Z","2026-08-31T14:26:23Z","49","00:00:49","32.114979","axlUSDC","32.1117675021","Pending Refund","executed","received","False","True","AA4C1B07D4CF2AA54E979394133042B4684229DEC0E65D4BADEFCA34DF236FAB","0xae33f06b3a333b5b49b5af2a9f23f5ff13833db8fd6e070939df73896c33e0ba-7095955","Axelar Network (GMP)","https://api.axelarscan.io (public GMP Explorer API)"
"binance : 0xce16F69375520ab01377ce7B88f5BA8C48F8D666","Polygon : 0xce16F69375520ab01377ce7B88f5BA8C48F8D666","binance","Polygon","0xce16F69375520ab01377ce7B88f5BA8C48F8D666","0xce16F69375520ab01377ce7B88f5BA8C48F8D666","2026-08-31T14:24:07Z","2026-08-31T14:24:07Z","2026-08-31T14:24:52Z","45","00:00:45","273.74296","axlUSDC","273.715585704","Not Refunded","executed","received","False","True","0x8566a391c8f95e4e101bdc4b9d5ebf1335679082564ad56b1cc96343dc19bec2","0x8566a391c8f95e4e101bdc4b9d5ebf1335679082564ad56b1cc96343dc19bec2-10","Axelar Network (GMP)","https://api.axelarscan.io (public GMP Explorer API)"
"blast : 0x492751eC3c57141deb205eC2da8bFcb410738630","base : 0xce16F69375520ab01377ce7B88f5BA8C48F8D666","blast","base","0x492751eC3c57141deb205eC2da8bFcb410738630","0xce16F69375520ab01377ce7B88f5BA8C48F8D666","2026-08-31T14:20:45Z","2026-08-31T14:20:45Z",,"1170","00:19:30","5.997486","axlUSDC","5.9965803796140005","Not Refunded","express_executed","received","False","True","0x8b2d8e3151813e7309516520f64492dcb3ea11d30f2dba7a157bff742c1746fa","0x8b2d8e3151813e7309516520f64492dcb3ea11d30f2dba7a157bff742c1746fa-12","Axelar Network (GMP)","https://api.axelarscan.io (public GMP Explorer API)"
"ethereum : 0x34e904237341C3de02D4447C3fF0ca8880ca6484","arbitrum : 0x34e904237341C3de02D4447C3fF0ca8880ca6484","ethereum","arbitrum","0x34e904237341C3de02D4447C3fF0ca8880ca6484","0x34e904237341C3de02D4447C3fF0ca8880ca6484","2026-08-31T14:19:59Z","2026-08-31T14:19:59Z","2026-08-31T14:35:40Z","941","00:15:41",,,,"Not Refunded","executed","received","False","True","0x0e8c4776528e98e87063e917b0cc587af66ded11111b70efc5953ac8368e46ed","0x0e8c4776528e98e87063e917b0cc587af66ded11111b70efc5953ac8368e46ed-28","Axelar Network (GMP)","https://api.axelarscan.io (public GMP Explorer API)"
"ethereum : 0x34e904237341C3de02D4447C3fF0ca8880ca6484","base : 0x34e904237341C3de02D4447C3fF0ca8880ca6484","ethereum","base","0x34e904237341C3de02D4447C3fF0ca8880ca6484","0x34e904237341C3de02D4447C3fF0ca8880ca6484","2026-08-31T14:19:59Z","2026-08-31T14:19:59Z","2026-08-31T14:35:41Z","942","00:15:42",,,,"Not Refunded","executed","received","False","True","0x0e8c4776528e98e87063e917b0cc587af66ded11111b70efc5953ac8368e46ed","0x0e8c4776528e98e87063e917b0cc587af66ded11111b70efc5953ac8368e46ed-53","Axelar Network (GMP)","https://api.axelarscan.io (public GMP Explorer API)"
"ethereum : 0x34e904237341C3de02D4447C3fF0ca8880ca6484","Avalanche : 0x34e904237341C3de02D4447C3fF0ca8880ca6484","ethereum","Avalanche","0x34e904237341C3de02D4447C3fF0ca8880ca6484","0x34e904237341C3de02D4447C3fF0ca8880ca6484","2026-08-31T14:19:59Z","2026-08-31T14:19:59Z","2026-08-31T14:35:43Z","944","00:15:44",,,,"Not Refunded","executed","received","False","True","0x0e8c4776528e98e87063e917b0cc587af66ded11111b70efc5953ac8368e46ed","0x0e8c4776528e98e87063e917b0cc587af66ded11111b70efc5953ac8368e46ed-39","Axelar Network (GMP)","https://api.axelarscan.io (public GMP Explorer API)"
"ethereum : 0x34e904237341C3de02D4447C3fF0ca8880ca6484","binance : 0x34e904237341C3de02D4447C3fF0ca8880ca6484","ethereum","binance","0x34e904237341C3de02D4447C3fF0ca8880ca6484","0x34e904237341C3de02D4447C3fF0ca8880ca6484","2026-08-31T14:19:59Z","2026-08-31T14:19:59Z","2026-08-31T14:36:55Z","1016","00:16:56",,,,"Not Refunded","executed","received","False","True","0x0e8c4776528e98e87063e917b0cc587af66ded11111b70efc5953ac8368e46ed","0x0e8c4776528e98e87063e917b0cc587af66ded11111b70efc5953ac8368e46ed-46","Axelar Network (GMP)","https://api.axelarscan.io (public GMP Explorer API)"
"ethereum : 0x34e904237341C3de02D4447C3fF0ca8880ca6484","arbitrum : 0x34e904237341C3de02D4447C3fF0ca8880ca6484","ethereum","arbitrum","0x34e904237341C3de02D4447C3fF0ca8880ca6484","0x34e904237341C3de02D4447C3fF0ca8880ca6484","2026-08-31T14:19:47Z","2026-08-31T14:19:47Z","2026-08-31T14:35:46Z","959","00:15:59",,,,"Not Refunded","executed","received","False","True","0x232b1c05914071107f3816277585101fa0b687f3fcee53082e756d84b9c94bb9","0x232b1c05914071107f3816277585101fa0b687f3fcee53082e756d84b9c94bb9-30","Axelar Network (GMP)","https://api.axelarscan.io (public GMP Explorer API)"
"ethereum : 0x34e904237341C3de02D4447C3fF0ca8880ca6484","base : 0x34e904237341C3de02D4447C3fF0ca8880ca6484","ethereum","base","0x34e904237341C3de02D4447C3fF0ca8880ca6484","0x34e904237341C3de02D4447C3fF0ca8880ca6484","2026-08-31T14:19:47Z","2026-08-31T14:19:47Z","2026-08-31T14:35:41Z","954","00:15:54",,,,"Not Refunded","executed","received","False","True","0x232b1c05914071107f3816277585101fa0b687f3fcee53082e756d84b9c94bb9","0x232b1c05914071107f3816277585101fa0b687f3fcee53082e756d84b9c94bb9-48","Axelar Network (GMP)","https://api.axelarscan.io (public GMP Explorer API)"
"ethereum : 0x34e904237341C3de02D4447C3fF0ca8880ca6484","Avalanche : 0x34e904237341C3de02D4447C3fF0ca8880ca6484","ethereum","Avalanche","0x34e904237341C3de02D4447C3fF0ca8880ca6484","0x34e904237341C3de02D4447C3fF0ca8880ca6484","2026-08-31T14:19:47Z","2026-08-31T14:19:47Z","2026-08-31T14:35:42Z","955","00:15:55",,,,"Not Refunded","executed","received","False","True","0x232b1c05914071107f3816277585101fa0b687f3fcee53082e756d84b9c94bb9","0x232b1c05914071107f3816277585101fa0b687f3fcee53082e756d84b9c94bb9-41","Axelar Network (GMP)","https://api.axelarscan.io (public GMP Explorer API)"
"ethereum : 0x34e904237341C3de02D4447C3fF0ca8880ca6484","binance : 0x34e904237341C3de02D4447C3fF0ca8880ca6484","ethereum","binance","0x34e904237341C3de02D4447C3fF0ca8880ca6484","0x34e904237341C3de02D4447C3fF0ca8880ca6484","2026-08-31T14:19:47Z","2026-08-31T14:19:47Z","2026-08-31T14:36:56Z","1029","00:17:09",,,,"Not Refunded","executed","received","False","True","0x232b1c05914071107f3816277585101fa0b687f3fcee53082e756d84b9c94bb9","0x232b1c05914071107f3816277585101fa0b687f3fcee53082e756d84b9c94bb9-55","Axelar Network (GMP)","https://api.axelarscan.io (public GMP Explorer API)"
"ethereum : 0x34e904237341C3de02D4447C3fF0ca8880ca6484","base : 0x34e904237341C3de02D4447C3fF0ca8880ca6484","ethereum","base","0x34e904237341C3de02D4447C3fF0ca8880ca6484","0x34e904237341C3de02D4447C3fF0ca8880ca6484","2026-08-31T14:19:35Z","2026-08-31T14:19:35Z","2026-08-31T14:35:41Z","966","00:16:06",,,,"Not Refunded","executed","received","False","True","0x98d1abe51a561cb7415309697089e88d7b79a1a96e3e3655925f6c60486dfc6f","0x98d1abe51a561cb7415309697089e88d7b79a1a96e3e3655925f6c60486dfc6f-8","Axelar Network (GMP)","https://api.axelarscan.io (public GMP Explorer API)"
"ethereum : 0x4f49B53928A71E553bB1B0F66a5BcB54Fd4E8932","immutable : 0x4f49B53928A71E553bB1B0F66a5BcB54Fd4E8932","ethereum","immutable","0x4f49B53928A71E553bB1B0F66a5BcB54Fd4E8932","0x4f49B53928A71E553bB1B0F66a5BcB54Fd4E8932","2026-08-31T14:19:35Z","2026-08-31T14:19:35Z","2026-08-31T14:35:25Z","950","00:15:50",,,,"Not Refunded","executed","received","False","True","0x1651b1eeadc1ff693bb3a9b4e5cd256df8090dc78502e5112d456c1b921cf20b","0x1651b1eeadc1ff693bb3a9b4e5cd256df8090dc78502e5112d456c1b921cf20b-5","Axelar Network (GMP)","https://api.axelarscan.io (public GMP Explorer API)"
"polygon : 0xcbBA104B6CB4960a70E5dfc48E76C536A1f19609","arbitrum : 0xcbBA104B6CB4960a70E5dfc48E76C536A1f19609","polygon","arbitrum","0xcbBA104B6CB4960a70E5dfc48E76C536A1f19609","0xcbBA104B6CB4960a70E5dfc48E76C536A1f19609","2026-08-31T14:17:12Z","2026-08-31T14:17:12Z","2026-08-31T14:17:59Z","47","00:00:47",,,,"Not Refunded","executed","received","False","True","0x79459cf11da80d41a5a47a46636a6cb92638636e7330d2dd176c5569a734f9a1","0x79459cf11da80d41a5a47a46636a6cb92638636e7330d2dd176c5569a734f9a1-6","Axelar Network (GMP)","https://api.axelarscan.io (public GMP Explorer API)"
"polygon : 0xcbBA104B6CB4960a70E5dfc48E76C536A1f19609","base : 0xcbBA104B6CB4960a70E5dfc48E76C536A1f19609","polygon","base","0xcbBA104B6CB4960a70E5dfc48E76C536A1f19609","0xcbBA104B6CB4960a70E5dfc48E76C536A1f19609","2026-08-31T14:17:06Z","2026-08-31T14:17:06Z","2026-08-31T14:18:13Z","67","00:01:07",,,,"Not Refunded","executed","received","False","True","0x37674c404bf6471cf50f9b5fe24f1517db11e40e8022123735396faac88aba1e","0x37674c404bf6471cf50f9b5fe24f1517db11e40e8022123735396faac88aba1e-6","Axelar Network (GMP)","https://api.axelarscan.io (public GMP Explorer API)"
"polygon : 0xce16F69375520ab01377ce7B88f5BA8C48F8D666","base : 0xce16F69375520ab01377ce7B88f5BA8C48F8D666","polygon","base","0xce16F69375520ab01377ce7B88f5BA8C48F8D666","0xce16F69375520ab01377ce7B88f5BA8C48F8D666","2026-08-31T14:16:55Z","2026-08-31T14:16:55Z","2026-08-31T14:17:39Z","44","00:00:44","999.963062","axlUSDC","999.7900683902741","Not Refunded","executed","received","False","True","0x49cbf6cda4fe76ab14160e68facd187e470844f37d6bde6ea6b7ce66ffd09691","0x49cbf6cda4fe76ab14160e68facd187e470844f37d6bde6ea6b7ce66ffd09691-15","Axelar Network (GMP)","https://api.axelarscan.io (public GMP Explorer API)"
"neutron : neutron19zwn8dl8ck08zegjp3rv9u7ex5hat5yw9msz0n7pexmt32tuckvsq7lxcg","base : 0x569594F181ac9AbdE3eBf89954F3D3Af40d63600","neutron","base","neutron19zwn8dl8ck08zegjp3rv9u7ex5hat5yw9msz0n7pexmt32tuckvsq7lxcg","0x569594F181ac9AbdE3eBf89954F3D3Af40d63600","2026-08-31T14:12:25Z","2026-08-31T14:12:25Z","2026-08-31T14:13:09Z","44","00:00:44","8.070331","axlUSDC","8.068967114061","Pending Refund","executed","received","False","True","7235B8BC0DEE30DA65BFD48F36DCEE2B04342019A744FEECDB0949C233F2C1B3","0x7235b8bc0dee30da65bfd48f36dcee2b04342019a744feecdb0949c233f2c1b3-7095954","Axelar Network (GMP)","https://api.axelarscan.io (public GMP Explorer API)"
"polygon : 0xce16F69375520ab01377ce7B88f5BA8C48F8D666","Ethereum : 0xce16F69375520ab01377ce7B88f5BA8C48F8D666","polygon","Ethereum","0xce16F69375520ab01377ce7B88f5BA8C48F8D666","0xce16F69375520ab01377ce7B88f5BA8C48F8D666","2026-08-31T14:11:52Z","2026-08-31T14:11:52Z","2026-08-31T14:13:23Z","91","00:01:31","57.629647","axlUSDC","57.619907589657","Not Refunded","executed","received","False","True","0x92cc543de6e2a4f2e00328898021770710c8b7306f11159061517861f99b0d85","0x92cc543de6e2a4f2e00328898021770710c8b7306f11159061517861f99b0d85-32","Axelar Network (GMP)","https://api.axelarscan.io (public GMP Explorer API)"
"ethereum : 0xB773bCc5B325ad9AC6B36e1A046AD4466833A16E","osmosis : osmo10a3k4hvk37cc4hnxctw4p95fhscd2z6h2rmx0aukc6rm8u9qqx9smfsh7u","ethereum","osmosis","0xB773bCc5B325ad9AC6B36e1A046AD4466833A16E","osmo10a3k4hvk37cc4hnxctw4p95fhscd2z6h2rmx0aukc6rm8u9qqx9smfsh7u","2026-08-31T14:10:23Z","2026-08-31T14:10:23Z","2026-08-31T14:28:22Z","1079","00:17:59","0.001","WETH","2.44293","Not Refunded","executed","received","False","True","0x65ae2d1344dbc38aaf4f6ee9ae68966fe5cd80c813ef385ef9b655ca5a3f6a59","0x65ae2d1344dbc38aaf4f6ee9ae68966fe5cd80c813ef385ef9b655ca5a3f6a59-3","Axelar Network (GMP)","https://api.axelarscan.io (public GMP Explorer API)"
"osmosis : osmo1m8wg4vxkefhs374qxmmqpyusgz289wmulex5qdwpfx7jnrxzer5s9cv83q","base : 0x569594F181ac9AbdE3eBf89954F3D3Af40d63600","osmosis","base","osmo1m8wg4vxkefhs374qxmmqpyusgz289wmulex5qdwpfx7jnrxzer5s9cv83q","0x569594F181ac9AbdE3eBf89954F3D3Af40d63600","2026-08-31T14:05:51Z","2026-08-31T14:05:51Z","2026-08-31T14:06:33Z","42","00:00:42","9.744193","axlUSDC","9.742955487488999","Pending Refund","executed","received","False","True","D95BC71675EC0ED8D6AD5140C62A3D770282D250ADABD0C3B22100BA6F4F681E","0x779be6fd1433d1cde148e88d9d62ad298a571d8800afece91c0d203f72dbdd56-7095953","Axelar Network (GMP)","https://api.axelarscan.io (public GMP Explorer API)"
"neutron : neutron19zwn8dl8ck08zegjp3rv9u7ex5hat5yw9msz0n7pexmt32tuckvsq7lxcg","base : 0x569594F181ac9AbdE3eBf89954F3D3Af40d63600","neutron","base","neutron19zwn8dl8ck08zegjp3rv9u7ex5hat5yw9msz0n7pexmt32tuckvsq7lxcg","0x569594F181ac9AbdE3eBf89954F3D3Af40d63600","2026-08-31T14:05:37Z","2026-08-31T14:05:37Z","2026-08-31T14:06:09Z","32","00:00:32","11.161205","axlUSDC","11.159787526965001","Pending Refund","executed","received","False","True","2D65D6E38D0D57269C35CDE3FCD7211F44C73C25CF34309FD863A98D4264558C","0x2d65d6e38d0d57269c35cde3fcd7211f44c73c25cf34309fd863a98d4264558c-7095952","Axelar Network (GMP)","https://api.axelarscan.io (public GMP Explorer API)"
"osmosis : osmo173adwu8q6xfww53rhwtlxhjyafav74k6qsu9a7","binance : 0x43d090025aAA6C8693B71952B910AC55CcB56bBb","osmosis","binance","osmo173adwu8q6xfww53rhwtlxhjyafav74k6qsu9a7","0x43d090025aAA6C8693B71952B910AC55CcB56bBb","2026-08-31T14:02:00Z","2026-08-31T14:02:00Z","2026-08-31T14:02:25Z","25","00:00:25","5028.565184","AXL","233.74309716178303","Pending Refund","executed","received","False","True","54B4BE44C16436247C3EDB29A2B1BC273012AAC9CAC0D692D61C580C5809563A","0x4987142752bbe47a87ed36c3467bcd0d09129cd493ab145252c6652e4e798856-7095951","Axelar Network (GMP)","https://api.axelarscan.io (public GMP Explorer API)"
"osmosis : osmo173adwu8q6xfww53rhwtlxhjyafav74k6qsu9a7","binance : 0x43d090025aAA6C8693B71952B910AC55CcB56bBb","osmosis","binance","osmo173adwu8q6xfww53rhwtlxhjyafav74k6qsu9a7","0x43d090025aAA6C8693B71952B910AC55CcB56bBb","2026-08-31T14:00:00Z","2026-08-31T14:00:00Z","2026-08-31T14:00:25Z","25","00:00:25","5023.035549","AXL","233.48606280629994","Pending Refund","executed","received","False","True","366AE7C2949E7FCC97D69F539FA77C8C535960C19C87ED19C5DAC04EE124A722","0xd47a26764af77b427d86e561898bf110ffa166423c78141e33f0c58e969b8588-7095950","Axelar Network (GMP)","https://api.axelarscan.io (public GMP Explorer API)"
"osmosis : osmo173adwu8q6xfww53rhwtlxhjyafav74k6qsu9a7","binance : 0x43d090025aAA6C8693B71952B910AC55CcB56bBb","osmosis","binance","osmo173adwu8q6xfww53rhwtlxhjyafav74k6qsu9a7","0x43d090025aAA6C8693B71952B910AC55CcB56bBb","2026-08-31T13:58:10Z","2026-08-31T13:58:10Z","2026-08-31T13:58:35Z","25","00:00:25","5050.364267","AXL","231.41612482226589","Pending Refund","executed","received","False","True","FF910EEB43E5B6A010D9D3144238E41EB921D0F3F848BF5E4AAFD971B8884A32","0xc25484cc747324f57461650baff91bbb99dfc419b55643d681961c4265cf840a-7095949","Axelar Network (GMP)","https://api.axelarscan.io (public GMP Explorer API)"
"base : 0xce16F69375520ab01377ce7B88f5BA8C48F8D666","binance : 0xce16F69375520ab01377ce7B88f5BA8C48F8D666","base","binance","0xce16F69375520ab01377ce7B88f5BA8C48F8D666","0xce16F69375520ab01377ce7B88f5BA8C48F8D666","2026-08-31T13:52:21Z","2026-08-31T13:52:21Z","2026-08-31T14:17:05Z","1484","00:24:44","769.096905","axlUSDC","768.95231478186","Not Refunded","executed","received","False","True","0xe4808d6a98a29b1982ac8ecb5a2d6b98bd539d896a17debbe09ed92d99022744","0xe4808d6a98a29b1982ac8ecb5a2d6b98bd539d896a17debbe09ed92d99022744-17","Axelar Network (GMP)","https://api.axelarscan.io (public GMP Explorer API)"
"osmosis : osmo173adwu8q6xfww53rhwtlxhjyafav74k6qsu9a7","binance : 0x43d090025aAA6C8693B71952B910AC55CcB56bBb","osmosis","binance","osmo173adwu8q6xfww53rhwtlxhjyafav74k6qsu9a7","0x43d090025aAA6C8693B71952B910AC55CcB56bBb","2026-08-31T13:51:50Z","2026-08-31T13:51:50Z","2026-08-31T13:52:15Z","25","00:00:25","5017.368716","AXL","228.62378107655252","Pending Refund","executed","received","False","True","1347A565300B7080C11472D3DE96AD55CC2538AFD4ACC72844FAF49793D66870","0xf060f58e200cd5c9df0c7cd34739bf0eed6ab622f49ef80cd908b82ef1b8f222-7095948","Axelar Network (GMP)","https://api.axelarscan.io (public GMP Explorer API)"
"filecoin : 0xce16F69375520ab01377ce7B88f5BA8C48F8D666","binance : 0xce16F69375520ab01377ce7B88f5BA8C48F8D666","filecoin","binance","0xce16F69375520ab01377ce7B88f5BA8C48F8D666","0xce16F69375520ab01377ce7B88f5BA8C48F8D666","2026-08-31T13:51:30Z","2026-08-31T13:51:30Z","2026-08-31T14:09:00Z","1050","00:17:30","668.933456","axlUSDC","668.807696510272","Not Refunded","executed","received","False","True","0x77a7504fec898d9e0a25dbae75408ed0f334fd13eac36e7277f62c9d0b3c03a2","0x77a7504fec898d9e0a25dbae75408ed0f334fd13eac36e7277f62c9d0b3c03a2-13","Axelar Network (GMP)","https://api.axelarscan.io (public GMP Explorer API)"
"axelar : axelar1aqcj54lzz0rk22gvqgcn8fr5tx4rzwdv5wv5j9dmnacgefvd7wzsy2j2mr","ethereum : 0xB5FB4BE02232B1bBA4dC8f81dc24C26980dE9e3C","axelar","ethereum","axelar1aqcj54lzz0rk22gvqgcn8fr5tx4rzwdv5wv5j9dmnacgefvd7wzsy2j2mr","0xB5FB4BE02232B1bBA4dC8f81dc24C26980dE9e3C","2026-08-31T13:51:07Z","2026-08-31T13:51:07Z","2026-08-31T13:52:59Z","112","00:01:52","50121.358098432844","ATH","0","Pending Refund","executed","received","False","False","D6DCF28AB7999C7AD8DAAFC54F4A163FD97E1391D1A93CDD4D56A874DA411DC3","0xd6dcf28ab7999c7ad8daafc54f4a163fd97e1391d1a93cdd4d56a874da411dc3-7095947","Axelar Network (GMP)","https://api.axelarscan.io (public GMP Explorer API)"
"axelar : axelar1aqcj54lzz0rk22gvqgcn8fr5tx4rzwdv5wv5j9dmnacgefvd7wzsy2j2mr","ethereum : 0xB5FB4BE02232B1bBA4dC8f81dc24C26980dE9e3C","axelar","ethereum","axelar1aqcj54lzz0rk22gvqgcn8fr5tx4rzwdv5wv5j9dmnacgefvd7wzsy2j2mr","0xB5FB4BE02232B1bBA4dC8f81dc24C26980dE9e3C","2026-08-31T13:51:06Z","2026-08-31T13:51:06Z","2026-08-31T13:52:35Z","89","00:01:29","201769.14593120455","ATH","0","Pending Refund","executed","received","False","False","6923F9BE6CE382ABF20534EEC66B90124E034F0722B632AD1E625414B122E8A8","0x6923f9be6ce382abf20534eec66b90124e034f0722b632ad1e625414b122e8a8-7095944","Axelar Network (GMP)","https://api.axelarscan.io (public GMP Explorer API)"
"ethereum : 0xce16F69375520ab01377ce7B88f5BA8C48F8D666","osmosis : osmo1n6ney9tsf55etz9nrmzyd8wa7e64qd3s06a74fqs30ka8pps6cvqtsycr6","ethereum","osmosis","0xce16F69375520ab01377ce7B88f5BA8C48F8D666","osmo1n6ney9tsf55etz9nrmzyd8wa7e64qd3s06a74fqs30ka8pps6cvqtsycr6","2026-08-31T13:50:23Z","2026-08-31T13:50:23Z","2026-08-31T14:09:05Z","1122","00:18:42","46.318045","AXL","2.1105498079511498","Not Refunded","executed","received","False","True","0x56d276616a641fc76add383fd7f9969b1c09e3fd380764c7862c38d2f71a5e35","0x56d276616a641fc76add383fd7f9969b1c09e3fd380764c7862c38d2f71a5e35-4","Axelar Network (GMP)","https://api.axelarscan.io (public GMP Explorer API)"
"ethereum : 0xce16F69375520ab01377ce7B88f5BA8C48F8D666","osmosis : osmo1n6ney9tsf55etz9nrmzyd8wa7e64qd3s06a74fqs30ka8pps6cvqtsycr6","ethereum","osmosis","0xce16F69375520ab01377ce7B88f5BA8C48F8D666","osmo1n6ney9tsf55etz9nrmzyd8wa7e64qd3s06a74fqs30ka8pps6cvqtsycr6","2026-08-31T13:48:59Z","2026-08-31T13:48:59Z","2026-08-31T14:03:08Z","849","00:14:09","146.07534","USDC","146.04787783608","Not Refunded","executed","received","False","True","0x21c86306ccb726f8f647ab244e01957b02145104d37a6181148ce5f5c3e692f4","0x21c86306ccb726f8f647ab244e01957b02145104d37a6181148ce5f5c3e692f4-10","Axelar Network (GMP)","https://api.axelarscan.io (public GMP Explorer API)"
"axelar : axelar1aqcj54lzz0rk22gvqgcn8fr5tx4rzwdv5wv5j9dmnacgefvd7wzsy2j2mr","ethereum : 0xB5FB4BE02232B1bBA4dC8f81dc24C26980dE9e3C","axelar","ethereum","axelar1aqcj54lzz0rk22gvqgcn8fr5tx4rzwdv5wv5j9dmnacgefvd7wzsy2j2mr","0xB5FB4BE02232B1bBA4dC8f81dc24C26980dE9e3C","2026-08-31T13:41:56Z","2026-08-31T13:41:56Z","2026-08-31T13:43:23Z","87","00:01:27","0.2044","agETH",,"Pending Refund","executed","received","False","False","BC52D463407AE9DE45A13B54992FBEEC715D223C64BB4067429547D6D6E1E4B8","0xbc52d463407ae9de45a13b54992fbeec715d223c64bb4067429547d6d6e1e4b8-7095935","Axelar Network (GMP)","https://api.axelarscan.io (public GMP Explorer API)"
"axelar : axelar1aqcj54lzz0rk22gvqgcn8fr5tx4rzwdv5wv5j9dmnacgefvd7wzsy2j2mr","optimism : 0xB5FB4BE02232B1bBA4dC8f81dc24C26980dE9e3C","axelar","optimism","axelar1aqcj54lzz0rk22gvqgcn8fr5tx4rzwdv5wv5j9dmnacgefvd7wzsy2j2mr","0xB5FB4BE02232B1bBA4dC8f81dc24C26980dE9e3C","2026-08-31T13:36:52Z","2026-08-31T13:36:52Z","2026-08-31T13:37:33Z","41","00:00:41","489.6116085780461","FNX",,"Not Refunded","executed","received","False","False","87FDF5196568BBCFAD2B5E2A83D65B981BFF8BF45BDE43C8D558AABD33AEEC2B","0x87fdf5196568bbcfad2b5e2a83d65b981bff8bf45bde43c8d558aabd33aeec2b-7095929","Axelar Network (GMP)","https://api.axelarscan.io (public GMP Explorer API)"
"polygon : 0xB5FB4BE02232B1bBA4dC8f81dc24C26980dE9e3C","axelar : axelar1aqcj54lzz0rk22gvqgcn8fr5tx4rzwdv5wv5j9dmnacgefvd7wzsy2j2mr","polygon","axelar","0xB5FB4BE02232B1bBA4dC8f81dc24C26980dE9e3C","axelar1aqcj54lzz0rk22gvqgcn8fr5tx4rzwdv5wv5j9dmnacgefvd7wzsy2j2mr","2026-08-31T13:36:34Z","2026-08-31T13:36:34Z","2026-08-31T13:36:52Z","18","00:00:18","489.6116085780461","FNX",,"Not Refunded","executed","received","False","True","0x9ffd0ddc4f3f45cd8206e806b1d810941f01876e7276676f8c50b63bf490c062","0x9ffd0ddc4f3f45cd8206e806b1d810941f01876e7276676f8c50b63bf490c062-6","Axelar Network (GMP)","https://api.axelarscan.io (public GMP Explorer API)"
"osmosis : osmo1n6ney9tsf55etz9nrmzyd8wa7e64qd3s06a74fqs30ka8pps6cvqtsycr6","base : 0xce16F69375520ab01377ce7B88f5BA8C48F8D666","osmosis","base","osmo1n6ney9tsf55etz9nrmzyd8wa7e64qd3s06a74fqs30ka8pps6cvqtsycr6","0xce16F69375520ab01377ce7B88f5BA8C48F8D666","2026-08-31T13:36:31Z","2026-08-31T13:36:31Z","2026-08-31T13:37:07Z","36","00:00:36","0.338938","axlUSDC","0.338882414168","Pending Refund","executed","received","False","True","9705EC7CE5A7E9B4C6A94DD9DA58E8A42F1293126BBC797E961229908B672697","0x00019470a6f94245fd01609c7b741959868beb7e4436f4df1a0e16bf04df3463-7095923","Axelar Network (GMP)","https://api.axelarscan.io (public GMP Explorer API)"
"avalanche : 0xBeB12d8861765c850E8426Cc5c6a5207222f2477","Arbitrum : 0xEF1cE4489962E6d6D6BE8066E160B2799610cB85","avalanche","Arbitrum","0xBeB12d8861765c850E8426Cc5c6a5207222f2477","0xEF1cE4489962E6d6D6BE8066E160B2799610cB85","2026-08-31T13:35:10Z","2026-08-31T13:35:10Z","2026-08-31T13:35:54Z","44","00:00:44","0.143322","axlUSDC","0.143298495192","Not Refunded","executed","received","False","True","0x499fe200e17ba0fed87850f9a10570fc94d0f8be24a914abf384406836635337","0x499fe200e17ba0fed87850f9a10570fc94d0f8be24a914abf384406836635337-14","Axelar Network (GMP)","https://api.axelarscan.io (public GMP Explorer API)"
"avalanche : 0xce16F69375520ab01377ce7B88f5BA8C48F8D666","osmosis : osmo1j5mzxyej2rk0v48exukax7tn2w9axq8jft4ng3","avalanche","osmosis","0xce16F69375520ab01377ce7B88f5BA8C48F8D666","osmo1j5mzxyej2rk0v48exukax7tn2w9axq8jft4ng3","2026-08-31T13:30:57Z","2026-08-31T13:30:57Z","2026-08-31T13:31:22Z","25","00:00:25","115.326703","axlUSDC","115.31286379564","Not Refunded","executed","received","False","True","0x57b25db1708f5d88dc7aaebbebc018818e2696f2dba06836cfee1e8ab7d28fbd","0x57b25db1708f5d88dc7aaebbebc018818e2696f2dba06836cfee1e8ab7d28fbd-14","Axelar Network (GMP)","https://api.axelarscan.io (public GMP Explorer API)"
"arbitrum : 0xB5FB4BE02232B1bBA4dC8f81dc24C26980dE9e3C","axelar : axelar1aqcj54lzz0rk22gvqgcn8fr5tx4rzwdv5wv5j9dmnacgefvd7wzsy2j2mr","arbitrum","axelar","0xB5FB4BE02232B1bBA4dC8f81dc24C26980dE9e3C","axelar1aqcj54lzz0rk22gvqgcn8fr5tx4rzwdv5wv5j9dmnacgefvd7wzsy2j2mr","2026-08-31T13:29:40Z","2026-08-31T13:29:40Z","2026-08-31T13:51:07Z","1287","00:21:27","50121.358098432844","ATH","246.2808160746885","Not Refunded","executed","received","False","True","0x914e8369c49825e8cf10b1b0aace9df739c5d129eebc032e1f57dcbbcb44db95","0x914e8369c49825e8cf10b1b0aace9df739c5d129eebc032e1f57dcbbcb44db95-12","Axelar Network (GMP)","https://api.axelarscan.io (public GMP Explorer API)"
"arbitrum : 0xB5FB4BE02232B1bBA4dC8f81dc24C26980dE9e3C","axelar : axelar1aqcj54lzz0rk22gvqgcn8fr5tx4rzwdv5wv5j9dmnacgefvd7wzsy2j2mr","arbitrum","axelar","0xB5FB4BE02232B1bBA4dC8f81dc24C26980dE9e3C","axelar1aqcj54lzz0rk22gvqgcn8fr5tx4rzwdv5wv5j9dmnacgefvd7wzsy2j2mr","2026-08-31T13:29:38Z","2026-08-31T13:29:38Z","2026-08-31T13:51:06Z","1288","00:21:28","201769.14593120455","ATH","991.4310346707005","Not Refunded","executed","received","False","True","0x0c4a934eebc28cadea3a17d840dff1cc540adbdccddb39f1335f6f02c6c69083","0x0c4a934eebc28cadea3a17d840dff1cc540adbdccddb39f1335f6f02c6c69083-3","Axelar Network (GMP)","https://api.axelarscan.io (public GMP Explorer API)"
"osmosis : osmo1m8wg4vxkefhs374qxmmqpyusgz289wmulex5qdwpfx7jnrxzer5s9cv83q","Ethereum : 0xB773bCc5B325ad9AC6B36e1A046AD4466833A16E","osmosis","Ethereum","osmo1m8wg4vxkefhs374qxmmqpyusgz289wmulex5qdwpfx7jnrxzer5s9cv83q","0xB773bCc5B325ad9AC6B36e1A046AD4466833A16E","2026-08-31T13:28:40Z","2026-08-31T13:28:40Z","2026-08-31T13:31:47Z","187","00:03:07","183.576575","axlUSDC","183.554545811","Pending Refund","executed","received","False","True","59DB646495C133568ECD51C3C5580B423F5B4DE788FE1054E36706E68F8578D5","0x04bb957cf12d95749917995d6ee72467bdd97b026411fa31e612bb5304f40ef6-7095922","Axelar Network (GMP)","https://api.axelarscan.io (public GMP Explorer API)"
"binance : 0xce16F69375520ab01377ce7B88f5BA8C48F8D666","Ethereum : 0xce16F69375520ab01377ce7B88f5BA8C48F8D666","binance","Ethereum","0xce16F69375520ab01377ce7B88f5BA8C48F8D666","0xce16F69375520ab01377ce7B88f5BA8C48F8D666","2026-08-31T13:27:03Z","2026-08-31T13:27:03Z","2026-08-31T13:28:47Z","104","00:01:44","4.960903","axlUSDC","4.960327535252","Not Refunded","executed","received","False","True","0x527ddd02b94062c7de28dc059c55574a722d41da18cb03f52921c94fa4c52ed9","0x527ddd02b94062c7de28dc059c55574a722d41da18cb03f52921c94fa4c52ed9-12","Axelar Network (GMP)","https://api.axelarscan.io (public GMP Explorer API)"
"osmosis : osmo1n6ney9tsf55etz9nrmzyd8wa7e64qd3s06a74fqs30ka8pps6cvqtsycr6","binance : 0xce16F69375520ab01377ce7B88f5BA8C48F8D666","osmosis","binance","osmo1n6ney9tsf55etz9nrmzyd8wa7e64qd3s06a74fqs30ka8pps6cvqtsycr6","0xce16F69375520ab01377ce7B88f5BA8C48F8D666","2026-08-31T13:26:00Z","2026-08-31T13:26:00Z","2026-08-31T13:26:30Z","30","00:00:30","0.58768","axlUSDC","0.58761182912","Pending Refund","executed","received","False","True","56A9E1E66207660CC6BA1EAA99D615F3D77D9FAFB01EB14CD5857307AD1CF743","0x8be162744012ee829ae2f4d2c071b04f89d3068cb280b1b1f662c51385ea7e0d-7095921","Axelar Network (GMP)","https://api.axelarscan.io (public GMP Explorer API)"
"axelar : axelar1aqcj54lzz0rk22gvqgcn8fr5tx4rzwdv5wv5j9dmnacgefvd7wzsy2j2mr","ethereum : 0xB5FB4BE02232B1bBA4dC8f81dc24C26980dE9e3C","axelar","ethereum","axelar1aqcj54lzz0rk22gvqgcn8fr5tx4rzwdv5wv5j9dmnacgefvd7wzsy2j2mr","0xB5FB4BE02232B1bBA4dC8f81dc24C26980dE9e3C","2026-08-31T13:25:26Z","2026-08-31T13:25:26Z","2026-08-31T13:26:23Z","57","00:00:57","50013.22836501205","ATH","0","Pending Refund","executed","received","False","False","C933AD32D1C5E8635846006ADFE5707843F5BC34C62AC1D2484951DBA42A78EB","0xc933ad32d1c5e8635846006adfe5707843f5bc34c62ac1d2484951dba42a78eb-7095920","Axelar Network (GMP)","https://api.axelarscan.io (public GMP Explorer API)"
"axelar : axelar1aqcj54lzz0rk22gvqgcn8fr5tx4rzwdv5wv5j9dmnacgefvd7wzsy2j2mr","base : 0xB5FB4BE02232B1bBA4dC8f81dc24C26980dE9e3C","axelar","base","axelar1aqcj54lzz0rk22gvqgcn8fr5tx4rzwdv5wv5j9dmnacgefvd7wzsy2j2mr","0xB5FB4BE02232B1bBA4dC8f81dc24C26980dE9e3C","2026-08-31T13:24:09Z","2026-08-31T13:24:09Z","2026-08-31T13:24:39Z","30","00:00:30","185025134.34848282","DRAGONX",,"Pending Refund","executed","received","False","False","B43386EAA415CCC88193E536C31E3DD15AD316E73D87E8CD541425913283CB43","0xb43386eaa415ccc88193e536c31e3dd15ad316e73d87e8cd541425913283cb43-7095913","Axelar Network (GMP)","https://api.axelarscan.io (public GMP Explorer API)"
"avalanche : 0xce16F69375520ab01377ce7B88f5BA8C48F8D666","osmosis : osmo1j5mzxyej2rk0v48exukax7tn2w9axq8jft4ng3","avalanche","osmosis","0xce16F69375520ab01377ce7B88f5BA8C48F8D666","osmo1j5mzxyej2rk0v48exukax7tn2w9axq8jft4ng3","2026-08-31T13:22:32Z","2026-08-31T13:22:32Z","2026-08-31T13:22:58Z","26","00:00:26","107.020959","axlUSDC","107.00608308669901","Not Refunded","executed","received","False","True","0x0e44df2d69b5eedb3a842b90e670eb1fadc2d582240e5b4f8b62205c216fa897","0x0e44df2d69b5eedb3a842b90e670eb1fadc2d582240e5b4f8b62205c216fa897-14","Axelar Network (GMP)","https://api.axelarscan.io (public GMP Explorer API)"
"ethereum : 0x4f49B53928A71E553bB1B0F66a5BcB54Fd4E8932","immutable : 0x4f49B53928A71E553bB1B0F66a5BcB54Fd4E8932","ethereum","immutable","0x4f49B53928A71E553bB1B0F66a5BcB54Fd4E8932","0x4f49B53928A71E553bB1B0F66a5BcB54Fd4E8932","2026-08-31T13:18:59Z","2026-08-31T13:18:59Z","2026-08-31T13:37:29Z","1110","00:18:30",,,,"Not Refunded","executed","received","False","True","0x6f11466fcb6e9e28b155755c9666b74e52e750dd674a331679563af3b3bf3c61","0x6f11466fcb6e9e28b155755c9666b74e52e750dd674a331679563af3b3bf3c61-1","Axelar Network (GMP)","https://api.axelarscan.io (public GMP Explorer API)"
"optimism : 0xaaa6A279fC98b9bF94bD479C90D701417e361fc2","Ethereum : 0xaaa6a279fc98b9bf94bd479c90d701417e361fc2","optimism","Ethereum","0xaaa6A279fC98b9bF94bD479C90D701417e361fc2","0xaaa6a279fc98b9bf94bd479c90d701417e361fc2","2026-08-31T13:18:21Z","2026-08-31T13:18:21Z","2026-08-31T13:45:35Z","1634","00:27:14",,,,"Not Refunded","executed","received","False","True","0x741c315ffb36f3f57664b95c9cc8902f328ee73504a4992267a9b9228233a238","0x741c315ffb36f3f57664b95c9cc8902f328ee73504a4992267a9b9228233a238-3","Axelar Network (GMP)","https://api.axelarscan.io (public GMP Explorer API)"
"immutable : 0x4f49B53928A71E553bB1B0F66a5BcB54Fd4E8932","Ethereum : 0x4f49B53928A71E553bB1B0F66a5BcB54Fd4E8932","immutable","Ethereum","0x4f49B53928A71E553bB1B0F66a5BcB54Fd4E8932","0x4f49B53928A71E553bB1B0F66a5BcB54Fd4E8932","2026-08-31T13:16:59Z","2026-08-31T13:16:59Z","2026-08-31T13:18:23Z","84","00:01:24",,,,"Not Refunded","executed","received","False","True","0x4b8f404d100961eca0055a8b8320b7eac8c5e519098740e4dab1a6d5fb14023f","0x4b8f404d100961eca0055a8b8320b7eac8c5e519098740e4dab1a6d5fb14023f-5","Axelar Network (GMP)","https://api.axelarscan.io (public GMP Explorer API)"
"osmosis : osmo1n6ney9tsf55etz9nrmzyd8wa7e64qd3s06a74fqs30ka8pps6cvqtsycr6","Ethereum : 0xce16F69375520ab01377ce7B88f5BA8C48F8D666","osmosis","Ethereum","osmo1n6ney9tsf55etz9nrmzyd8wa7e64qd3s06a74fqs30ka8pps6cvqtsycr6","0xce16F69375520ab01377ce7B88f5BA8C48F8D666","2026-08-31T13:16:52Z","2026-08-31T13:16:52Z","2026-08-31T13:18:23Z","91","00:01:31","0.006361232492283772","axlETH","15.606011673319781","Pending Refund","executed","received","False","True","446D129B71CFFEC92F731F7A5F011A55B806E764F090C7C0046287942B2391A7","0x877c158b113f4829511b40cfee02a2f3e7268b59d08cf3b1c6f3c09384a49ba0-7095907","Axelar Network (GMP)","https://api.axelarscan.io (public GMP Explorer API)"
"ethereum : 0xce16F69375520ab01377ce7B88f5BA8C48F8D666","immutable : 0xce16F69375520ab01377ce7B88f5BA8C48F8D666","ethereum","immutable","0xce16F69375520ab01377ce7B88f5BA8C48F8D666","0xce16F69375520ab01377ce7B88f5BA8C48F8D666","2026-08-31T13:15:11Z","2026-08-31T13:15:11Z","2026-08-31T13:31:15Z","964","00:16:04","2.451077","USDC","2.450768164298","Not Refunded","executed","received","False","True","0x4cb1f06052d60473e818de4c9b09c176fa58fc8eaf4f21a4d7e3ea053c99a7d6","0x4cb1f06052d60473e818de4c9b09c176fa58fc8eaf4f21a4d7e3ea053c99a7d6-7","Axelar Network (GMP)","https://api.axelarscan.io (public GMP Explorer API)"
"avalanche : 0xce16F69375520ab01377ce7B88f5BA8C48F8D666","osmosis : osmo1j5mzxyej2rk0v48exukax7tn2w9axq8jft4ng3","avalanche","osmosis","0xce16F69375520ab01377ce7B88f5BA8C48F8D666","osmo1j5mzxyej2rk0v48exukax7tn2w9axq8jft4ng3","2026-08-31T13:14:57Z","2026-08-31T13:14:57Z","2026-08-31T13:15:23Z","26","00:00:26","97.57331","axlUSDC","97.56101576294002","Not Refunded","executed","received","False","True","0xb90ae0b47d7f9ba8c26bebaab936b8d81a113b0d0222ad31210bcd3c65b78ddd","0xb90ae0b47d7f9ba8c26bebaab936b8d81a113b0d0222ad31210bcd3c65b78ddd-14","Axelar Network (GMP)","https://api.axelarscan.io (public GMP Explorer API)"
"axelar : axelar1aqcj54lzz0rk22gvqgcn8fr5tx4rzwdv5wv5j9dmnacgefvd7wzsy2j2mr","optimism : 0xB5FB4BE02232B1bBA4dC8f81dc24C26980dE9e3C","axelar","optimism","axelar1aqcj54lzz0rk22gvqgcn8fr5tx4rzwdv5wv5j9dmnacgefvd7wzsy2j2mr","0xB5FB4BE02232B1bBA4dC8f81dc24C26980dE9e3C","2026-08-31T13:13:07Z","2026-08-31T13:13:07Z","2026-08-31T13:13:33Z","26","00:00:26","326.23839337393093","FNX",,"Not Refunded","executed","received","False","False","3828CB13FD6F6D10AB420B93DFADFC0D74711775228FD5FE6C853D799BBC1F40","0x3828cb13fd6f6d10ab420b93dfadfc0d74711775228fd5fe6c853d799bbc1f40-7095906","Axelar Network (GMP)","https://api.axelarscan.io (public GMP Explorer API)"
"polygon : 0xB5FB4BE02232B1bBA4dC8f81dc24C26980dE9e3C","axelar : axelar1aqcj54lzz0rk22gvqgcn8fr5tx4rzwdv5wv5j9dmnacgefvd7wzsy2j2mr","polygon","axelar","0xB5FB4BE02232B1bBA4dC8f81dc24C26980dE9e3C","axelar1aqcj54lzz0rk22gvqgcn8fr5tx4rzwdv5wv5j9dmnacgefvd7wzsy2j2mr","2026-08-31T13:12:48Z","2026-08-31T13:12:48Z","2026-08-31T13:13:07Z","19","00:00:19","326.23839337393093","FNX",,"Not Refunded","executed","received","False","True","0xe996025603d945e30d472b36361507debd784b7780222cdeb25c174e778c32bc","0xe996025603d945e30d472b36361507debd784b7780222cdeb25c174e778c32bc-6","Axelar Network (GMP)","https://api.axelarscan.io (public GMP Explorer API)"
"polygon : 0xce16F69375520ab01377ce7B88f5BA8C48F8D666","Ethereum : 0xce16F69375520ab01377ce7B88f5BA8C48F8D666","polygon","Ethereum","0xce16F69375520ab01377ce7B88f5BA8C48F8D666","0xce16F69375520ab01377ce7B88f5BA8C48F8D666","2026-08-31T13:12:03Z","2026-08-31T13:12:03Z","2026-08-31T13:13:47Z","104","00:01:44","29.128175","axlUSDC","29.1245631063","Not Refunded","executed","received","False","True","0xd5dc476212c7df333936bed0d1b1bedff042299351c2774f1ab700bd554afb67","0xd5dc476212c7df333936bed0d1b1bedff042299351c2774f1ab700bd554afb67-39","Axelar Network (GMP)","https://api.axelarscan.io (public GMP Explorer API)"
"osmosis : osmo1n6ney9tsf55etz9nrmzyd8wa7e64qd3s06a74fqs30ka8pps6cvqtsycr6","base : 0xce16F69375520ab01377ce7B88f5BA8C48F8D666","osmosis","base","osmo1n6ney9tsf55etz9nrmzyd8wa7e64qd3s06a74fqs30ka8pps6cvqtsycr6","0xce16F69375520ab01377ce7B88f5BA8C48F8D666","2026-08-31T13:11:29Z","2026-08-31T13:11:29Z","2026-08-31T13:12:09Z","40","00:00:40","39.884339","axlUSDC","39.879393341964","Pending Refund","executed","received","False","True","086C40C49DCABB461E7A68432BC4C202F8A8DBE438C2014889D45E23F86F1159","0x577f33228aaa7bb4b5aafc12087a1ee00619c4416746a16ed225837273ac5835-7095900","Axelar Network (GMP)","https://api.axelarscan.io (public GMP Explorer API)"
"binance : 0xce16F69375520ab01377ce7B88f5BA8C48F8D666","base : 0xce16F69375520ab01377ce7B88f5BA8C48F8D666","binance","base","0xce16F69375520ab01377ce7B88f5BA8C48F8D666","0xce16F69375520ab01377ce7B88f5BA8C48F8D666","2026-08-31T13:07:02Z","2026-08-31T13:07:02Z","2026-08-31T13:08:09Z","67","00:01:07","365.938252","axlUSDC","365.87823812667193","Not Refunded","executed","received","False","True","0x3298f2443736da074b9f66dd9bbe6defee1f897f39b43d5d8cb5924fec10ae07","0x3298f2443736da074b9f66dd9bbe6defee1f897f39b43d5d8cb5924fec10ae07-15","Axelar Network (GMP)","https://api.axelarscan.io (public GMP Explorer API)"
"binance : 0x43d090025aAA6C8693B71952B910AC55CcB56bBb","osmosis : osmo173adwu8q6xfww53rhwtlxhjyafav74k6qsu9a7","binance","osmosis","0x43d090025aAA6C8693B71952B910AC55CcB56bBb","osmo173adwu8q6xfww53rhwtlxhjyafav74k6qsu9a7","2026-08-31T13:06:01Z","2026-08-31T13:06:01Z","2026-08-31T13:06:14Z","13","00:00:13","4763.27","AXL","215.32785966030002","Not Refunded","executed","received","False","True","0x47bb52efcfcfb0d722347bb736af24faf343106c220efd32805ffde5946b65b7","0x47bb52efcfcfb0d722347bb736af24faf343106c220efd32805ffde5946b65b7-3","Axelar Network (GMP)","https://api.axelarscan.io (public GMP Explorer API)"
"axelar : axelar1aqcj54lzz0rk22gvqgcn8fr5tx4rzwdv5wv5j9dmnacgefvd7wzsy2j2mr","binance : 0xB5FB4BE02232B1bBA4dC8f81dc24C26980dE9e3C","axelar","binance","axelar1aqcj54lzz0rk22gvqgcn8fr5tx4rzwdv5wv5j9dmnacgefvd7wzsy2j2mr","0xB5FB4BE02232B1bBA4dC8f81dc24C26980dE9e3C","2026-08-31T13:05:08Z","2026-08-31T13:05:08Z","2026-08-31T13:05:25Z","17","00:00:17","15351851000.267334","MANYU","0","Pending Refund","executed","received","False","False","3FFF6E3D5155E991B99E986FF83D7EC2730499A3CCB9A40F2270CBE36576331F","0x3fff6e3d5155e991b99e986ff83d7ec2730499a3ccb9a40f2270cbe36576331f-7095899","Axelar Network (GMP)","https://api.axelarscan.io (public GMP Explorer API)"
"ethereum : 0xB5FB4BE02232B1bBA4dC8f81dc24C26980dE9e3C","axelar : axelar1aqcj54lzz0rk22gvqgcn8fr5tx4rzwdv5wv5j9dmnacgefvd7wzsy2j2mr","ethereum","axelar","0xB5FB4BE02232B1bBA4dC8f81dc24C26980dE9e3C","axelar1aqcj54lzz0rk22gvqgcn8fr5tx4rzwdv5wv5j9dmnacgefvd7wzsy2j2mr","2026-08-31T13:04:59Z","2026-08-31T13:04:59Z","2026-08-31T13:24:09Z","1150","00:19:10","185025134.34848282","DRAGONX",,"Not Refunded","executed","received","False","True","0x111098d5ba190436d095c6a0ad9e366faae85e9555abad7b761bbb92d834544f","0x111098d5ba190436d095c6a0ad9e366faae85e9555abad7b761bbb92d834544f-28","Axelar Network (GMP)","https://api.axelarscan.io (public GMP Explorer API)"
"arbitrum : 0xB5FB4BE02232B1bBA4dC8f81dc24C26980dE9e3C","axelar : axelar1aqcj54lzz0rk22gvqgcn8fr5tx4rzwdv5wv5j9dmnacgefvd7wzsy2j2mr","arbitrum","axelar","0xB5FB4BE02232B1bBA4dC8f81dc24C26980dE9e3C","axelar1aqcj54lzz0rk22gvqgcn8fr5tx4rzwdv5wv5j9dmnacgefvd7wzsy2j2mr","2026-08-31T13:04:04Z","2026-08-31T13:04:04Z","2026-08-31T13:25:26Z","1282","00:21:22","50013.22836501205","ATH","246.40917456701058","Not Refunded","executed","received","False","True","0x931b429bc6a569ed5f6d087f7543f4ff4e004620cbf6b16322cab93be3a8b72b","0x931b429bc6a569ed5f6d087f7543f4ff4e004620cbf6b16322cab93be3a8b72b-12","Axelar Network (GMP)","https://api.axelarscan.io (public GMP Explorer API)"
"binance : 0x43d090025aAA6C8693B71952B910AC55CcB56bBb","osmosis : osmo173adwu8q6xfww53rhwtlxhjyafav74k6qsu9a7","binance","osmosis","0x43d090025aAA6C8693B71952B910AC55CcB56bBb","osmo173adwu8q6xfww53rhwtlxhjyafav74k6qsu9a7","2026-08-31T13:03:51Z","2026-08-31T13:03:51Z","2026-08-31T13:04:06Z","15","00:00:15","5057.16","AXL","231.86668970039997","Not Refunded","executed","received","False","True","0x45c9c4d3e99e82ce64b12f8c9f669193903927e8498d578fde926eb7ab4604d6","0x45c9c4d3e99e82ce64b12f8c9f669193903927e8498d578fde926eb7ab4604d6-3","Axelar Network (GMP)","https://api.axelarscan.io (public GMP Explorer API)"
"polygon : 0xce16F69375520ab01377ce7B88f5BA8C48F8D666","base : 0xce16F69375520ab01377ce7B88f5BA8C48F8D666","polygon","base","0xce16F69375520ab01377ce7B88f5BA8C48F8D666","0xce16F69375520ab01377ce7B88f5BA8C48F8D666","2026-08-31T13:02:28Z","2026-08-31T13:02:28Z","2026-08-31T13:03:39Z","71","00:01:11","996.918486","axlUSDC","996.746019101922","Not Refunded","executed","received","False","True","0xf690c28501e87434b9097fa12d26ce80236b4835ba9215c342833fcdf1a8544a","0xf690c28501e87434b9097fa12d26ce80236b4835ba9215c342833fcdf1a8544a-15","Axelar Network (GMP)","https://api.axelarscan.io (public GMP Explorer API)"
"binance : 0xce16F69375520ab01377ce7B88f5BA8C48F8D666","Polygon : 0xce16F69375520ab01377ce7B88f5BA8C48F8D666","binance","Polygon","0xce16F69375520ab01377ce7B88f5BA8C48F8D666","0xce16F69375520ab01377ce7B88f5BA8C48F8D666","2026-08-31T12:57:38Z","2026-08-31T12:57:38Z","2026-08-31T12:58:31Z","53","00:00:53","142.272742","axlUSDC","142.25168563418399","Not Refunded","executed","received","False","True","0x1cc889524a3af7045cfc176dfa46faefc9b923992dd33a64f6a07a83b2795336","0x1cc889524a3af7045cfc176dfa46faefc9b923992dd33a64f6a07a83b2795336-13","Axelar Network (GMP)","https://api.axelarscan.io (public GMP Explorer API)"
"monad : 0x50beAbe4883981624aEa01F737B040d1e3Fe83FB","ethereum : 0x50beAbe4883981624aEa01F737B040d1e3Fe83FB","monad","ethereum","0x50beAbe4883981624aEa01F737B040d1e3Fe83FB","0x50beAbe4883981624aEa01F737B040d1e3Fe83FB","2026-08-31T12:55:01Z","2026-08-31T12:55:01Z","2026-08-31T12:56:23Z","82","00:01:22",,,,"Not Refunded","executed","received","False","True","0xa61c207aeb7e11ee81fb554d6ed2f21f19e9a6e507829b024c29add06d7db438","0xa61c207aeb7e11ee81fb554d6ed2f21f19e9a6e507829b024c29add06d7db438-8","Axelar Network (GMP)","https://api.axelarscan.io (public GMP Explorer API)"
"filecoin : 0xce16F69375520ab01377ce7B88f5BA8C48F8D666","binance : 0xce16F69375520ab01377ce7B88f5BA8C48F8D666","filecoin","binance","0xce16F69375520ab01377ce7B88f5BA8C48F8D666","0xce16F69375520ab01377ce7B88f5BA8C48F8D666","2026-08-31T12:54:30Z","2026-08-31T12:54:30Z","2026-08-31T13:12:00Z","1050","00:17:30","673.422741","axlUSDC","673.3230744343319","Not Refunded","executed","received","False","True","0x010c21f7e6e1d8efd3ab9642da9cfea3c68e59eb7a7f1410a89dd9b2c1420ef0","0x010c21f7e6e1d8efd3ab9642da9cfea3c68e59eb7a7f1410a89dd9b2c1420ef0-13","Axelar Network (GMP)","https://api.axelarscan.io (public GMP Explorer API)"
"osmosis : osmo1n6ney9tsf55etz9nrmzyd8wa7e64qd3s06a74fqs30ka8pps6cvqtsycr6","base : 0xce16F69375520ab01377ce7B88f5BA8C48F8D666","osmosis","base","osmo1n6ney9tsf55etz9nrmzyd8wa7e64qd3s06a74fqs30ka8pps6cvqtsycr6","0xce16F69375520ab01377ce7B88f5BA8C48F8D666","2026-08-31T12:52:04Z","2026-08-31T12:52:04Z","2026-08-31T12:52:39Z","35","00:00:35","0.990293","axlUSDC","0.990153368687","Pending Refund","executed","received","False","True","99FE52215B42978F107208AF5334826522CD8F36BD68B72791E613B2C95C7F2F","0xa58b85ff6bf0ac3adfd644d5d9a1ee212d5f933a876d3f42e0f1af2c4dc70228-7095821","Axelar Network (GMP)","https://api.axelarscan.io (public GMP Explorer API)"
"polygon : 0xce16F69375520ab01377ce7B88f5BA8C48F8D666","base : 0xce16F69375520ab01377ce7B88f5BA8C48F8D666","polygon","base","0xce16F69375520ab01377ce7B88f5BA8C48F8D666","0xce16F69375520ab01377ce7B88f5BA8C48F8D666","2026-08-31T12:52:00Z","2026-08-31T12:52:00Z","2026-08-31T12:53:09Z","69","00:01:09","999.692696","axlUSDC","999.5517393298641","Not Refunded","executed","received","False","True","0xfe24fe6b89d16bebf378c1af963b98653484d9280db5416e0817d60fbb14a853","0xfe24fe6b89d16bebf378c1af963b98653484d9280db5416e0817d60fbb14a853-15","Axelar Network (GMP)","https://api.axelarscan.io (public GMP Explorer API)"
"base : 0xce16F69375520ab01377ce7B88f5BA8C48F8D666","Avalanche : 0xce16F69375520ab01377ce7B88f5BA8C48F8D666","base","Avalanche","0xce16F69375520ab01377ce7B88f5BA8C48F8D666","0xce16F69375520ab01377ce7B88f5BA8C48F8D666","2026-08-31T12:51:31Z","2026-08-31T12:51:31Z","2026-08-31T13:18:24Z","1613","00:26:53","243.444573","axlUSDC","243.41024731520702","Not Refunded","executed","received","False","True","0x3f0f3e7e36c4df07c0d3380be0edccd02cde989fb819bc4bf2c3cbee60776a0a","0x3f0f3e7e36c4df07c0d3380be0edccd02cde989fb819bc4bf2c3cbee60776a0a-7","Axelar Network (GMP)","https://api.axelarscan.io (public GMP Explorer API)"
"immutable : 0xce16F69375520ab01377ce7B88f5BA8C48F8D666","binance : 0xce16F69375520ab01377ce7B88f5BA8C48F8D666","immutable","binance","0xce16F69375520ab01377ce7B88f5BA8C48F8D666","0xce16F69375520ab01377ce7B88f5BA8C48F8D666","2026-08-31T12:51:05Z","2026-08-31T12:51:05Z","2026-08-31T12:51:40Z","35","00:00:35","13.055695","axlUSDC","13.053854147005001","Not Refunded","executed","received","False","True","0xdc60ea346290e6e159e5d5021f56993417145ff8ed6e678d726c97d488a57091","0xdc60ea346290e6e159e5d5021f56993417145ff8ed6e678d726c97d488a57091-16","Axelar Network (GMP)","https://api.axelarscan.io (public GMP Explorer API)"
"immutable : 0xce16F69375520ab01377ce7B88f5BA8C48F8D666","binance : 0xce16F69375520ab01377ce7B88f5BA8C48F8D666","immutable","binance","0xce16F69375520ab01377ce7B88f5BA8C48F8D666","0xce16F69375520ab01377ce7B88f5BA8C48F8D666","2026-08-31T12:50:11Z","2026-08-31T12:50:11Z","2026-08-31T12:50:45Z","34","00:00:34","12.918599","axlUSDC","12.916777477541","Not Refunded","executed","received","False","True","0xd25c1ff66f93b75536cfda4d001ad329084e531cf4975a2cae708938936e29ea","0xd25c1ff66f93b75536cfda4d001ad329084e531cf4975a2cae708938936e29ea-12","Axelar Network (GMP)","https://api.axelarscan.io (public GMP Explorer API)"
"lava : lava@1quu6dt404a6a77x5nn3jnnh4l0w8c77mvahyhg","arbitrum : 0xce16F69375520ab01377ce7B88f5BA8C48F8D666","lava","arbitrum","lava@1quu6dt404a6a77x5nn3jnnh4l0w8c77mvahyhg","0xce16F69375520ab01377ce7B88f5BA8C48F8D666","2026-08-31T12:49:40Z","2026-08-31T12:49:40Z","2026-08-31T12:50:58Z","78","00:01:18","29997.223007","LAVA","584.5555847651789","Pending Refund","executed","received","False","True","334667D160B516BF97CD984AE5167856526D981A32D7A71B59D41F1DCC7C0729","0x1f8a14421719decf24513485a003e0a91febb85ff52ceb71a3b6f9b71f958ba9-7095820","Axelar Network (GMP)","https://api.axelarscan.io (public GMP Explorer API)"
"monad : 0x50beAbe4883981624aEa01F737B040d1e3Fe83FB","ethereum : 0x50beAbe4883981624aEa01F737B040d1e3Fe83FB","monad","ethereum","0x50beAbe4883981624aEa01F737B040d1e3Fe83FB","0x50beAbe4883981624aEa01F737B040d1e3Fe83FB","2026-08-31T12:49:40Z","2026-08-31T12:49:40Z","2026-08-31T12:51:47Z","127","00:02:07",,,,"Not Refunded","executed","received","False","True","0x93781acb4f3fa1ab27e8158396af402670ce4d94d35f57d9e986faee6236622c","0x93781acb4f3fa1ab27e8158396af402670ce4d94d35f57d9e986faee6236622c-8","Axelar Network (GMP)","https://api.axelarscan.io (public GMP Explorer API)"
"ethereum : 0xB5FB4BE02232B1bBA4dC8f81dc24C26980dE9e3C","axelar : axelar1aqcj54lzz0rk22gvqgcn8fr5tx4rzwdv5wv5j9dmnacgefvd7wzsy2j2mr","ethereum","axelar","0xB5FB4BE02232B1bBA4dC8f81dc24C26980dE9e3C","axelar1aqcj54lzz0rk22gvqgcn8fr5tx4rzwdv5wv5j9dmnacgefvd7wzsy2j2mr","2026-08-31T12:47:23Z","2026-08-31T12:47:23Z","2026-08-31T13:05:08Z","1065","00:17:45","15351851000.267334","MANYU","85.50981007148906","Not Refunded","executed","received","False","True","0xb22433c42d02db0e847b3032455ff3b369b74514a59b548810f4991fc4b20fc8","0xb22433c42d02db0e847b3032455ff3b369b74514a59b548810f4991fc4b20fc8-14","Axelar Network (GMP)","https://api.axelarscan.io (public GMP Explorer API)"
"polygon : 0xce16F69375520ab01377ce7B88f5BA8C48F8D666","base : 0xce16F69375520ab01377ce7B88f5BA8C48F8D666","polygon","base","0xce16F69375520ab01377ce7B88f5BA8C48F8D666","0xce16F69375520ab01377ce7B88f5BA8C48F8D666","2026-08-31T12:46:54Z","2026-08-31T12:46:54Z","2026-08-31T12:48:09Z","75","00:01:15","1000.258824","axlUSDC","1000.081778188152","Not Refunded","executed","received","False","True","0xfd2fd4458f5cbd0120ceab1d4c24e6b894d2dd255a2461f8dccb3ef99999ae9b","0xfd2fd4458f5cbd0120ceab1d4c24e6b894d2dd255a2461f8dccb3ef99999ae9b-15","Axelar Network (GMP)","https://api.axelarscan.io (public GMP Explorer API)"
"base : 0xce16F69375520ab01377ce7B88f5BA8C48F8D666","Ethereum : 0xce16F69375520ab01377ce7B88f5BA8C48F8D666","base","Ethereum","0xce16F69375520ab01377ce7B88f5BA8C48F8D666","0xce16F69375520ab01377ce7B88f5BA8C48F8D666","2026-08-31T12:45:27Z","2026-08-31T12:45:27Z","2026-08-31T13:13:47Z","1700","00:28:20","5428.412465","axlUSDC","5427.451635993695","Not Refunded","executed","received","False","True","0x689e490371c70931126f0d159cc662d10ae60f8acc4a9dd64e8d0de747bb245a","0x689e490371c70931126f0d159cc662d10ae60f8acc4a9dd64e8d0de747bb245a-10","Axelar Network (GMP)","https://api.axelarscan.io (public GMP Explorer API)"
"filecoin : 0xce16F69375520ab01377ce7B88f5BA8C48F8D666","binance : 0xce16F69375520ab01377ce7B88f5BA8C48F8D666","filecoin","binance","0xce16F69375520ab01377ce7B88f5BA8C48F8D666","0xce16F69375520ab01377ce7B88f5BA8C48F8D666","2026-08-31T12:41:30Z","2026-08-31T12:41:30Z","2026-08-31T12:59:00Z","1050","00:17:30","676.062887","axlUSDC","675.943223869001","Not Refunded","executed","received","False","True","0xc8e37f67965910c35a5670cd8c12f0b6ec0249fb1bd3996cf185fc1f3e7de440","0xc8e37f67965910c35a5670cd8c12f0b6ec0249fb1bd3996cf185fc1f3e7de440-8","Axelar Network (GMP)","https://api.axelarscan.io (public GMP Explorer API)"
"binance : 0x43d090025aAA6C8693B71952B910AC55CcB56bBb","osmosis : osmo173adwu8q6xfww53rhwtlxhjyafav74k6qsu9a7","binance","osmosis","0x43d090025aAA6C8693B71952B910AC55CcB56bBb","osmo173adwu8q6xfww53rhwtlxhjyafav74k6qsu9a7","2026-08-31T12:41:20Z","2026-08-31T12:41:20Z","2026-08-31T12:41:42Z","22","00:00:22","4892.84","AXL","226.7440402084","Not Refunded","executed","received","False","True","0x4ff303cb4ca89fe3819b3a2dc879ddf7520f1ecfffe19ad2a1ce2a26a0f4334c","0x4ff303cb4ca89fe3819b3a2dc879ddf7520f1ecfffe19ad2a1ce2a26a0f4334c-3","Axelar Network (GMP)","https://api.axelarscan.io (public GMP Explorer API)"
"arbitrum : 0xce16F69375520ab01377ce7B88f5BA8C48F8D666","optimism : 0xce16F69375520ab01377ce7B88f5BA8C48F8D666","arbitrum","optimism","0xce16F69375520ab01377ce7B88f5BA8C48F8D666","0xce16F69375520ab01377ce7B88f5BA8C48F8D666","2026-08-31T12:40:44Z","2026-08-31T12:40:44Z","2026-08-31T13:00:35Z","1191","00:19:51","0.499893","axlUSDC","0.49981501669199996","Not Refunded","executed","received","False","True","0x06cc77d7764e6e6cb2438c8df2458361ad78875b62a009de5080fb3e058dac91","0x06cc77d7764e6e6cb2438c8df2458361ad78875b62a009de5080fb3e058dac91-15","Axelar Network (GMP)","https://api.axelarscan.io (public GMP Explorer API)"
"base : 0xce16F69375520ab01377ce7B88f5BA8C48F8D666","Ethereum : 0xce16F69375520ab01377ce7B88f5BA8C48F8D666","base","Ethereum","0xce16F69375520ab01377ce7B88f5BA8C48F8D666","0xce16F69375520ab01377ce7B88f5BA8C48F8D666","2026-08-31T12:40:13Z","2026-08-31T12:40:13Z","2026-08-31T13:19:35Z","2362","00:39:22","437.838774","axlUSDC","437.770471151256","Not Refunded","executed","received","False","True","0x1975ad10005e51e87cb235105370f08536ea900afcc956898d81e67ba760f2fe","0x1975ad10005e51e87cb235105370f08536ea900afcc956898d81e67ba760f2fe-8","Axelar Network (GMP)","https://api.axelarscan.io (public GMP Explorer API)"
"binance : 0xce16F69375520ab01377ce7B88f5BA8C48F8D666","base : 0xce16F69375520ab01377ce7B88f5BA8C48F8D666","binance","base","0xce16F69375520ab01377ce7B88f5BA8C48F8D666","0xce16F69375520ab01377ce7B88f5BA8C48F8D666","2026-08-31T12:40:05Z","2026-08-31T12:40:05Z","2026-08-31T12:41:03Z","58","00:00:58","0.001693","axlUSDC","0.001692735892","Not Refunded","executed","received","False","True","0xbc2530093446fba2b7a959cb2151a7852d5e0e688287c70ce38aaed761acbc44","0xbc2530093446fba2b7a959cb2151a7852d5e0e688287c70ce38aaed761acbc44-33","Axelar Network (GMP)","https://api.axelarscan.io (public GMP Explorer API)"
"binance : 0xce16F69375520ab01377ce7B88f5BA8C48F8D666","Polygon : 0xce16F69375520ab01377ce7B88f5BA8C48F8D666","binance","Polygon","0xce16F69375520ab01377ce7B88f5BA8C48F8D666","0xce16F69375520ab01377ce7B88f5BA8C48F8D666","2026-08-31T12:39:44Z","2026-08-31T12:39:44Z","2026-08-31T12:40:33Z","49","00:00:49","286.437599","axlUSDC","286.392914734556","Not Refunded","executed","received","False","True","0x670938e3b60570ab66ff0eb9d34c0c2c3ed3ed05f230c3e1c9794628c048235a","0x670938e3b60570ab66ff0eb9d34c0c2c3ed3ed05f230c3e1c9794628c048235a-26","Axelar Network (GMP)","https://api.axelarscan.io (public GMP Explorer API)"
"binance : 0x43d090025aAA6C8693B71952B910AC55CcB56bBb","osmosis : osmo173adwu8q6xfww53rhwtlxhjyafav74k6qsu9a7","binance","osmosis","0x43d090025aAA6C8693B71952B910AC55CcB56bBb","osmo173adwu8q6xfww53rhwtlxhjyafav74k6qsu9a7","2026-08-31T12:38:47Z","2026-08-31T12:38:47Z","2026-08-31T12:39:06Z","19","00:00:19","5035.84","AXL","233.5012751776","Not Refunded","executed","received","False","True","0xbe05477c60041b8c07900eddca47c933df4721ed869793f4af79ed9230ee2179","0xbe05477c60041b8c07900eddca47c933df4721ed869793f4af79ed9230ee2179-3","Axelar Network (GMP)","https://api.axelarscan.io (public GMP Explorer API)"
"osmosis : osmo1n6ney9tsf55etz9nrmzyd8wa7e64qd3s06a74fqs30ka8pps6cvqtsycr6","binance : 0xce16F69375520ab01377ce7B88f5BA8C48F8D666","osmosis","binance","osmo1n6ney9tsf55etz9nrmzyd8wa7e64qd3s06a74fqs30ka8pps6cvqtsycr6","0xce16F69375520ab01377ce7B88f5BA8C48F8D666","2026-08-31T12:35:00Z","2026-08-31T12:35:00Z","2026-08-31T12:35:25Z","25","00:00:25","0.000823120389033836","axlBNB","0.5636810736142611","Pending Refund","executed","received","False","True","D8385B673E05049601DB15779AB06B35E639AF48A3D2CAA7FAEF01C33399491D","0xa150092dc2207625f5b9cb50c0815c9b9a721b55af5d4dde0281385f9c2d2999-7095793","Axelar Network (GMP)","https://api.axelarscan.io (public GMP Explorer API)"
"binance : 0xce16F69375520ab01377ce7B88f5BA8C48F8D666","base : 0xce16F69375520ab01377ce7B88f5BA8C48F8D666","binance","base","0xce16F69375520ab01377ce7B88f5BA8C48F8D666","0xce16F69375520ab01377ce7B88f5BA8C48F8D666","2026-08-31T12:33:49Z","2026-08-31T12:33:49Z","2026-08-31T12:34:39Z","50","00:00:50","0.015894","axlUSDC","0.015891600005999998","Not Refunded","executed","received","False","True","0x13304d3ddd13f86c23b4b482f29b61c3bd9c02444e5795c287f2bac5b784df75","0x13304d3ddd13f86c23b4b482f29b61c3bd9c02444e5795c287f2bac5b784df75-16","Axelar Network (GMP)","https://api.axelarscan.io (public GMP Explorer API)"
"ethereum : 0xB773bCc5B325ad9AC6B36e1A046AD4466833A16E","osmosis : osmo10a3k4hvk37cc4hnxctw4p95fhscd2z6h2rmx0aukc6rm8u9qqx9smfsh7u","ethereum","osmosis","0xB773bCc5B325ad9AC6B36e1A046AD4466833A16E","osmo10a3k4hvk37cc4hnxctw4p95fhscd2z6h2rmx0aukc6rm8u9qqx9smfsh7u","2026-08-31T12:31:47Z","2026-08-31T12:31:47Z","2026-08-31T12:46:27Z","880","00:14:40","0.0048","WETH","11.761823999999999","Not Refunded","executed","received","False","True","0x84a795bc0013a8b34999db2a536e83c1cc65c9bb705ac97c3ba744bdb39957ea","0x84a795bc0013a8b34999db2a536e83c1cc65c9bb705ac97c3ba744bdb39957ea-3","Axelar Network (GMP)","https://api.axelarscan.io (public GMP Explorer API)"
"avalanche : 0xce16F69375520ab01377ce7B88f5BA8C48F8D666","base : 0xce16F69375520ab01377ce7B88f5BA8C48F8D666","avalanche","base","0xce16F69375520ab01377ce7B88f5BA8C48F8D666","0xce16F69375520ab01377ce7B88f5BA8C48F8D666","2026-08-31T12:28:23Z","2026-08-31T12:28:23Z","2026-08-31T12:29:39Z","76","00:01:16","664.700214","axlUSDC","664.58056796148","Not Refunded","executed","received","False","True","0x836188c251bb55ed442d5194105d713802f08fba3229ba41e9e4aa4793867948","0x836188c251bb55ed442d5194105d713802f08fba3229ba41e9e4aa4793867948-9","Axelar Network (GMP)","https://api.axelarscan.io (public GMP Explorer API)"
"binance : 0xce16F69375520ab01377ce7B88f5BA8C48F8D666","Arbitrum : 0xce16F69375520ab01377ce7B88f5BA8C48F8D666","binance","Arbitrum","0xce16F69375520ab01377ce7B88f5BA8C48F8D666","0xce16F69375520ab01377ce7B88f5BA8C48F8D666","2026-08-31T12:28:16Z","2026-08-31T12:28:16Z","2026-08-31T12:28:53Z","37","00:00:37","931.333874","axlUSDC","931.1662339026801","Not Refunded","executed","received","False","True","0xaca1afd4fe7e6fd533a29891537e9c11f4b3380b980a5685851ad78480fc14fd","0xaca1afd4fe7e6fd533a29891537e9c11f4b3380b980a5685851ad78480fc14fd-21","Axelar Network (GMP)","https://api.axelarscan.io (public GMP Explorer API)"
"avalanche : 0x77Accd23cC3Ccc5E36a543CEdcD03764BF6AD401","base : 0x77Accd23cC3Ccc5E36a543CEdcD03764BF6AD401","avalanche","base","0x77Accd23cC3Ccc5E36a543CEdcD03764BF6AD401","0x77Accd23cC3Ccc5E36a543CEdcD03764BF6AD401","2026-08-31T12:25:39Z","2026-08-31T12:25:39Z","2026-08-31T12:26:33Z","54","00:00:54","0.00001","axlUSDC","0.000009998070000000001","Not Refunded","executed","received","False","True","0x0bb7d8f121b026fd95eb7e3401581fd925ab9a03b949ce06fdf02632032f0a07","0x0bb7d8f121b026fd95eb7e3401581fd925ab9a03b949ce06fdf02632032f0a07-5","Axelar Network (GMP)","https://api.axelarscan.io (public GMP Explorer API)"
"binance : 0x43d090025aAA6C8693B71952B910AC55CcB56bBb","osmosis : osmo173adwu8q6xfww53rhwtlxhjyafav74k6qsu9a7","binance","osmosis","0x43d090025aAA6C8693B71952B910AC55CcB56bBb","osmo173adwu8q6xfww53rhwtlxhjyafav74k6qsu9a7","2026-08-31T12:24:54Z","2026-08-31T12:24:54Z","2026-08-31T12:25:11Z","17","00:00:17","4950.6","AXL","231.04707631200003","Not Refunded","executed","received","False","True","0x142b11eb456e624727cd511ca43ad9978cfde831355becbbc0da020988cdfed7","0x142b11eb456e624727cd511ca43ad9978cfde831355becbbc0da020988cdfed7-3","Axelar Network (GMP)","https://api.axelarscan.io (public GMP Explorer API)"
"ethereum : 0x4f49B53928A71E553bB1B0F66a5BcB54Fd4E8932","immutable : 0x4f49B53928A71E553bB1B0F66a5BcB54Fd4E8932","ethereum","immutable","0x4f49B53928A71E553bB1B0F66a5BcB54Fd4E8932","0x4f49B53928A71E553bB1B0F66a5BcB54Fd4E8932","2026-08-31T12:23:11Z","2026-08-31T12:23:11Z","2026-08-31T12:40:15Z","1024","00:17:04",,,,"Not Refunded","executed","received","False","True","0x40cf1c2f8c7a17a7f3b05e62f8af8906207e045774d33a3d4d9445795acebe86","0x40cf1c2f8c7a17a7f3b05e62f8af8906207e045774d33a3d4d9445795acebe86-1","Axelar Network (GMP)","https://api.axelarscan.io (public GMP Explorer API)"
"binance : 0x9F0d4f965F8d7503046093F1BdA6052eFE6948b8","base : 0x7d77ac40bf16ff72df9f48266f8e115aa1bc30f7","binance","base","0x9F0d4f965F8d7503046093F1BdA6052eFE6948b8","0x7d77ac40bf16ff72df9f48266f8e115aa1bc30f7","2026-08-31T12:20:42Z","2026-08-31T12:20:42Z","2026-08-31T12:21:35Z","53","00:00:53",,,,"Not Refunded","executed","received","False","True","0x4f1a85aa203faf1af2f1ef87909d608ed3fda7d16165b108d5af920a51e57452","0x4f1a85aa203faf1af2f1ef87909d608ed3fda7d16165b108d5af920a51e57452-4","Axelar Network (GMP)","https://api.axelarscan.io (public GMP Explorer API)"
"osmosis : osmo1n6ney9tsf55etz9nrmzyd8wa7e64qd3s06a74fqs30ka8pps6cvqtsycr6","arbitrum : 0xce16F69375520ab01377ce7B88f5BA8C48F8D666","osmosis","arbitrum","osmo1n6ney9tsf55etz9nrmzyd8wa7e64qd3s06a74fqs30ka8pps6cvqtsycr6","0xce16F69375520ab01377ce7B88f5BA8C48F8D666","2026-08-31T12:19:16Z","2026-08-31T12:19:16Z","2026-08-31T12:19:54Z","38","00:00:38","13.132824","axlUSDC","13.130473224504","Pending Refund","executed","received","False","True","B8BDD5BD2CF6E879AC2762B74343F88AB74A30F44CD24A714630B27FDF419973","0x8e6d77edb91ccd77afcf445849bd9fe3f3920696545b4958303e95927f7931c2-7095776","Axelar Network (GMP)","https://api.axelarscan.io (public GMP Explorer API)"
"ethereum : 0xce16F69375520ab01377ce7B88f5BA8C48F8D666","binance : 0xce16F69375520ab01377ce7B88f5BA8C48F8D666","ethereum","binance","0xce16F69375520ab01377ce7B88f5BA8C48F8D666","0xce16F69375520ab01377ce7B88f5BA8C48F8D666","2026-08-31T12:18:11Z","2026-08-31T12:18:11Z","2026-08-31T12:33:40Z","929","00:15:29","268.289365","USDC","268.24134120366494","Not Refunded","executed","received","False","True","0x1233c8f10cd563c9cc15aabb594fcf826f16d6d910d944216a6e9d987f286578","0x1233c8f10cd563c9cc15aabb594fcf826f16d6d910d944216a6e9d987f286578-13","Axelar Network (GMP)","https://api.axelarscan.io (public GMP Explorer API)"
"polygon : 0xcbBA104B6CB4960a70E5dfc48E76C536A1f19609","binance : 0xcbBA104B6CB4960a70E5dfc48E76C536A1f19609","polygon","binance","0xcbBA104B6CB4960a70E5dfc48E76C536A1f19609","0xcbBA104B6CB4960a70E5dfc48E76C536A1f19609","2026-08-31T12:17:12Z","2026-08-31T12:17:12Z","2026-08-31T12:17:35Z","23","00:00:23",,,,"Not Refunded","executed","received","False","True","0x040df8cff1c7c41461bdc36736f0c7082eac947041d911f466735758b637289d","0x040df8cff1c7c41461bdc36736f0c7082eac947041d911f466735758b637289d-19","Axelar Network (GMP)","https://api.axelarscan.io (public GMP Explorer API)"
"binance : 0xce16F69375520ab01377ce7B88f5BA8C48F8D666","immutable : 0xce16F69375520ab01377ce7B88f5BA8C48F8D666","binance","immutable","0xce16F69375520ab01377ce7B88f5BA8C48F8D666","0xce16F69375520ab01377ce7B88f5BA8C48F8D666","2026-08-31T12:17:10Z","2026-08-31T12:17:10Z","2026-08-31T12:17:49Z","39","00:00:39","22.622066","axlUSDC","22.617586830931998","Not Refunded","executed","received","False","True","0x827de67abfa689bb3d1851d91972f61efbb23d1ecdd47aa9db41c841729bc283","0x827de67abfa689bb3d1851d91972f61efbb23d1ecdd47aa9db41c841729bc283-13","Axelar Network (GMP)","https://api.axelarscan.io (public GMP Explorer API)"
"osmosis : osmo1n6ney9tsf55etz9nrmzyd8wa7e64qd3s06a74fqs30ka8pps6cvqtsycr6","arbitrum : 0xce16F69375520ab01377ce7B88f5BA8C48F8D666","osmosis","arbitrum","osmo1n6ney9tsf55etz9nrmzyd8wa7e64qd3s06a74fqs30ka8pps6cvqtsycr6","0xce16F69375520ab01377ce7B88f5BA8C48F8D666","2026-08-31T12:16:23Z","2026-08-31T12:16:23Z","2026-08-31T12:16:59Z","36","00:00:36","0.426771","axlUSDC","0.426686499342","Pending Refund","executed","received","False","True","07D0B8C0644309D30C2034503E173DEA17473D83CB29D4ADD55AD6CE9DA56ADD","0x7840f8c73c04b25b55400cadbe23749bb1118ffd2cfdb7930d7c8604eae5bd8c-7095775","Axelar Network (GMP)","https://api.axelarscan.io (public GMP Explorer API)"
"binance : 0x43d090025aAA6C8693B71952B910AC55CcB56bBb","osmosis : osmo173adwu8q6xfww53rhwtlxhjyafav74k6qsu9a7","binance","osmosis","0x43d090025aAA6C8693B71952B910AC55CcB56bBb","osmo173adwu8q6xfww53rhwtlxhjyafav74k6qsu9a7","2026-08-31T12:13:52Z","2026-08-31T12:13:52Z","2026-08-31T12:14:08Z","16","00:00:16","5059.77","AXL","243.62509202880003","Not Refunded","executed","received","False","True","0xb129303d2c06ef305a00804f584b427149f89541b737a0062aaa598d58c999f5","0xb129303d2c06ef305a00804f584b427149f89541b737a0062aaa598d58c999f5-3","Axelar Network (GMP)","https://api.axelarscan.io (public GMP Explorer API)"
"ethereum : 0x4f49B53928A71E553bB1B0F66a5BcB54Fd4E8932","immutable : 0x4f49B53928A71E553bB1B0F66a5BcB54Fd4E8932","ethereum","immutable","0x4f49B53928A71E553bB1B0F66a5BcB54Fd4E8932","0x4f49B53928A71E553bB1B0F66a5BcB54Fd4E8932","2026-08-31T12:12:47Z","2026-08-31T12:12:47Z","2026-08-31T12:27:35Z","888","00:14:48",,,,"Not Refunded","executed","received","False","True","0xda34845399b95f6e242e9e21d9de71c2a4be3a502be75abdf22f5c813f23d5c2","0xda34845399b95f6e242e9e21d9de71c2a4be3a502be75abdf22f5c813f23d5c2-1","Axelar Network (GMP)","https://api.axelarscan.io (public GMP Explorer API)"
"binance : 0x43d090025aAA6C8693B71952B910AC55CcB56bBb","osmosis : osmo173adwu8q6xfww53rhwtlxhjyafav74k6qsu9a7","binance","osmosis","0x43d090025aAA6C8693B71952B910AC55CcB56bBb","osmo173adwu8q6xfww53rhwtlxhjyafav74k6qsu9a7","2026-08-31T12:12:03Z","2026-08-31T12:12:03Z","2026-08-31T12:12:17Z","14","00:00:14","4973.37","AXL","239.4649804128","Not Refunded","executed","received","False","True","0x18dc0cb97b49a1731424265fd4fa4af048eb935d9bc29b81d337db380ada4bcd","0x18dc0cb97b49a1731424265fd4fa4af048eb935d9bc29b81d337db380ada4bcd-3","Axelar Network (GMP)","https://api.axelarscan.io (public GMP Explorer API)"
"osmosis : osmo1n6ney9tsf55etz9nrmzyd8wa7e64qd3s06a74fqs30ka8pps6cvqtsycr6","arbitrum : 0xce16F69375520ab01377ce7B88f5BA8C48F8D666","osmosis","arbitrum","osmo1n6ney9tsf55etz9nrmzyd8wa7e64qd3s06a74fqs30ka8pps6cvqtsycr6","0xce16F69375520ab01377ce7B88f5BA8C48F8D666","2026-08-31T12:11:30Z","2026-08-31T12:11:30Z","2026-08-31T12:11:58Z","28","00:00:28","0.180523","axlUSDC","0.18048689539999999","Pending Refund","executed","received","False","True","081B4E19B670FB5670C269A1A57C561AD322627C91EF198A24BE3F66FEB5A64A","0xa54ef77ae2e91f9a5fa427e1d1665bd22f06760c628503980a439523528d6cb1-7095774","Axelar Network (GMP)","https://api.axelarscan.io (public GMP Explorer API)"
"binance : 0xce16F69375520ab01377ce7B88f5BA8C48F8D666","osmosis : osmo1n6ney9tsf55etz9nrmzyd8wa7e64qd3s06a74fqs30ka8pps6cvqtsycr6","binance","osmosis","0xce16F69375520ab01377ce7B88f5BA8C48F8D666","osmo1n6ney9tsf55etz9nrmzyd8wa7e64qd3s06a74fqs30ka8pps6cvqtsycr6","2026-08-31T12:05:22Z","2026-08-31T12:05:22Z","2026-08-31T12:05:33Z","11","00:00:11","20.065361","axlUSDC","20.061026882024","Not Refunded","executed","received","False","True","0x50b93a2b33a6f37194c578ba274dff57a9f09d33972c3826e594edb2fa3f5476","0x50b93a2b33a6f37194c578ba274dff57a9f09d33972c3826e594edb2fa3f5476-11","Axelar Network (GMP)","https://api.axelarscan.io (public GMP Explorer API)"
"binance : 0xce16F69375520ab01377ce7B88f5BA8C48F8D666","Avalanche : 0xce16F69375520ab01377ce7B88f5BA8C48F8D666","binance","Avalanche","0xce16F69375520ab01377ce7B88f5BA8C48F8D666","0xce16F69375520ab01377ce7B88f5BA8C48F8D666","2026-08-31T12:03:02Z","2026-08-31T12:03:02Z","2026-08-31T12:03:35Z","33","00:00:33","18.737919","axlUSDC","18.733871609496003","Not Refunded","executed","received","False","True","0xfad44eb94f599b51b0b2c8dc2d115df5680a6c9026f3118e68e5a5c7a4d392e6","0xfad44eb94f599b51b0b2c8dc2d115df5680a6c9026f3118e68e5a5c7a4d392e6-12","Axelar Network (GMP)","https://api.axelarscan.io (public GMP Explorer API)"
"binance : 0x43d090025aAA6C8693B71952B910AC55CcB56bBb","osmosis : osmo173adwu8q6xfww53rhwtlxhjyafav74k6qsu9a7","binance","osmosis","0x43d090025aAA6C8693B71952B910AC55CcB56bBb","osmo173adwu8q6xfww53rhwtlxhjyafav74k6qsu9a7","2026-08-31T12:02:32Z","2026-08-31T12:02:32Z","2026-08-31T12:02:49Z","17","00:00:17","4869.77","AXL","237.2057175368","Not Refunded","executed","received","False","True","0xee030cc8adc648243fc2bddea85aca1a5b7141e2f51f5c4af3e974b92c48effa","0xee030cc8adc648243fc2bddea85aca1a5b7141e2f51f5c4af3e974b92c48effa-3","Axelar Network (GMP)","https://api.axelarscan.io (public GMP Explorer API)"
"immutable : 0x4f49B53928A71E553bB1B0F66a5BcB54Fd4E8932","Ethereum : 0x4f49B53928A71E553bB1B0F66a5BcB54Fd4E8932","immutable","Ethereum","0x4f49B53928A71E553bB1B0F66a5BcB54Fd4E8932","0x4f49B53928A71E553bB1B0F66a5BcB54Fd4E8932","2026-08-31T12:00:31Z","2026-08-31T12:00:31Z","2026-08-31T12:02:23Z","112","00:01:52",,,,"Not Refunded","executed","received","False","True","0xa84eaf1ccbaa27cc85a0306dbb9e9bac716e93c671030b263ef46ff49144172c","0xa84eaf1ccbaa27cc85a0306dbb9e9bac716e93c671030b263ef46ff49144172c-2","Axelar Network (GMP)","https://api.axelarscan.io (public GMP Explorer API)"
"ethereum : 0xce16F69375520ab01377ce7B88f5BA8C48F8D666","immutable : 0xce16F69375520ab01377ce7B88f5BA8C48F8D666","ethereum","immutable","0xce16F69375520ab01377ce7B88f5BA8C48F8D666","0xce16F69375520ab01377ce7B88f5BA8C48F8D666","2026-08-31T12:00:11Z","2026-08-31T12:00:11Z","2026-08-31T12:14:45Z","874","00:14:34","105.073455","USDC","105.05370119046","Not Refunded","executed","received","False","True","0xa4b2e369ac5c91111a86bf2b503759f585db95db5eee9959cb2408aa7e1aef87","0xa4b2e369ac5c91111a86bf2b503759f585db95db5eee9959cb2408aa7e1aef87-7","Axelar Network (GMP)","https://api.axelarscan.io (public GMP Explorer API)"
"immutable : 0xce16F69375520ab01377ce7B88f5BA8C48F8D666","optimism : 0xce16F69375520ab01377ce7B88f5BA8C48F8D666","immutable","optimism","0xce16F69375520ab01377ce7B88f5BA8C48F8D666","0xce16F69375520ab01377ce7B88f5BA8C48F8D666","2026-08-31T12:00:01Z","2026-08-31T12:00:01Z","2026-08-31T12:01:03Z","62","00:01:02","12.855964","axlUSDC","12.853547078768","Not Refunded","executed","received","False","True","0x61cc102b6635f72c35c33353cf89ed9ccc643e9fba4091e10dfff795e3ca33fc","0x61cc102b6635f72c35c33353cf89ed9ccc643e9fba4091e10dfff795e3ca33fc-16","Axelar Network (GMP)","https://api.axelarscan.io (public GMP Explorer API)"
"ethereum : 0x4f49B53928A71E553bB1B0F66a5BcB54Fd4E8932","immutable : 0x4f49B53928A71E553bB1B0F66a5BcB54Fd4E8932","ethereum","immutable","0x4f49B53928A71E553bB1B0F66a5BcB54Fd4E8932","0x4f49B53928A71E553bB1B0F66a5BcB54Fd4E8932","2026-08-31T11:59:59Z","2026-08-31T11:59:59Z","2026-08-31T12:14:45Z","886","00:14:46",,,,"Not Refunded","executed","received","False","True","0xe952d8c41fcbf722eaee75b5c9059f68e0245e835964f16e0b4e5d1945d19ee4","0xe952d8c41fcbf722eaee75b5c9059f68e0245e835964f16e0b4e5d1945d19ee4-1","Axelar Network (GMP)","https://api.axelarscan.io (public GMP Explorer API)"
"base : 0xce16F69375520ab01377ce7B88f5BA8C48F8D666","Polygon : 0xce16F69375520ab01377ce7B88f5BA8C48F8D666","base","Polygon","0xce16F69375520ab01377ce7B88f5BA8C48F8D666","0xce16F69375520ab01377ce7B88f5BA8C48F8D666","2026-08-31T11:57:39Z","2026-08-31T11:57:39Z","2026-08-31T12:24:39Z","1620","00:27:00","4797.980489","axlUSDC","4797.078468668068","Not Refunded","executed","received","False","True","0x7c080a69fdd7bc3a20513e3dc5bf6ee9fa80010eed0fe4ce251cb8eb0691f799","0x7c080a69fdd7bc3a20513e3dc5bf6ee9fa80010eed0fe4ce251cb8eb0691f799-7","Axelar Network (GMP)","https://api.axelarscan.io (public GMP Explorer API)"
"ethereum : 0x4f49B53928A71E553bB1B0F66a5BcB54Fd4E8932","immutable : 0x4f49B53928A71E553bB1B0F66a5BcB54Fd4E8932","ethereum","immutable","0x4f49B53928A71E553bB1B0F66a5BcB54Fd4E8932","0x4f49B53928A71E553bB1B0F66a5BcB54Fd4E8932","2026-08-31T11:56:35Z","2026-08-31T11:56:35Z","2026-08-31T12:14:29Z","1074","00:17:54",,,,"Not Refunded","executed","received","False","True","0xb7cb6b950ceb5e4ae2a5b004b06175bbd7c4fb6557319fd524b31e6b14a0b360","0xb7cb6b950ceb5e4ae2a5b004b06175bbd7c4fb6557319fd524b31e6b14a0b360-1","Axelar Network (GMP)","https://api.axelarscan.io (public GMP Explorer API)"
"osmosis : osmo1m8wg4vxkefhs374qxmmqpyusgz289wmulex5qdwpfx7jnrxzer5s9cv83q","Ethereum : 0xB773bCc5B325ad9AC6B36e1A046AD4466833A16E","osmosis","Ethereum","osmo1m8wg4vxkefhs374qxmmqpyusgz289wmulex5qdwpfx7jnrxzer5s9cv83q","0xB773bCc5B325ad9AC6B36e1A046AD4466833A16E","2026-08-31T11:56:02Z","2026-08-31T11:56:02Z","2026-08-31T11:57:23Z","81","00:01:21","0.09834801955968314","axlETH","240.56810716474536","Pending Refund","executed","received","False","True","E52C299078BF437F6FCABB64EF683479AFD84A118D705A6B11632CD7E26E897C","0x6cadf27d22e3a17699c1c38769ccf48f368d93f62fdabf5a906811ada7033e8c-7095773","Axelar Network (GMP)","https://api.axelarscan.io (public GMP Explorer API)"
"binance : 0xce16F69375520ab01377ce7B88f5BA8C48F8D666","Ethereum : 0xce16F69375520ab01377ce7B88f5BA8C48F8D666","binance","Ethereum","0xce16F69375520ab01377ce7B88f5BA8C48F8D666","0xce16F69375520ab01377ce7B88f5BA8C48F8D666","2026-08-31T11:55:54Z","2026-08-31T11:55:54Z","2026-08-31T11:57:23Z","89","00:01:29","60010.936544","axlUSDC","60007.275876870815","Not Refunded","executed","received","False","True","0x12762841251e109bb286cc1cb700b6bcb4eaf1d0b95e6028f968e71030ec067c","0x12762841251e109bb286cc1cb700b6bcb4eaf1d0b95e6028f968e71030ec067c-14","Axelar Network (GMP)","https://api.axelarscan.io (public GMP Explorer API)"
"immutable : 0x4f49B53928A71E553bB1B0F66a5BcB54Fd4E8932","Ethereum : 0x4f49B53928A71E553bB1B0F66a5BcB54Fd4E8932","immutable","Ethereum","0x4f49B53928A71E553bB1B0F66a5BcB54Fd4E8932","0x4f49B53928A71E553bB1B0F66a5BcB54Fd4E8932","2026-08-31T11:50:25Z","2026-08-31T11:50:25Z","2026-08-31T11:52:23Z","118","00:01:58",,,,"Not Refunded","executed","received","False","True","0x3ad617a7bc34387c23f6895dfb6e49bae8598530ca9f855f9e450b796b7a4aba","0x3ad617a7bc34387c23f6895dfb6e49bae8598530ca9f855f9e450b796b7a4aba-3","Axelar Network (GMP)","https://api.axelarscan.io (public GMP Explorer API)"
"base : 0xce16F69375520ab01377ce7B88f5BA8C48F8D666","binance : 0xce16F69375520ab01377ce7B88f5BA8C48F8D666","base","binance","0xce16F69375520ab01377ce7B88f5BA8C48F8D666","0xce16F69375520ab01377ce7B88f5BA8C48F8D666","2026-08-31T11:50:23Z","2026-08-31T11:50:23Z","2026-08-31T12:14:50Z","1467","00:24:27","66.989907","axlUSDC","66.98535168632401","Not Refunded","executed","received","False","True","0x2ab1818ddb9551c87ee496b376a610d8f62ec01ed03a9d000b23998f71291e01","0x2ab1818ddb9551c87ee496b376a610d8f62ec01ed03a9d000b23998f71291e01-15","Axelar Network (GMP)","https://api.axelarscan.io (public GMP Explorer API)"
"binance : 0x43d090025aAA6C8693B71952B910AC55CcB56bBb","osmosis : osmo173adwu8q6xfww53rhwtlxhjyafav74k6qsu9a7","binance","osmosis","0x43d090025aAA6C8693B71952B910AC55CcB56bBb","osmo173adwu8q6xfww53rhwtlxhjyafav74k6qsu9a7","2026-08-31T11:49:52Z","2026-08-31T11:49:52Z","2026-08-31T11:50:09Z","17","00:00:17","4740.53","AXL","228.64879835749997","Not Refunded","executed","received","False","True","0x4530f0894a9506b3f77bf0609d59134be4db5127eee84c6e4e58815a1bb57f9b","0x4530f0894a9506b3f77bf0609d59134be4db5127eee84c6e4e58815a1bb57f9b-3","Axelar Network (GMP)","https://api.axelarscan.io (public GMP Explorer API)"
"axelar : axelar1aqcj54lzz0rk22gvqgcn8fr5tx4rzwdv5wv5j9dmnacgefvd7wzsy2j2mr","ethereum : 0xB5FB4BE02232B1bBA4dC8f81dc24C26980dE9e3C","axelar","ethereum","axelar1aqcj54lzz0rk22gvqgcn8fr5tx4rzwdv5wv5j9dmnacgefvd7wzsy2j2mr","0xB5FB4BE02232B1bBA4dC8f81dc24C26980dE9e3C","2026-08-31T11:48:43Z","2026-08-31T11:48:43Z","2026-08-31T11:49:23Z","40","00:00:40","82764.91496046894","ALVA","0","Pending Refund","executed","received","False","False","CD2E9BD5A4ED187F90E0C8DD59F098E8823871BAD510D2C312A9F64B545F051C","0xcd2e9bd5a4ed187f90e0c8dd59f098e8823871bad510d2c312a9f64b545f051c-7095772","Axelar Network (GMP)","https://api.axelarscan.io (public GMP Explorer API)"
"binance : 0x43d090025aAA6C8693B71952B910AC55CcB56bBb","osmosis : osmo173adwu8q6xfww53rhwtlxhjyafav74k6qsu9a7","binance","osmosis","0x43d090025aAA6C8693B71952B910AC55CcB56bBb","osmo173adwu8q6xfww53rhwtlxhjyafav74k6qsu9a7","2026-08-31T11:48:10Z","2026-08-31T11:48:10Z","2026-08-31T11:48:28Z","18","00:00:18","4693.84","AXL","232.09095550240002","Not Refunded","executed","received","False","True","0xd5dbcfb04d36cfc62e5cb65535fa84235cb103a9c8ac332cd84de32503abd849","0xd5dbcfb04d36cfc62e5cb65535fa84235cb103a9c8ac332cd84de32503abd849-3","Axelar Network (GMP)","https://api.axelarscan.io (public GMP Explorer API)"
"osmosis : osmo1n6ney9tsf55etz9nrmzyd8wa7e64qd3s06a74fqs30ka8pps6cvqtsycr6","base : 0xce16F69375520ab01377ce7B88f5BA8C48F8D666","osmosis","base","osmo1n6ney9tsf55etz9nrmzyd8wa7e64qd3s06a74fqs30ka8pps6cvqtsycr6","0xce16F69375520ab01377ce7B88f5BA8C48F8D666","2026-08-31T11:47:29Z","2026-08-31T11:47:29Z","2026-08-31T11:48:03Z","34","00:00:34","8851.283297","axlUSDC","8850.805327701963","Pending Refund","executed","received","False","True","23E1D19D02B0200ADAE3EAA4A79E3E789B341E0914F373DC833877E1F660DE68","0xcbc0ea38fcdf2d2fb9bf790f4b519d9194eb003a47a8d9a21153cf64d7e40337-7095766","Axelar Network (GMP)","https://api.axelarscan.io (public GMP Explorer API)"
"binance : 0x43d090025aAA6C8693B71952B910AC55CcB56bBb","osmosis : osmo173adwu8q6xfww53rhwtlxhjyafav74k6qsu9a7","binance","osmosis","0x43d090025aAA6C8693B71952B910AC55CcB56bBb","osmo173adwu8q6xfww53rhwtlxhjyafav74k6qsu9a7","2026-08-31T11:46:40Z","2026-08-31T11:46:40Z","2026-08-31T11:46:56Z","16","00:00:16","4662.36","AXL","230.53439982959998","Not Refunded","executed","received","False","True","0x699c2a1c22217864b277c231ec75198cc4d2e500e6e0c4951e9ec3fba9478135","0x699c2a1c22217864b277c231ec75198cc4d2e500e6e0c4951e9ec3fba9478135-3","Axelar Network (GMP)","https://api.axelarscan.io (public GMP Explorer API)"
"osmosis : osmo1n6ney9tsf55etz9nrmzyd8wa7e64qd3s06a74fqs30ka8pps6cvqtsycr6","Polygon : 0xce16F69375520ab01377ce7B88f5BA8C48F8D666","osmosis","Polygon","osmo1n6ney9tsf55etz9nrmzyd8wa7e64qd3s06a74fqs30ka8pps6cvqtsycr6","0xce16F69375520ab01377ce7B88f5BA8C48F8D666","2026-08-31T11:46:21Z","2026-08-31T11:46:21Z","2026-08-31T11:46:57Z","36","00:00:36","449.609102","axlUSDC","449.584823108492","Pending Refund","executed","received","False","True","728212DCA8DE18E41BFB5FF1204AD0A80C93F2F9A3CC62CECA39C25FFFBA99CF","0x94ece39444a44c73e72da054c95ede96aab4c910519a0cd1363653cfce10e2c2-7095765","Axelar Network (GMP)","https://api.axelarscan.io (public GMP Explorer API)"
"ethereum : 0xce16F69375520ab01377ce7B88f5BA8C48F8D666","osmosis : osmo1n6ney9tsf55etz9nrmzyd8wa7e64qd3s06a74fqs30ka8pps6cvqtsycr6","ethereum","osmosis","0xce16F69375520ab01377ce7B88f5BA8C48F8D666","osmo1n6ney9tsf55etz9nrmzyd8wa7e64qd3s06a74fqs30ka8pps6cvqtsycr6","2026-08-31T11:45:35Z","2026-08-31T11:45:35Z","2026-08-31T12:01:35Z","960","00:16:00","50310.924428","AXL","2487.666925737468","Not Refunded","executed","received","False","True","0xc880c662b05314ad37f6a1c350b638880dc7635e16ff5f4ebbd204399e771475","0xc880c662b05314ad37f6a1c350b638880dc7635e16ff5f4ebbd204399e771475-4","Axelar Network (GMP)","https://api.axelarscan.io (public GMP Explorer API)"
"binance : 0x43d090025aAA6C8693B71952B910AC55CcB56bBb","osmosis : osmo173adwu8q6xfww53rhwtlxhjyafav74k6qsu9a7","binance","osmosis","0x43d090025aAA6C8693B71952B910AC55CcB56bBb","osmo173adwu8q6xfww53rhwtlxhjyafav74k6qsu9a7","2026-08-31T11:44:15Z","2026-08-31T11:44:15Z","2026-08-31T11:44:34Z","19","00:00:19","4648.2","AXL","229.834246452","Not Refunded","executed","received","False","True","0xc7f746972fdf5fcbfda5f2485be94f5ef66693e2c4afb1cc4d6ef9d6d3bc733d","0xc7f746972fdf5fcbfda5f2485be94f5ef66693e2c4afb1cc4d6ef9d6d3bc733d-3","Axelar Network (GMP)","https://api.axelarscan.io (public GMP Explorer API)"
"binance : 0x43d090025aAA6C8693B71952B910AC55CcB56bBb","osmosis : osmo173adwu8q6xfww53rhwtlxhjyafav74k6qsu9a7","binance","osmosis","0x43d090025aAA6C8693B71952B910AC55CcB56bBb","osmo173adwu8q6xfww53rhwtlxhjyafav74k6qsu9a7","2026-08-31T11:42:33Z","2026-08-31T11:42:33Z","2026-08-31T11:42:50Z","17","00:00:17","4829.06","AXL","243.46188896000004","Not Refunded","executed","received","False","True","0x55ce6e252e0b1cc3fc5fd03abd183d705fe620b5a6b7ce4d7a60fb4ea269923d","0x55ce6e252e0b1cc3fc5fd03abd183d705fe620b5a6b7ce4d7a60fb4ea269923d-3","Axelar Network (GMP)","https://api.axelarscan.io (public GMP Explorer API)"
"osmosis : osmo1n6ney9tsf55etz9nrmzyd8wa7e64qd3s06a74fqs30ka8pps6cvqtsycr6","binance : 0xce16F69375520ab01377ce7B88f5BA8C48F8D666","osmosis","binance","osmo1n6ney9tsf55etz9nrmzyd8wa7e64qd3s06a74fqs30ka8pps6cvqtsycr6","0xce16F69375520ab01377ce7B88f5BA8C48F8D666","2026-08-31T11:36:46Z","2026-08-31T11:36:46Z","2026-08-31T11:37:10Z","24","00:00:24","0.000921257655829578","axlBNB","0.6313194463868932","Pending Refund","executed","received","False","True","9D37725EDF44C70D3BC09DCAC8F7885A203D8145AFEC7ADF2180204DFC95FBD9","0xef955f0c501af19642fa804322db6f1349549eb0e276efa1a42f35e3ef3b7537-7095764","Axelar Network (GMP)","https://api.axelarscan.io (public GMP Explorer API)"
"osmosis : osmo1m8wg4vxkefhs374qxmmqpyusgz289wmulex5qdwpfx7jnrxzer5s9cv83q","Ethereum : 0xB773bCc5B325ad9AC6B36e1A046AD4466833A16E","osmosis","Ethereum","osmo1m8wg4vxkefhs374qxmmqpyusgz289wmulex5qdwpfx7jnrxzer5s9cv83q","0xB773bCc5B325ad9AC6B36e1A046AD4466833A16E","2026-08-31T11:35:57Z","2026-08-31T11:35:57Z","2026-08-31T11:37:35Z","98","00:01:38","0.0982149457598826","axlETH","240.86331513099367","Pending Refund","executed","received","False","True","CD4C0E0A8B4811A1B276CB3D952D93AC1A9357DEB69412735014D180F2BD6B40","0x8a68cd1bfd8f2dc65f2722f6491d80670159a7c85435681ffbac33d885d7ced3-7095763","Axelar Network (GMP)","https://api.axelarscan.io (public GMP Explorer API)"
"binance : 0x43d090025aAA6C8693B71952B910AC55CcB56bBb","osmosis : osmo173adwu8q6xfww53rhwtlxhjyafav74k6qsu9a7","binance","osmosis","0x43d090025aAA6C8693B71952B910AC55CcB56bBb","osmo173adwu8q6xfww53rhwtlxhjyafav74k6qsu9a7","2026-08-31T11:35:11Z","2026-08-31T11:35:11Z","2026-08-31T11:35:26Z","15","00:00:15","4656.3","AXL","236.67507270000002","Not Refunded","executed","received","False","True","0xa303d988e18cb2e47fa65c1aefb3f44edd231d8804583b886b07f2b6c0f4cc35","0xa303d988e18cb2e47fa65c1aefb3f44edd231d8804583b886b07f2b6c0f4cc35-3","Axelar Network (GMP)","https://api.axelarscan.io (public GMP Explorer API)"
"scroll : 0xB5FB4BE02232B1bBA4dC8f81dc24C26980dE9e3C","axelar : axelar1aqcj54lzz0rk22gvqgcn8fr5tx4rzwdv5wv5j9dmnacgefvd7wzsy2j2mr","scroll","axelar","0xB5FB4BE02232B1bBA4dC8f81dc24C26980dE9e3C","axelar1aqcj54lzz0rk22gvqgcn8fr5tx4rzwdv5wv5j9dmnacgefvd7wzsy2j2mr","2026-08-31T11:33:16Z","2026-08-31T11:33:16Z","2026-08-31T13:41:56Z","7720","02:08:40","0.2044","agETH",,"Not Refunded","executed","received","False","True","0x090a37ad530e056f81513e098ab4ec407e74c2b5e9578778280a81bc56767aad","0x090a37ad530e056f81513e098ab4ec407e74c2b5e9578778280a81bc56767aad-7","Axelar Network (GMP)","https://api.axelarscan.io (public GMP Explorer API)"
"immutable : 0xce16F69375520ab01377ce7B88f5BA8C48F8D666","Polygon : 0xce16F69375520ab01377ce7B88f5BA8C48F8D666","immutable","Polygon","0xce16F69375520ab01377ce7B88f5BA8C48F8D666","0xce16F69375520ab01377ce7B88f5BA8C48F8D666","2026-08-31T11:33:13Z","2026-08-31T11:33:13Z","2026-08-31T11:34:03Z","50","00:00:50","4.313553","axlUSDC","4.312983611003999","Not Refunded","executed","received","False","True","0x1ffc258e9c85fd660b8e4614f0d36e47eded7a6d5e11dee3205bca401d140560","0x1ffc258e9c85fd660b8e4614f0d36e47eded7a6d5e11dee3205bca401d140560-11","Axelar Network (GMP)","https://api.axelarscan.io (public GMP Explorer API)"
"binance : 0x43d090025aAA6C8693B71952B910AC55CcB56bBb","osmosis : osmo173adwu8q6xfww53rhwtlxhjyafav74k6qsu9a7","binance","osmosis","0x43d090025aAA6C8693B71952B910AC55CcB56bBb","osmo173adwu8q6xfww53rhwtlxhjyafav74k6qsu9a7","2026-08-31T11:31:21Z","2026-08-31T11:31:21Z","2026-08-31T11:31:39Z","18","00:00:18","5025.75","AXL","254.162229","Not Refunded","executed","received","False","True","0xbd1db7f4eee0464e7f4dfd840d9e5c1ddeb2cb51ad27186c3c80abff0ddc95dc","0xbd1db7f4eee0464e7f4dfd840d9e5c1ddeb2cb51ad27186c3c80abff0ddc95dc-3","Axelar Network (GMP)","https://api.axelarscan.io (public GMP Explorer API)"
"ethereum : 0x34e904237341C3de02D4447C3fF0ca8880ca6484","arbitrum : 0x34e904237341C3de02D4447C3fF0ca8880ca6484","ethereum","arbitrum","0x34e904237341C3de02D4447C3fF0ca8880ca6484","0x34e904237341C3de02D4447C3fF0ca8880ca6484","2026-08-31T11:30:59Z","2026-08-31T11:30:59Z","2026-08-31T11:48:54Z","1075","00:17:55",,,,"Not Refunded","executed","received","False","True","0xf080fcd293282e5129846e70213588669610afcc53df7f554f929a254a55f2ea","0xf080fcd293282e5129846e70213588669610afcc53df7f554f929a254a55f2ea-32","Axelar Network (GMP)","https://api.axelarscan.io (public GMP Explorer API)"
"ethereum : 0x34e904237341C3de02D4447C3fF0ca8880ca6484","binance : 0x34e904237341C3de02D4447C3fF0ca8880ca6484","ethereum","binance","0x34e904237341C3de02D4447C3fF0ca8880ca6484","0x34e904237341C3de02D4447C3fF0ca8880ca6484","2026-08-31T11:30:59Z","2026-08-31T11:30:59Z","2026-08-31T11:49:00Z","1081","00:18:01",,,,"Not Refunded","executed","received","False","True","0xf080fcd293282e5129846e70213588669610afcc53df7f554f929a254a55f2ea","0xf080fcd293282e5129846e70213588669610afcc53df7f554f929a254a55f2ea-61","Axelar Network (GMP)","https://api.axelarscan.io (public GMP Explorer API)"
"ethereum : 0x34e904237341C3de02D4447C3fF0ca8880ca6484","Avalanche : 0x34e904237341C3de02D4447C3fF0ca8880ca6484","ethereum","Avalanche","0x34e904237341C3de02D4447C3fF0ca8880ca6484","0x34e904237341C3de02D4447C3fF0ca8880ca6484","2026-08-31T11:30:59Z","2026-08-31T11:30:59Z","2026-08-31T11:49:04Z","1085","00:18:05",,,,"Not Refunded","executed","received","False","True","0xf080fcd293282e5129846e70213588669610afcc53df7f554f929a254a55f2ea","0xf080fcd293282e5129846e70213588669610afcc53df7f554f929a254a55f2ea-47","Axelar Network (GMP)","https://api.axelarscan.io (public GMP Explorer API)"
"ethereum : 0x34e904237341C3de02D4447C3fF0ca8880ca6484","base : 0x34e904237341C3de02D4447C3fF0ca8880ca6484","ethereum","base","0x34e904237341C3de02D4447C3fF0ca8880ca6484","0x34e904237341C3de02D4447C3fF0ca8880ca6484","2026-08-31T11:30:59Z","2026-08-31T11:30:59Z","2026-08-31T11:49:05Z","1086","00:18:06",,,,"Not Refunded","executed","received","False","True","0xc9c87cb2f96955b1df62a60475e8911391faa8a8ba21db2ab3f48be878d873a6","0xc9c87cb2f96955b1df62a60475e8911391faa8a8ba21db2ab3f48be878d873a6-8","Axelar Network (GMP)","https://api.axelarscan.io (public GMP Explorer API)"
"ethereum : 0x34e904237341C3de02D4447C3fF0ca8880ca6484","base : 0x34e904237341C3de02D4447C3fF0ca8880ca6484","ethereum","base","0x34e904237341C3de02D4447C3fF0ca8880ca6484","0x34e904237341C3de02D4447C3fF0ca8880ca6484","2026-08-31T11:30:59Z","2026-08-31T11:30:59Z","2026-08-31T11:49:05Z","1086","00:18:06",,,,"Not Refunded","executed","received","False","True","0xf080fcd293282e5129846e70213588669610afcc53df7f554f929a254a55f2ea","0xf080fcd293282e5129846e70213588669610afcc53df7f554f929a254a55f2ea-54","Axelar Network (GMP)","https://api.axelarscan.io (public GMP Explorer API)"
"axelar : axelar1aqcj54lzz0rk22gvqgcn8fr5tx4rzwdv5wv5j9dmnacgefvd7wzsy2j2mr","arbitrum : 0xB5FB4BE02232B1bBA4dC8f81dc24C26980dE9e3C","axelar","arbitrum","axelar1aqcj54lzz0rk22gvqgcn8fr5tx4rzwdv5wv5j9dmnacgefvd7wzsy2j2mr","0xB5FB4BE02232B1bBA4dC8f81dc24C26980dE9e3C","2026-08-31T11:30:56Z","2026-08-31T11:30:56Z","2026-08-31T11:31:24Z","28","00:00:28","44074145.34076984","AI","0","Pending Refund","executed","received","False","False","E3FD58D9269B019F23BE04B24C36C427218A80A6AC1027C0612E29D71E7E32EA","0xe3fd58d9269b019f23be04b24c36c427218a80a6ac1027c0612e29d71e7e32ea-7095762","Axelar Network (GMP)","https://api.axelarscan.io (public GMP Explorer API)"
"polygon : 0xB5FB4BE02232B1bBA4dC8f81dc24C26980dE9e3C","axelar : axelar1aqcj54lzz0rk22gvqgcn8fr5tx4rzwdv5wv5j9dmnacgefvd7wzsy2j2mr","polygon","axelar","0xB5FB4BE02232B1bBA4dC8f81dc24C26980dE9e3C","axelar1aqcj54lzz0rk22gvqgcn8fr5tx4rzwdv5wv5j9dmnacgefvd7wzsy2j2mr","2026-08-31T11:30:38Z","2026-08-31T11:30:38Z","2026-08-31T11:30:56Z","18","00:00:18","44074145.34076984","AI","42.450894567869284","Not Refunded","executed","received","False","True","0xf57f0927cfc39807794b81cfe722aa9a33341e995ad2ac12bb3738a6b3ac9cf9","0xf57f0927cfc39807794b81cfe722aa9a33341e995ad2ac12bb3738a6b3ac9cf9-5","Axelar Network (GMP)","https://api.axelarscan.io (public GMP Explorer API)"
"ethereum : 0x34e904237341C3de02D4447C3fF0ca8880ca6484","arbitrum : 0x34e904237341C3de02D4447C3fF0ca8880ca6484","ethereum","arbitrum","0x34e904237341C3de02D4447C3fF0ca8880ca6484","0x34e904237341C3de02D4447C3fF0ca8880ca6484","2026-08-31T11:30:35Z","2026-08-31T11:30:35Z","2026-08-31T11:48:54Z","1099","00:18:19",,,,"Not Refunded","executed","received","False","True","0x02a93e71f41dd3363cfae421008444cd53fcfb1c17925e9b2d6cdf9411b08500","0x02a93e71f41dd3363cfae421008444cd53fcfb1c17925e9b2d6cdf9411b08500-30","Axelar Network (GMP)","https://api.axelarscan.io (public GMP Explorer API)"
"ethereum : 0x34e904237341C3de02D4447C3fF0ca8880ca6484","binance : 0x34e904237341C3de02D4447C3fF0ca8880ca6484","ethereum","binance","0x34e904237341C3de02D4447C3fF0ca8880ca6484","0x34e904237341C3de02D4447C3fF0ca8880ca6484","2026-08-31T11:30:35Z","2026-08-31T11:30:35Z","2026-08-31T11:48:45Z","1090","00:18:10",,,,"Not Refunded","executed","received","False","True","0x02a93e71f41dd3363cfae421008444cd53fcfb1c17925e9b2d6cdf9411b08500","0x02a93e71f41dd3363cfae421008444cd53fcfb1c17925e9b2d6cdf9411b08500-44","Axelar Network (GMP)","https://api.axelarscan.io (public GMP Explorer API)"
"ethereum : 0x34e904237341C3de02D4447C3fF0ca8880ca6484","Avalanche : 0x34e904237341C3de02D4447C3fF0ca8880ca6484","ethereum","Avalanche","0x34e904237341C3de02D4447C3fF0ca8880ca6484","0x34e904237341C3de02D4447C3fF0ca8880ca6484","2026-08-31T11:30:35Z","2026-08-31T11:30:35Z","2026-08-31T11:48:55Z","1100","00:18:20",,,,"Not Refunded","executed","received","False","True","0x02a93e71f41dd3363cfae421008444cd53fcfb1c17925e9b2d6cdf9411b08500","0x02a93e71f41dd3363cfae421008444cd53fcfb1c17925e9b2d6cdf9411b08500-37","Axelar Network (GMP)","https://api.axelarscan.io (public GMP Explorer API)"
"ethereum : 0x34e904237341C3de02D4447C3fF0ca8880ca6484","base : 0x34e904237341C3de02D4447C3fF0ca8880ca6484","ethereum","base","0x34e904237341C3de02D4447C3fF0ca8880ca6484","0x34e904237341C3de02D4447C3fF0ca8880ca6484","2026-08-31T11:30:35Z","2026-08-31T11:30:35Z","2026-08-31T11:49:05Z","1110","00:18:30",,,,"Not Refunded","executed","received","False","True","0x02a93e71f41dd3363cfae421008444cd53fcfb1c17925e9b2d6cdf9411b08500","0x02a93e71f41dd3363cfae421008444cd53fcfb1c17925e9b2d6cdf9411b08500-51","Axelar Network (GMP)","https://api.axelarscan.io (public GMP Explorer API)"
"osmosis : osmo1n6ney9tsf55etz9nrmzyd8wa7e64qd3s06a74fqs30ka8pps6cvqtsycr6","binance : 0xce16F69375520ab01377ce7B88f5BA8C48F8D666","osmosis","binance","osmo1n6ney9tsf55etz9nrmzyd8wa7e64qd3s06a74fqs30ka8pps6cvqtsycr6","0xce16F69375520ab01377ce7B88f5BA8C48F8D666","2026-08-31T11:30:14Z","2026-08-31T11:30:14Z","2026-08-31T11:30:40Z","26","00:00:26","7.099588","axlUSDC","7.098757348204","Pending Refund","executed","received","False","True","BE47B190235FC52E54A73E4251D89189BF1ADEDE18E50F1274C3A545A79139E2","0xd17dc32c1e18172b7007ad6e368f2172636399cc117bc69a24f0609f728e7e04-7095756","Axelar Network (GMP)","https://api.axelarscan.io (public GMP Explorer API)"
"osmosis : osmo173adwu8q6xfww53rhwtlxhjyafav74k6qsu9a7","binance : 0x43d090025aAA6C8693B71952B910AC55CcB56bBb","osmosis","binance","osmo173adwu8q6xfww53rhwtlxhjyafav74k6qsu9a7","0x43d090025aAA6C8693B71952B910AC55CcB56bBb","2026-08-31T11:29:57Z","2026-08-31T11:29:57Z","2026-08-31T11:30:20Z","23","00:00:23","5000.707038","AXL","252.89575632573596","Pending Refund","executed","received","False","True","85FE61E2C0047AD1BA795107D3347E9950C38A7FA14D0C5D4E6975EE5356727F","0x58274bce05c4f8f12273ecb62ae28c7d5ce3c7e697e1467a6ba38174eda71795-7095755","Axelar Network (GMP)","https://api.axelarscan.io (public GMP Explorer API)"
"binance : 0xce16F69375520ab01377ce7B88f5BA8C48F8D666","Arbitrum : 0xce16F69375520ab01377ce7B88f5BA8C48F8D666","binance","Arbitrum","0xce16F69375520ab01377ce7B88f5BA8C48F8D666","0xce16F69375520ab01377ce7B88f5BA8C48F8D666","2026-08-31T11:29:56Z","2026-08-31T11:29:56Z","2026-08-31T11:30:24Z","28","00:00:28","3.00201","axlUSDC","3.0016587648299997","Not Refunded","executed","received","False","True","0xcb64ed18e27c3137312ac285e121f94c8990b67c1b8a93c0a9e87817302fa41b","0xcb64ed18e27c3137312ac285e121f94c8990b67c1b8a93c0a9e87817302fa41b-14","Axelar Network (GMP)","https://api.axelarscan.io (public GMP Explorer API)"
"osmosis : osmo173adwu8q6xfww53rhwtlxhjyafav74k6qsu9a7","binance : 0x43d090025aAA6C8693B71952B910AC55CcB56bBb","osmosis","binance","osmo173adwu8q6xfww53rhwtlxhjyafav74k6qsu9a7","0x43d090025aAA6C8693B71952B910AC55CcB56bBb","2026-08-31T11:28:37Z","2026-08-31T11:28:37Z","2026-08-31T11:29:00Z","23","00:00:23","5015.203112","AXL","249.48423777627607","Pending Refund","executed","received","False","True","BB5436B69F1DFEC4B3EAFAD0694D3302EDA9852E9BCD12B46E270C4AD11DB308","0x9ec833a95da137cb7bf45731048e5d76e35384561c860149cf22dde4a3639219-7095754","Axelar Network (GMP)","https://api.axelarscan.io (public GMP Explorer API)"
"ethereum : 0x4f49B53928A71E553bB1B0F66a5BcB54Fd4E8932","immutable : 0x4f49B53928A71E553bB1B0F66a5BcB54Fd4E8932","ethereum","immutable","0x4f49B53928A71E553bB1B0F66a5BcB54Fd4E8932","0x4f49B53928A71E553bB1B0F66a5BcB54Fd4E8932","2026-08-31T11:27:59Z","2026-08-31T11:27:59Z","2026-08-31T11:42:55Z","896","00:14:56",,,,"Not Refunded","executed","received","False","True","0x50240b07868001693bb0169398269594d5b7866dbb4de244b660466eb1273a1f","0x50240b07868001693bb0169398269594d5b7866dbb4de244b660466eb1273a1f-1","Axelar Network (GMP)","https://api.axelarscan.io (public GMP Explorer API)"
"polygon : 0xcbBA104B6CB4960a70E5dfc48E76C536A1f19609","optimism : 0xcbBA104B6CB4960a70E5dfc48E76C536A1f19609","polygon","optimism","0xcbBA104B6CB4960a70E5dfc48E76C536A1f19609","0xcbBA104B6CB4960a70E5dfc48E76C536A1f19609","2026-08-31T11:26:47Z","2026-08-31T11:26:47Z","2026-08-31T11:27:29Z","42","00:00:42",,,,"Not Refunded","executed","received","False","True","0x4a15276fe624679ee2a0b4df2beebf3a6f99c7b6ea9419127d8025a0d65952b3","0x4a15276fe624679ee2a0b4df2beebf3a6f99c7b6ea9419127d8025a0d65952b3-6","Axelar Network (GMP)","https://api.axelarscan.io (public GMP Explorer API)"
"osmosis : osmo173adwu8q6xfww53rhwtlxhjyafav74k6qsu9a7","binance : 0x43d090025aAA6C8693B71952B910AC55CcB56bBb","osmosis","binance","osmo173adwu8q6xfww53rhwtlxhjyafav74k6qsu9a7","0x43d090025aAA6C8693B71952B910AC55CcB56bBb","2026-08-31T11:24:37Z","2026-08-31T11:24:37Z","2026-08-31T11:25:00Z","23","00:00:23","5022.183112","AXL","249.83146199447606","Pending Refund","executed","received","False","True","2A9499B8DA13FDF028683CC6D03EA488E00C431C02C26EF2BFD6DBA433E025BB","0xcc6ec0b674c341d90d4b31008b383e92c336fa3d2fc09525e64df51c26bcc74e-7095753","Axelar Network (GMP)","https://api.axelarscan.io (public GMP Explorer API)"
"osmosis : osmo1m8wg4vxkefhs374qxmmqpyusgz289wmulex5qdwpfx7jnrxzer5s9cv83q","binance : 0x43d090025aAA6C8693B71952B910AC55CcB56bBb","osmosis","binance","osmo1m8wg4vxkefhs374qxmmqpyusgz289wmulex5qdwpfx7jnrxzer5s9cv83q","0x43d090025aAA6C8693B71952B910AC55CcB56bBb","2026-08-31T11:24:32Z","2026-08-31T11:24:32Z","2026-08-31T11:25:00Z","28","00:00:28","0.007047581068018075","axlBNB","4.835697749820603","Pending Refund","executed","received","False","True","1E8DFF2DB8EE6DBEAF218E344B767E5B2AAB8F3198A2AD5F3847F14008A64DAC","0x03c83589636bed812ba7ead40fa91d00cf5a7b3b348e9788730f42e0bb812bc9-7095752","Axelar Network (GMP)","https://api.axelarscan.io (public GMP Explorer API)"
"ethereum : 0xce16F69375520ab01377ce7B88f5BA8C48F8D666","immutable : 0xce16F69375520ab01377ce7B88f5BA8C48F8D666","ethereum","immutable","0xce16F69375520ab01377ce7B88f5BA8C48F8D666","0xce16F69375520ab01377ce7B88f5BA8C48F8D666","2026-08-31T11:24:11Z","2026-08-31T11:24:11Z","2026-08-31T11:42:31Z","1100","00:18:20","0.635405","USDC","0.6353255743749999","Not Refunded","executed","received","False","True","0xf764eadfa5bd65b9381842032956eddb1ea5df042de9c878204db4ba987d1d3f","0xf764eadfa5bd65b9381842032956eddb1ea5df042de9c878204db4ba987d1d3f-7","Axelar Network (GMP)","https://api.axelarscan.io (public GMP Explorer API)"
"base : 0xB5FB4BE02232B1bBA4dC8f81dc24C26980dE9e3C","axelar : axelar1aqcj54lzz0rk22gvqgcn8fr5tx4rzwdv5wv5j9dmnacgefvd7wzsy2j2mr","base","axelar","0xB5FB4BE02232B1bBA4dC8f81dc24C26980dE9e3C","axelar1aqcj54lzz0rk22gvqgcn8fr5tx4rzwdv5wv5j9dmnacgefvd7wzsy2j2mr","2026-08-31T11:23:39Z","2026-08-31T11:23:39Z","2026-08-31T11:48:43Z","1504","00:25:04","82764.91496046894","ALVA","188.41598420580678","Not Refunded","executed","received","False","True","0xb0055cfc5a5723a4ad6597610eecb178f3fe121cbc3815af50411c1cf23a8152","0xb0055cfc5a5723a4ad6597610eecb178f3fe121cbc3815af50411c1cf23a8152-3","Axelar Network (GMP)","https://api.axelarscan.io (public GMP Explorer API)"
"axelar : axelar1aqcj54lzz0rk22gvqgcn8fr5tx4rzwdv5wv5j9dmnacgefvd7wzsy2j2mr","base : 0xB5FB4BE02232B1bBA4dC8f81dc24C26980dE9e3C","axelar","base","axelar1aqcj54lzz0rk22gvqgcn8fr5tx4rzwdv5wv5j9dmnacgefvd7wzsy2j2mr","0xB5FB4BE02232B1bBA4dC8f81dc24C26980dE9e3C","2026-08-31T11:23:12Z","2026-08-31T11:23:12Z","2026-08-31T11:23:39Z","27","00:00:27","29194.16999656","ALVA","0","Not Refunded","executed","received","False","False","25C5A823100EBBA9DED0AA5F8B79E652FA0F0210DB0B1FB30DE4F1C1D5DC8945","0x25c5a823100ebba9ded0aa5f8b79e652fa0f0210db0b1fb30de4f1c1d5dc8945-7095751","Axelar Network (GMP)","https://api.axelarscan.io (public GMP Explorer API)"
"axelar : axelar1aqcj54lzz0rk22gvqgcn8fr5tx4rzwdv5wv5j9dmnacgefvd7wzsy2j2mr","base : 0xB5FB4BE02232B1bBA4dC8f81dc24C26980dE9e3C","axelar","base","axelar1aqcj54lzz0rk22gvqgcn8fr5tx4rzwdv5wv5j9dmnacgefvd7wzsy2j2mr","0xB5FB4BE02232B1bBA4dC8f81dc24C26980dE9e3C","2026-08-31T11:23:09Z","2026-08-31T11:23:09Z","2026-08-31T11:23:39Z","30","00:00:30","117227.73165516263","ALVA","0","Pending Refund","executed","received","False","False","AE51C356817EFA7C61394B9E40AA9D91BAE73B9AC4D4206289510E627AE454F9","0xae51c356817efa7c61394b9e40aa9d91bae73b9ac4d4206289510e627ae454f9-7095742","Axelar Network (GMP)","https://api.axelarscan.io (public GMP Explorer API)"
"axelar : axelar1aqcj54lzz0rk22gvqgcn8fr5tx4rzwdv5wv5j9dmnacgefvd7wzsy2j2mr","immutable : 0xB5FB4BE02232B1bBA4dC8f81dc24C26980dE9e3C","axelar","immutable","axelar1aqcj54lzz0rk22gvqgcn8fr5tx4rzwdv5wv5j9dmnacgefvd7wzsy2j2mr","0xB5FB4BE02232B1bBA4dC8f81dc24C26980dE9e3C","2026-08-31T11:23:09Z","2026-08-31T11:23:09Z","2026-08-31T11:23:41Z","32","00:00:32","997769.35","IMT",,"Not Refunded","executed","received","False","False","3D3D1328E15FAD59C16528310397E3BBB90FEA6F957D34B593AC6C6C863B4E38","0x3d3d1328e15fad59c16528310397e3bbb90fea6f957d34b593ac6c6c863b4e38-7095745","Axelar Network (GMP)","https://api.axelarscan.io (public GMP Explorer API)"
"fraxtal : 0xDC3D8e1Abe590BCa428a8a2FC4CfDbD1AcF57Bd9","Arbitrum : 0xce16F69375520ab01377ce7B88f5BA8C48F8D666","fraxtal","Arbitrum","0xDC3D8e1Abe590BCa428a8a2FC4CfDbD1AcF57Bd9","0xce16F69375520ab01377ce7B88f5BA8C48F8D666","2026-08-31T11:16:25Z","2026-08-31T11:16:25Z","2026-08-31T11:42:58Z","1593","00:26:33","1117.18832","axlUSDC","1117.10006212272","Not Refunded","executed","received","False","True","0x3607a58a3b8a84c1809bff7e197295b9f597f27f14cc901f6e7924aa3aa26ec7","0x3607a58a3b8a84c1809bff7e197295b9f597f27f14cc901f6e7924aa3aa26ec7-9","Axelar Network (GMP)","https://api.axelarscan.io (public GMP Explorer API)"
"immutable : 0xce16F69375520ab01377ce7B88f5BA8C48F8D666","base : 0xce16F69375520ab01377ce7B88f5BA8C48F8D666","immutable","base","0xce16F69375520ab01377ce7B88f5BA8C48F8D666","0xce16F69375520ab01377ce7B88f5BA8C48F8D666","2026-08-31T11:15:53Z","2026-08-31T11:15:53Z","2026-08-31T11:17:09Z","76","00:01:16","2.676001","axlUSDC","2.6757895959209996","Not Refunded","executed","received","False","True","0xea759b03dcfe1480ebe79bd924f539f0778ea91288e076172d429394219b8567","0xea759b03dcfe1480ebe79bd924f539f0778ea91288e076172d429394219b8567-11","Axelar Network (GMP)","https://api.axelarscan.io (public GMP Explorer API)"
"axelar : axelar1aqcj54lzz0rk22gvqgcn8fr5tx4rzwdv5wv5j9dmnacgefvd7wzsy2j2mr","optimism : 0xB5FB4BE02232B1bBA4dC8f81dc24C26980dE9e3C","axelar","optimism","axelar1aqcj54lzz0rk22gvqgcn8fr5tx4rzwdv5wv5j9dmnacgefvd7wzsy2j2mr","0xB5FB4BE02232B1bBA4dC8f81dc24C26980dE9e3C","2026-08-31T11:15:10Z","2026-08-31T11:15:10Z","2026-08-31T11:15:29Z","19","00:00:19","652.540621140327","FNX",,"Pending Refund","executed","received","False","False","59701D734D62FB4F3274EB4541F69DB90C21042607D9833F56ABC8A4155A7C56","0x59701d734d62fb4f3274eb4541f69db90c21042607d9833f56abc8a4155a7c56-7095733","Axelar Network (GMP)","https://api.axelarscan.io (public GMP Explorer API)"
"polygon : 0xB5FB4BE02232B1bBA4dC8f81dc24C26980dE9e3C","axelar : axelar1aqcj54lzz0rk22gvqgcn8fr5tx4rzwdv5wv5j9dmnacgefvd7wzsy2j2mr","polygon","axelar","0xB5FB4BE02232B1bBA4dC8f81dc24C26980dE9e3C","axelar1aqcj54lzz0rk22gvqgcn8fr5tx4rzwdv5wv5j9dmnacgefvd7wzsy2j2mr","2026-08-31T11:14:54Z","2026-08-31T11:14:54Z","2026-08-31T11:15:10Z","16","00:00:16","652.540621140327","FNX",,"Not Refunded","executed","received","False","True","0x7628460afeed179d539ce979f8b4f1fdf0ee6b9304f9d968105c58e3d95c356f","0x7628460afeed179d539ce979f8b4f1fdf0ee6b9304f9d968105c58e3d95c356f-6","Axelar Network (GMP)","https://api.axelarscan.io (public GMP Explorer API)"
"immutable : 0x4f49B53928A71E553bB1B0F66a5BcB54Fd4E8932","Ethereum : 0x4f49B53928A71E553bB1B0F66a5BcB54Fd4E8932","immutable","Ethereum","0x4f49B53928A71E553bB1B0F66a5BcB54Fd4E8932","0x4f49B53928A71E553bB1B0F66a5BcB54Fd4E8932","2026-08-31T11:13:49Z","2026-08-31T11:13:49Z","2026-08-31T11:15:23Z","94","00:01:34",,,,"Not Refunded","executed","received","False","True","0x7c5b9bd69d2176b56d11292eed8c1c27f4678b0477f0571314507d3f694d6dc8","0x7c5b9bd69d2176b56d11292eed8c1c27f4678b0477f0571314507d3f694d6dc8-1","Axelar Network (GMP)","https://api.axelarscan.io (public GMP Explorer API)"
"immutable : 0x4f49B53928A71E553bB1B0F66a5BcB54Fd4E8932","Ethereum : 0x4f49B53928A71E553bB1B0F66a5BcB54Fd4E8932","immutable","Ethereum","0x4f49B53928A71E553bB1B0F66a5BcB54Fd4E8932","0x4f49B53928A71E553bB1B0F66a5BcB54Fd4E8932","2026-08-31T11:12:43Z","2026-08-31T11:12:43Z","2026-08-31T11:14:35Z","112","00:01:52",,,,"Not Refunded","executed","received","False","True","0x9dde3d148602f1fafc4ba99eb97fd92d2aa5298c6ae3ef1b09f83c61b364c047","0x9dde3d148602f1fafc4ba99eb97fd92d2aa5298c6ae3ef1b09f83c61b364c047-2","Axelar Network (GMP)","https://api.axelarscan.io (public GMP Explorer API)"
"ethereum : 0x4f49B53928A71E553bB1B0F66a5BcB54Fd4E8932","immutable : 0x4f49B53928A71E553bB1B0F66a5BcB54Fd4E8932","ethereum","immutable","0x4f49B53928A71E553bB1B0F66a5BcB54Fd4E8932","0x4f49B53928A71E553bB1B0F66a5BcB54Fd4E8932","2026-08-31T11:11:47Z","2026-08-31T11:11:47Z","2026-08-31T11:29:35Z","1068","00:17:48",,,,"Not Refunded","executed","received","False","True","0x9aa1b8879f8da602c157e50411fa1654cf228abaab12a2157fb4a6e5d21c3dc9","0x9aa1b8879f8da602c157e50411fa1654cf228abaab12a2157fb4a6e5d21c3dc9-1","Axelar Network (GMP)","https://api.axelarscan.io (public GMP Explorer API)"
"binance : 0xce16F69375520ab01377ce7B88f5BA8C48F8D666","Ethereum : 0xce16F69375520ab01377ce7B88f5BA8C48F8D666","binance","Ethereum","0xce16F69375520ab01377ce7B88f5BA8C48F8D666","0xce16F69375520ab01377ce7B88f5BA8C48F8D666","2026-08-31T11:11:20Z","2026-08-31T11:11:20Z","2026-08-31T11:12:59Z","99","00:01:39","0.463924","axlUSDC","0.463841885452","Not Refunded","executed","received","False","True","0x76be498db1e802a51a96997b5aa18e1609c7c362c2b6f2787d9ea09d03511e03","0x76be498db1e802a51a96997b5aa18e1609c7c362c2b6f2787d9ea09d03511e03-39","Axelar Network (GMP)","https://api.axelarscan.io (public GMP Explorer API)"
"osmosis : osmo173adwu8q6xfww53rhwtlxhjyafav74k6qsu9a7","binance : 0x43d090025aAA6C8693B71952B910AC55CcB56bBb","osmosis","binance","osmo173adwu8q6xfww53rhwtlxhjyafav74k6qsu9a7","0x43d090025aAA6C8693B71952B910AC55CcB56bBb","2026-08-31T11:10:25Z","2026-08-31T11:10:25Z","2026-08-31T11:10:50Z","25","00:00:25","5037.226019","AXL","247.6978825285159","Pending Refund","executed","received","False","True","2FD6DF562F0FF43F90C4B00F1DF869AE24C64795BA1873C5AFFCB549498C1190","0x1d8a995b208f730af575d37fd1192ef55f35e530351280de3874b1c8f468ccc4-7095727","Axelar Network (GMP)","https://api.axelarscan.io (public GMP Explorer API)"
"ethereum : 0xB5FB4BE02232B1bBA4dC8f81dc24C26980dE9e3C","axelar : axelar1aqcj54lzz0rk22gvqgcn8fr5tx4rzwdv5wv5j9dmnacgefvd7wzsy2j2mr","ethereum","axelar","0xB5FB4BE02232B1bBA4dC8f81dc24C26980dE9e3C","axelar1aqcj54lzz0rk22gvqgcn8fr5tx4rzwdv5wv5j9dmnacgefvd7wzsy2j2mr","2026-08-31T11:08:59Z","2026-08-31T11:08:59Z","2026-08-31T11:23:12Z","853","00:14:13","29194.16999656","ALVA","73.40406938915066","Not Refunded","executed","received","False","True","0xfbc212bf6250a2548b79b45f56cb0027378a70c84eb60b6617e789656f8bc6be","0xfbc212bf6250a2548b79b45f56cb0027378a70c84eb60b6617e789656f8bc6be-3","Axelar Network (GMP)","https://api.axelarscan.io (public GMP Explorer API)"
"ethereum : 0xB5FB4BE02232B1bBA4dC8f81dc24C26980dE9e3C","axelar : axelar1aqcj54lzz0rk22gvqgcn8fr5tx4rzwdv5wv5j9dmnacgefvd7wzsy2j2mr","ethereum","axelar","0xB5FB4BE02232B1bBA4dC8f81dc24C26980dE9e3C","axelar1aqcj54lzz0rk22gvqgcn8fr5tx4rzwdv5wv5j9dmnacgefvd7wzsy2j2mr","2026-08-31T11:08:23Z","2026-08-31T11:08:23Z","2026-08-31T11:23:09Z","886","00:14:46","997769.35","IMT",,"Not Refunded","executed","received","False","True","0xdb967b4d12367bc15e3f66f707e2268fc94d46d295aaa09288e4e799c1bdef0f","0xdb967b4d12367bc15e3f66f707e2268fc94d46d295aaa09288e4e799c1bdef0f-7","Axelar Network (GMP)","https://api.axelarscan.io (public GMP Explorer API)"
"osmosis : osmo173adwu8q6xfww53rhwtlxhjyafav74k6qsu9a7","binance : 0x43d090025aAA6C8693B71952B910AC55CcB56bBb","osmosis","binance","osmo173adwu8q6xfww53rhwtlxhjyafav74k6qsu9a7","0x43d090025aAA6C8693B71952B910AC55CcB56bBb","2026-08-31T11:08:14Z","2026-08-31T11:08:14Z","2026-08-31T11:08:40Z","26","00:00:26","5047.100082","AXL","247.1063228407249","Pending Refund","executed","received","False","True","1D1380FE28752E6F808A42B8D6A7A2F4ABEECF50107F4A46FA3831DB34FF8171","0x59cf6ef5ad105fe09ea54b2cca56e932409b6bf00ee43e3c490a166f36abeb9a-7095726","Axelar Network (GMP)","https://api.axelarscan.io (public GMP Explorer API)"
"ethereum : 0xB5FB4BE02232B1bBA4dC8f81dc24C26980dE9e3C","axelar : axelar1aqcj54lzz0rk22gvqgcn8fr5tx4rzwdv5wv5j9dmnacgefvd7wzsy2j2mr","ethereum","axelar","0xB5FB4BE02232B1bBA4dC8f81dc24C26980dE9e3C","axelar1aqcj54lzz0rk22gvqgcn8fr5tx4rzwdv5wv5j9dmnacgefvd7wzsy2j2mr","2026-08-31T11:07:59Z","2026-08-31T11:07:59Z","2026-08-31T11:23:09Z","910","00:15:10","117227.73165516263","ALVA","294.7503748098416","Not Refunded","executed","received","False","True","0x40642b6f277771e4d0a2ff445ae18769380c073fc38ffc22df36f962d0ee15c6","0x40642b6f277771e4d0a2ff445ae18769380c073fc38ffc22df36f962d0ee15c6-9","Axelar Network (GMP)","https://api.axelarscan.io (public GMP Explorer API)"
"osmosis : osmo1m8wg4vxkefhs374qxmmqpyusgz289wmulex5qdwpfx7jnrxzer5s9cv83q","Ethereum : 0xB773bCc5B325ad9AC6B36e1A046AD4466833A16E","osmosis","Ethereum","osmo1m8wg4vxkefhs374qxmmqpyusgz289wmulex5qdwpfx7jnrxzer5s9cv83q","0xB773bCc5B325ad9AC6B36e1A046AD4466833A16E","2026-08-31T11:06:51Z","2026-08-31T11:06:51Z","2026-08-31T11:08:23Z","92","00:01:32","153.133809","axlUSDC","153.10930759056","Pending Refund","executed","received","False","True","6A8917DE2C7175EB3FDE608EC02C2C8D367A5FF4CFF9C93E9F0BBBBD841D1855","0xd4a85b6c728a3717078bf5396dafa971f245dcd967cfc34f8088a608b3697bad-7095725","Axelar Network (GMP)","https://api.axelarscan.io (public GMP Explorer API)"
"osmosis : osmo1m8wg4vxkefhs374qxmmqpyusgz289wmulex5qdwpfx7jnrxzer5s9cv83q","base : 0x569594F181ac9AbdE3eBf89954F3D3Af40d63600","osmosis","base","osmo1m8wg4vxkefhs374qxmmqpyusgz289wmulex5qdwpfx7jnrxzer5s9cv83q","0x569594F181ac9AbdE3eBf89954F3D3Af40d63600","2026-08-31T11:06:38Z","2026-08-31T11:06:38Z","2026-08-31T11:07:33Z","55","00:00:55","7.447408","axlUSDC","7.44621641472","Pending Refund","executed","received","False","True","760A543B0CBDBAFF7556629E2F21B128FD6021609A66B886FD0E02F1A208ADBC","0x0d46a6d9bb0d9817e9697da81542ecb3629f0019128605d665886d25733eb47c-7095724","Axelar Network (GMP)","https://api.axelarscan.io (public GMP Explorer API)"
"axelar : axelar1aqcj54lzz0rk22gvqgcn8fr5tx4rzwdv5wv5j9dmnacgefvd7wzsy2j2mr","optimism : 0xB5FB4BE02232B1bBA4dC8f81dc24C26980dE9e3C","axelar","optimism","axelar1aqcj54lzz0rk22gvqgcn8fr5tx4rzwdv5wv5j9dmnacgefvd7wzsy2j2mr","0xB5FB4BE02232B1bBA4dC8f81dc24C26980dE9e3C","2026-08-31T11:04:47Z","2026-08-31T11:04:47Z","2026-08-31T11:05:29Z","42","00:00:42","81.67658948076526","FNX",,"Pending Refund","executed","received","False","False","027D5173E54AC5DC5011AA25007F1EC936F02BD7415354CFFB424AF28F4A9F52","0x027d5173e54ac5dc5011aa25007f1ec936f02bd7415354cffb424af28f4a9f52-7095723","Axelar Network (GMP)","https://api.axelarscan.io (public GMP Explorer API)"
"polygon : 0xB5FB4BE02232B1bBA4dC8f81dc24C26980dE9e3C","axelar : axelar1aqcj54lzz0rk22gvqgcn8fr5tx4rzwdv5wv5j9dmnacgefvd7wzsy2j2mr","polygon","axelar","0xB5FB4BE02232B1bBA4dC8f81dc24C26980dE9e3C","axelar1aqcj54lzz0rk22gvqgcn8fr5tx4rzwdv5wv5j9dmnacgefvd7wzsy2j2mr","2026-08-31T11:04:30Z","2026-08-31T11:04:30Z","2026-08-31T11:04:47Z","17","00:00:17","81.67658948076526","FNX",,"Not Refunded","executed","received","False","True","0x68c3651630aa7ebe7b53d518485f81d5ad7d2686ec0f9a1ae61b0f4fc7436bc6","0x68c3651630aa7ebe7b53d518485f81d5ad7d2686ec0f9a1ae61b0f4fc7436bc6-6","Axelar Network (GMP)","https://api.axelarscan.io (public GMP Explorer API)"
"osmosis : osmo1n6ney9tsf55etz9nrmzyd8wa7e64qd3s06a74fqs30ka8pps6cvqtsycr6","Ethereum : 0xce16F69375520ab01377ce7B88f5BA8C48F8D666","osmosis","Ethereum","osmo1n6ney9tsf55etz9nrmzyd8wa7e64qd3s06a74fqs30ka8pps6cvqtsycr6","0xce16F69375520ab01377ce7B88f5BA8C48F8D666","2026-08-31T11:03:18Z","2026-08-31T11:03:18Z","2026-08-31T11:04:23Z","65","00:01:05","68.404825","axlUSDC","68.393880228","Pending Refund","executed","received","False","True","1A08470B5BBD0E930E678F6E469C35798A3BC0033E64B3B830748ACF45A24D4A","0x189cbbcd0d1e9c201d1eb5f82de9454af3d9bf788cefbf3b27ebc6bc423432e3-7095717","Axelar Network (GMP)","https://api.axelarscan.io (public GMP Explorer API)"
"axelar : axelar1aqcj54lzz0rk22gvqgcn8fr5tx4rzwdv5wv5j9dmnacgefvd7wzsy2j2mr","optimism : 0xB5FB4BE02232B1bBA4dC8f81dc24C26980dE9e3C","axelar","optimism","axelar1aqcj54lzz0rk22gvqgcn8fr5tx4rzwdv5wv5j9dmnacgefvd7wzsy2j2mr","0xB5FB4BE02232B1bBA4dC8f81dc24C26980dE9e3C","2026-08-31T11:01:51Z","2026-08-31T11:01:51Z","2026-08-31T11:02:33Z","42","00:00:42","167.19934953871476","FNX",,"Not Refunded","executed","received","False","False","2A63C3459643CBDA2D54FD36A5A4B1A4D8AC16BE08297183D30B16028EE60F52","0x2a63c3459643cbda2d54fd36a5a4b1a4d8ac16be08297183d30b16028ee60f52-7095716","Axelar Network (GMP)","https://api.axelarscan.io (public GMP Explorer API)"
"polygon : 0xB5FB4BE02232B1bBA4dC8f81dc24C26980dE9e3C","axelar : axelar1aqcj54lzz0rk22gvqgcn8fr5tx4rzwdv5wv5j9dmnacgefvd7wzsy2j2mr","polygon","axelar","0xB5FB4BE02232B1bBA4dC8f81dc24C26980dE9e3C","axelar1aqcj54lzz0rk22gvqgcn8fr5tx4rzwdv5wv5j9dmnacgefvd7wzsy2j2mr","2026-08-31T11:01:30Z","2026-08-31T11:01:30Z","2026-08-31T11:01:51Z","21","00:00:21","167.19934953871476","FNX",,"Not Refunded","executed","received","False","True","0x27977c84167d56bd2790087a5fd671867ab6abca727e028a074767cf3a19b000","0x27977c84167d56bd2790087a5fd671867ab6abca727e028a074767cf3a19b000-6","Axelar Network (GMP)","https://api.axelarscan.io (public GMP Explorer API)"
"osmosis : osmo173adwu8q6xfww53rhwtlxhjyafav74k6qsu9a7","binance : 0x43d090025aAA6C8693B71952B910AC55CcB56bBb","osmosis","binance","osmo173adwu8q6xfww53rhwtlxhjyafav74k6qsu9a7","0x43d090025aAA6C8693B71952B910AC55CcB56bBb","2026-08-31T11:00:53Z","2026-08-31T11:00:53Z","2026-08-31T11:01:25Z","32","00:00:32","5015.414177","AXL","242.26792673330658","Pending Refund","executed","received","False","True","5765947DEE2DB6444B14852C29D4CB9D87300EA526E21A587455266542918203","0x7b90d3d192d97b3d576681ec298854cfc62e64f74d8cf068388b363970787ae6-7095710","Axelar Network (GMP)","https://api.axelarscan.io (public GMP Explorer API)"
"osmosis : osmo1n6ney9tsf55etz9nrmzyd8wa7e64qd3s06a74fqs30ka8pps6cvqtsycr6","binance : 0xce16F69375520ab01377ce7B88f5BA8C48F8D666","osmosis","binance","osmo1n6ney9tsf55etz9nrmzyd8wa7e64qd3s06a74fqs30ka8pps6cvqtsycr6","0xce16F69375520ab01377ce7B88f5BA8C48F8D666","2026-08-31T11:00:40Z","2026-08-31T11:00:40Z","2026-08-31T11:01:05Z","25","00:00:25","47.356018","axlUSDC","47.347115068616","Pending Refund","executed","received","False","True","812929F39174C4729E1F38F632986FE8D36B0E30DEC6FF4CFB71834AA1779E48","0x28986b18125979535376a880b7329752edb642e6f89693fb39f74fda924a4ffc-7095709","Axelar Network (GMP)","https://api.axelarscan.io (public GMP Explorer API)"
"axelar : axelar1aqcj54lzz0rk22gvqgcn8fr5tx4rzwdv5wv5j9dmnacgefvd7wzsy2j2mr","optimism : 0xB5FB4BE02232B1bBA4dC8f81dc24C26980dE9e3C","axelar","optimism","axelar1aqcj54lzz0rk22gvqgcn8fr5tx4rzwdv5wv5j9dmnacgefvd7wzsy2j2mr","0xB5FB4BE02232B1bBA4dC8f81dc24C26980dE9e3C","2026-08-31T10:59:16Z","2026-08-31T10:59:16Z","2026-08-31T10:59:59Z","43","00:00:43","652.9371327819305","FNX",,"Not Refunded","executed","received","False","False","384EB71F6CE2BD23EEC899BF29D9EB19F5A21187CB0DED6713F2BF0A86494932","0x384eb71f6ce2bd23eec899bf29d9eb19f5a21187cb0ded6713f2bf0a86494932-7095708","Axelar Network (GMP)","https://api.axelarscan.io (public GMP Explorer API)"
"polygon : 0xB5FB4BE02232B1bBA4dC8f81dc24C26980dE9e3C","axelar : axelar1aqcj54lzz0rk22gvqgcn8fr5tx4rzwdv5wv5j9dmnacgefvd7wzsy2j2mr","polygon","axelar","0xB5FB4BE02232B1bBA4dC8f81dc24C26980dE9e3C","axelar1aqcj54lzz0rk22gvqgcn8fr5tx4rzwdv5wv5j9dmnacgefvd7wzsy2j2mr","2026-08-31T10:58:56Z","2026-08-31T10:58:56Z","2026-08-31T10:59:16Z","20","00:00:20","652.9371327819305","FNX",,"Not Refunded","executed","received","False","True","0xf59a337d00eb7b9faf4d1433ab77e354d8580b2bb1569437d6e073560d4be280","0xf59a337d00eb7b9faf4d1433ab77e354d8580b2bb1569437d6e073560d4be280-6","Axelar Network (GMP)","https://api.axelarscan.io (public GMP Explorer API)"
"osmosis : osmo173adwu8q6xfww53rhwtlxhjyafav74k6qsu9a7","binance : 0x43d090025aAA6C8693B71952B910AC55CcB56bBb","osmosis","binance","osmo173adwu8q6xfww53rhwtlxhjyafav74k6qsu9a7","0x43d090025aAA6C8693B71952B910AC55CcB56bBb","2026-08-31T10:57:39Z","2026-08-31T10:57:39Z","2026-08-31T10:58:10Z","31","00:00:31","5020.118058","AXL","234.83273915608314","Pending Refund","executed","received","False","True","3D000672CC2164AD6ECD4FEB99D9B40F976886C0ECC55DACC74076D78F23E3C7","0xcb5230d83ec230db2f1c88fda25835fd9a83b2a7155afe34647a1644fdb2fad8-7095702","Axelar Network (GMP)","https://api.axelarscan.io (public GMP Explorer API)"
"osmosis : osmo173adwu8q6xfww53rhwtlxhjyafav74k6qsu9a7","binance : 0x43d090025aAA6C8693B71952B910AC55CcB56bBb","osmosis","binance","osmo173adwu8q6xfww53rhwtlxhjyafav74k6qsu9a7","0x43d090025aAA6C8693B71952B910AC55CcB56bBb","2026-08-31T10:56:39Z","2026-08-31T10:56:39Z","2026-08-31T10:57:00Z","21","00:00:21","5036.038058","AXL","235.57745016968315","Pending Refund","executed","received","False","True","E5497BBDE6C408B30B1C5180CA6BB88B81589F66FFC339CD712ACB969D19F268","0x1084ce32918b4dd60ef1a3179042c4a47993e408fa5e75fb12c8fb5d50b1eee2-7095701","Axelar Network (GMP)","https://api.axelarscan.io (public GMP Explorer API)"
"axelar : axelar1aqcj54lzz0rk22gvqgcn8fr5tx4rzwdv5wv5j9dmnacgefvd7wzsy2j2mr","optimism : 0xB5FB4BE02232B1bBA4dC8f81dc24C26980dE9e3C","axelar","optimism","axelar1aqcj54lzz0rk22gvqgcn8fr5tx4rzwdv5wv5j9dmnacgefvd7wzsy2j2mr","0xB5FB4BE02232B1bBA4dC8f81dc24C26980dE9e3C","2026-08-31T10:56:05Z","2026-08-31T10:56:05Z","2026-08-31T10:56:33Z","28","00:00:28","651.5757243653607","FNX",,"Not Refunded","executed","received","False","False","47506FE594857715C1D0986C84110EB663483D158504B14ADDC5C7F8956B3869","0x47506fe594857715c1d0986c84110eb663483d158504b14addc5c7f8956b3869-7095700","Axelar Network (GMP)","https://api.axelarscan.io (public GMP Explorer API)"
"polygon : 0xB5FB4BE02232B1bBA4dC8f81dc24C26980dE9e3C","axelar : axelar1aqcj54lzz0rk22gvqgcn8fr5tx4rzwdv5wv5j9dmnacgefvd7wzsy2j2mr","polygon","axelar","0xB5FB4BE02232B1bBA4dC8f81dc24C26980dE9e3C","axelar1aqcj54lzz0rk22gvqgcn8fr5tx4rzwdv5wv5j9dmnacgefvd7wzsy2j2mr","2026-08-31T10:55:50Z","2026-08-31T10:55:50Z","2026-08-31T10:56:05Z","15","00:00:15","651.5757243653607","FNX",,"Not Refunded","executed","received","False","True","0x9459e1e5f468ba02c3ce2180575cf2af28150caf427b6f7c748e463a68b16cba","0x9459e1e5f468ba02c3ce2180575cf2af28150caf427b6f7c748e463a68b16cba-6","Axelar Network (GMP)","https://api.axelarscan.io (public GMP Explorer API)"
"axelar : axelar1aqcj54lzz0rk22gvqgcn8fr5tx4rzwdv5wv5j9dmnacgefvd7wzsy2j2mr","optimism : 0xB5FB4BE02232B1bBA4dC8f81dc24C26980dE9e3C","axelar","optimism","axelar1aqcj54lzz0rk22gvqgcn8fr5tx4rzwdv5wv5j9dmnacgefvd7wzsy2j2mr","0xB5FB4BE02232B1bBA4dC8f81dc24C26980dE9e3C","2026-08-31T10:53:56Z","2026-08-31T10:53:56Z","2026-08-31T10:54:29Z","33","00:00:33","657.4045524069636","FNX",,"Not Refunded","executed","received","False","False","0723020A24BCE9D90AF894B00DC21A4DDE51A6CE1687ED0B271C85D46E5AACBA","0x0723020a24bce9d90af894b00dc21a4dde51a6ce1687ed0b271c85d46e5aacba-7095694","Axelar Network (GMP)","https://api.axelarscan.io (public GMP Explorer API)"
"base : 0xce16F69375520ab01377ce7B88f5BA8C48F8D666","binance : 0xce16F69375520ab01377ce7B88f5BA8C48F8D666","base","binance","0xce16F69375520ab01377ce7B88f5BA8C48F8D666","0xce16F69375520ab01377ce7B88f5BA8C48F8D666","2026-08-31T10:53:39Z","2026-08-31T10:53:39Z","2026-08-31T11:17:20Z","1421","00:23:41","800.112867","axlUSDC","799.963245893871","Not Refunded","executed","received","False","True","0x8fa4909aa06ff7ebb425d023dd350423ecedbda5cfc306a14f34a54ba40fdf04","0x8fa4909aa06ff7ebb425d023dd350423ecedbda5cfc306a14f34a54ba40fdf04-7","Axelar Network (GMP)","https://api.axelarscan.io (public GMP Explorer API)"
"polygon : 0xB5FB4BE02232B1bBA4dC8f81dc24C26980dE9e3C","axelar : axelar1aqcj54lzz0rk22gvqgcn8fr5tx4rzwdv5wv5j9dmnacgefvd7wzsy2j2mr","polygon","axelar","0xB5FB4BE02232B1bBA4dC8f81dc24C26980dE9e3C","axelar1aqcj54lzz0rk22gvqgcn8fr5tx4rzwdv5wv5j9dmnacgefvd7wzsy2j2mr","2026-08-31T10:53:36Z","2026-08-31T10:53:36Z","2026-08-31T10:53:56Z","20","00:00:20","657.4045524069636","FNX",,"Not Refunded","executed","received","False","True","0x5ff9e1cabcd1f032971a3c4c8c0bf4d09d4a1324e2fa1be901cf272a54a6d9f8","0x5ff9e1cabcd1f032971a3c4c8c0bf4d09d4a1324e2fa1be901cf272a54a6d9f8-6","Axelar Network (GMP)","https://api.axelarscan.io (public GMP Explorer API)"
"osmosis : osmo1j5mzxyej2rk0v48exukax7tn2w9axq8jft4ng3","binance : 0xce16F69375520ab01377ce7B88f5BA8C48F8D666","osmosis","binance","osmo1j5mzxyej2rk0v48exukax7tn2w9axq8jft4ng3","0xce16F69375520ab01377ce7B88f5BA8C48F8D666","2026-08-31T10:53:09Z","2026-08-31T10:53:09Z","2026-08-31T10:53:35Z","26","00:00:26","20.850513","axlUSDC","20.846613954069","Pending Refund","executed","received","False","True","243227D8B3DEE91BA1591013B90DD65781F0EB233539967A7C95C99A843E9129","0x15059f8f5b2477161717f2aa148691884867c94f66b2c5573562dd25a90cde16-7095688","Axelar Network (GMP)","https://api.axelarscan.io (public GMP Explorer API)"
"polygon : 0xcbBA104B6CB4960a70E5dfc48E76C536A1f19609","binance : 0xcbBA104B6CB4960a70E5dfc48E76C536A1f19609","polygon","binance","0xcbBA104B6CB4960a70E5dfc48E76C536A1f19609","0xcbBA104B6CB4960a70E5dfc48E76C536A1f19609","2026-08-31T10:51:24Z","2026-08-31T10:51:24Z","2026-08-31T10:52:00Z","36","00:00:36",,,,"Not Refunded","executed","received","False","True","0xb0c6eb230c2dcd7b68db81f2ced341653d1c772c7aca5b421fe4f8888a79afe8","0xb0c6eb230c2dcd7b68db81f2ced341653d1c772c7aca5b421fe4f8888a79afe8-6","Axelar Network (GMP)","https://api.axelarscan.io (public GMP Explorer API)"
"polygon : 0xcbBA104B6CB4960a70E5dfc48E76C536A1f19609","binance : 0xcbBA104B6CB4960a70E5dfc48E76C536A1f19609","polygon","binance","0xcbBA104B6CB4960a70E5dfc48E76C536A1f19609","0xcbBA104B6CB4960a70E5dfc48E76C536A1f19609","2026-08-31T10:50:47Z","2026-08-31T10:50:47Z","2026-08-31T10:51:25Z","38","00:00:38",,,,"Not Refunded","executed","received","False","True","0x874574a7c9752cdbd5955a24f268179b12b0a114149d260d3a9e90b9ea6c5db4","0x874574a7c9752cdbd5955a24f268179b12b0a114149d260d3a9e90b9ea6c5db4-19","Axelar Network (GMP)","https://api.axelarscan.io (public GMP Explorer API)"
"axelar : axelar1aqcj54lzz0rk22gvqgcn8fr5tx4rzwdv5wv5j9dmnacgefvd7wzsy2j2mr","arbitrum : 0xB5FB4BE02232B1bBA4dC8f81dc24C26980dE9e3C","axelar","arbitrum","axelar1aqcj54lzz0rk22gvqgcn8fr5tx4rzwdv5wv5j9dmnacgefvd7wzsy2j2mr","0xB5FB4BE02232B1bBA4dC8f81dc24C26980dE9e3C","2026-08-31T10:50:43Z","2026-08-31T10:50:43Z","2026-08-31T10:51:24Z","41","00:00:41","10545176.108868727","AI","0","Pending Refund","executed","received","False","False","126A40E36934EF62E00F8A53727F72B7622E6BC47E02B49516CA112940E23A10","0x126a40e36934ef62e00f8a53727f72b7622e6bc47e02b49516ca112940e23a10-7095687","Axelar Network (GMP)","https://api.axelarscan.io (public GMP Explorer API)"
"polygon : 0xB5FB4BE02232B1bBA4dC8f81dc24C26980dE9e3C","axelar : axelar1aqcj54lzz0rk22gvqgcn8fr5tx4rzwdv5wv5j9dmnacgefvd7wzsy2j2mr","polygon","axelar","0xB5FB4BE02232B1bBA4dC8f81dc24C26980dE9e3C","axelar1aqcj54lzz0rk22gvqgcn8fr5tx4rzwdv5wv5j9dmnacgefvd7wzsy2j2mr","2026-08-31T10:50:24Z","2026-08-31T10:50:24Z","2026-08-31T10:50:43Z","19","00:00:19","10545176.108868727","AI","10.140388978753693","Not Refunded","executed","received","False","True","0xc831eb4f49392d9f68c184183d8800bf95f415229f0b1d088af4ea58c8ba8dad","0xc831eb4f49392d9f68c184183d8800bf95f415229f0b1d088af4ea58c8ba8dad-5","Axelar Network (GMP)","https://api.axelarscan.io (public GMP Explorer API)"
"binance : 0x43d090025aAA6C8693B71952B910AC55CcB56bBb","osmosis : osmo173adwu8q6xfww53rhwtlxhjyafav74k6qsu9a7","binance","osmosis","0x43d090025aAA6C8693B71952B910AC55CcB56bBb","osmo173adwu8q6xfww53rhwtlxhjyafav74k6qsu9a7","2026-08-31T10:49:40Z","2026-08-31T10:49:40Z","2026-08-31T10:49:58Z","18","00:00:18","4853.22","AXL","226.4816748894","Not Refunded","executed","received","False","True","0xd39aa4621c1165150e23141eb01a1bf16e6c531ff497c240d2cd8ba72b3fb4c7","0xd39aa4621c1165150e23141eb01a1bf16e6c531ff497c240d2cd8ba72b3fb4c7-3","Axelar Network (GMP)","https://api.axelarscan.io (public GMP Explorer API)"
"binance : 0x43d090025aAA6C8693B71952B910AC55CcB56bBb","osmosis : osmo173adwu8q6xfww53rhwtlxhjyafav74k6qsu9a7","binance","osmosis","0x43d090025aAA6C8693B71952B910AC55CcB56bBb","osmo173adwu8q6xfww53rhwtlxhjyafav74k6qsu9a7","2026-08-31T10:48:20Z","2026-08-31T10:48:20Z","2026-08-31T10:48:37Z","17","00:00:17","4819.73","AXL","229.252385342","Not Refunded","executed","received","False","True","0x2081b17a88ad4e0976b51ff9eb1352da761066d4a6b1762678c53c90d2570718","0x2081b17a88ad4e0976b51ff9eb1352da761066d4a6b1762678c53c90d2570718-3","Axelar Network (GMP)","https://api.axelarscan.io (public GMP Explorer API)"
"binance : 0x43d090025aAA6C8693B71952B910AC55CcB56bBb","osmosis : osmo173adwu8q6xfww53rhwtlxhjyafav74k6qsu9a7","binance","osmosis","0x43d090025aAA6C8693B71952B910AC55CcB56bBb","osmo173adwu8q6xfww53rhwtlxhjyafav74k6qsu9a7","2026-08-31T10:47:00Z","2026-08-31T10:47:00Z","2026-08-31T10:47:20Z","20","00:00:20","5073.05","AXL","241.30165247000002","Not Refunded","executed","received","False","True","0xdb86ec52055f80af60b447687b906f52096b34398562a2a6ecfc9ed75b39f8d1","0xdb86ec52055f80af60b447687b906f52096b34398562a2a6ecfc9ed75b39f8d1-3","Axelar Network (GMP)","https://api.axelarscan.io (public GMP Explorer API)"
"axelar : axelar1aqcj54lzz0rk22gvqgcn8fr5tx4rzwdv5wv5j9dmnacgefvd7wzsy2j2mr","ethereum : 0xB5FB4BE02232B1bBA4dC8f81dc24C26980dE9e3C","axelar","ethereum","axelar1aqcj54lzz0rk22gvqgcn8fr5tx4rzwdv5wv5j9dmnacgefvd7wzsy2j2mr","0xB5FB4BE02232B1bBA4dC8f81dc24C26980dE9e3C","2026-08-31T10:45:51Z","2026-08-31T10:45:51Z","2026-08-31T10:47:23Z","92","00:01:32","49595.71845696301","ATH","0","Pending Refund","executed","received","False","False","781236BE4AFF0DA20A3ED33260CD4F150414B231EB6718544F520053DE0C0DB7","0x781236be4aff0da20a3ed33260cd4f150414b231eb6718544f520053de0c0db7-7095681","Axelar Network (GMP)","https://api.axelarscan.io (public GMP Explorer API)"
"base : 0xce16F69375520ab01377ce7B88f5BA8C48F8D666","mantle : 0xce16F69375520ab01377ce7B88f5BA8C48F8D666","base","mantle","0xce16F69375520ab01377ce7B88f5BA8C48F8D666","0xce16F69375520ab01377ce7B88f5BA8C48F8D666","2026-08-31T10:41:07Z","2026-08-31T10:41:07Z","2026-08-31T11:04:44Z","1417","00:23:37","0.199439","axlUSDC","0.199398314444","Not Refunded","executed","received","False","True","0x5d93177191783aa55dc64793ae32f584e8a951be9edd02204d11b22a83c50593","0x5d93177191783aa55dc64793ae32f584e8a951be9edd02204d11b22a83c50593-11","Axelar Network (GMP)","https://api.axelarscan.io (public GMP Explorer API)"
"binance : 0x43d090025aAA6C8693B71952B910AC55CcB56bBb","osmosis : osmo173adwu8q6xfww53rhwtlxhjyafav74k6qsu9a7","binance","osmosis","0x43d090025aAA6C8693B71952B910AC55CcB56bBb","osmo173adwu8q6xfww53rhwtlxhjyafav74k6qsu9a7","2026-08-31T10:37:31Z","2026-08-31T10:37:31Z","2026-08-31T10:37:51Z","20","00:00:20","5038.96","AXL","239.9265027384","Not Refunded","executed","received","False","True","0xd4b67c52a61dc0f05c35bc431d56835f8a06523bf8d25cab45ab4ecd9f8b9e60","0xd4b67c52a61dc0f05c35bc431d56835f8a06523bf8d25cab45ab4ecd9f8b9e60-3","Axelar Network (GMP)","https://api.axelarscan.io (public GMP Explorer API)"
"immutable : 0xce16F69375520ab01377ce7B88f5BA8C48F8D666","optimism : 0xce16F69375520ab01377ce7B88f5BA8C48F8D666","immutable","optimism","0xce16F69375520ab01377ce7B88f5BA8C48F8D666","0xce16F69375520ab01377ce7B88f5BA8C48F8D666","2026-08-31T10:37:13Z","2026-08-31T10:37:13Z","2026-08-31T10:38:03Z","50","00:00:50","11.874573","axlUSDC","11.872150587108","Not Refunded","executed","received","False","True","0xaaa76d7cb9238418018074ebbb6efec30edfcf88d369929a28a9ce9ec1b979f8","0xaaa76d7cb9238418018074ebbb6efec30edfcf88d369929a28a9ce9ec1b979f8-16","Axelar Network (GMP)","https://api.axelarscan.io (public GMP Explorer API)"
"binance : 0xce16F69375520ab01377ce7B88f5BA8C48F8D666","Ethereum : 0xce16F69375520ab01377ce7B88f5BA8C48F8D666","binance","Ethereum","0xce16F69375520ab01377ce7B88f5BA8C48F8D666","0xce16F69375520ab01377ce7B88f5BA8C48F8D666","2026-08-31T10:37:11Z","2026-08-31T10:37:11Z","2026-08-31T10:38:23Z","72","00:01:12","98.839095","axlUSDC","98.81893182462001","Not Refunded","executed","received","False","True","0x5412cc6ab618b824742623ccf0fc9656e67c40d253078d41e27917274b20afd8","0x5412cc6ab618b824742623ccf0fc9656e67c40d253078d41e27917274b20afd8-21","Axelar Network (GMP)","https://api.axelarscan.io (public GMP Explorer API)"
"base : 0xce16F69375520ab01377ce7B88f5BA8C48F8D666","Arbitrum : 0xce16F69375520ab01377ce7B88f5BA8C48F8D666","base","Arbitrum","0xce16F69375520ab01377ce7B88f5BA8C48F8D666","0xce16F69375520ab01377ce7B88f5BA8C48F8D666","2026-08-31T10:36:59Z","2026-08-31T10:36:59Z","2026-08-31T11:04:29Z","1650","00:27:30","55.952491","axlUSDC","55.941076691836","Not Refunded","executed","received","False","True","0x5b4e3d4592356b1e77984d87244fbbc96a79326aa16d125056b8e42c1c70cd3e","0x5b4e3d4592356b1e77984d87244fbbc96a79326aa16d125056b8e42c1c70cd3e-10","Axelar Network (GMP)","https://api.axelarscan.io (public GMP Explorer API)"
"osmosis : osmo1m8wg4vxkefhs374qxmmqpyusgz289wmulex5qdwpfx7jnrxzer5s9cv83q","base : 0x569594F181ac9AbdE3eBf89954F3D3Af40d63600","osmosis","base","osmo1m8wg4vxkefhs374qxmmqpyusgz289wmulex5qdwpfx7jnrxzer5s9cv83q","0x569594F181ac9AbdE3eBf89954F3D3Af40d63600","2026-08-31T10:35:13Z","2026-08-31T10:35:13Z","2026-08-31T10:36:03Z","50","00:00:50","3.285555","axlUSDC","3.28481903568","Pending Refund","executed","received","False","True","3932438392C639A034DB9999E152385D4E6881AC56FE5A475A539DAB59C08CDF","0x0ae546cbb4a6f6b1bfc468e9e3da5884db943ddeb40ba18b0ba145be23dbeec2-7095675","Axelar Network (GMP)","https://api.axelarscan.io (public GMP Explorer API)"
"ethereum : 0xce16F69375520ab01377ce7B88f5BA8C48F8D666","Arbitrum : 0xce16F69375520ab01377ce7B88f5BA8C48F8D666","ethereum","Arbitrum","0xce16F69375520ab01377ce7B88f5BA8C48F8D666","0xce16F69375520ab01377ce7B88f5BA8C48F8D666","2026-08-31T10:32:23Z","2026-08-31T10:32:23Z","2026-08-31T10:50:54Z","1111","00:18:31","27.22","USDC","27.21390272","Not Refunded","executed","received","False","True","0x2d572d102790dfdc5c5256cd2fe5aadd58cf2fa9da6628c450f621c3cd7d3832","0x2d572d102790dfdc5c5256cd2fe5aadd58cf2fa9da6628c450f621c3cd7d3832-4","Axelar Network (GMP)","https://api.axelarscan.io (public GMP Explorer API)"
"osmosis : osmo1ymvkf7cm8ls4pn0wcx4avcludmu6udrlmlyje4","binance : 0xce16F69375520ab01377ce7B88f5BA8C48F8D666","osmosis","binance","osmo1ymvkf7cm8ls4pn0wcx4avcludmu6udrlmlyje4","0xce16F69375520ab01377ce7B88f5BA8C48F8D666","2026-08-31T10:29:34Z","2026-08-31T10:29:34Z","2026-08-31T10:30:05Z","31","00:00:31","0.4999453105708343","axlBNB","341.89260008697073","Pending Refund","executed","received","False","True","FA3F19231C146A7622C8AD3A85860DB38F53DF3FF8A821562FB0FF91CF5D65E9","0xa44ad9af7b2eaa5576f0a444bcd901ae3ec902489c89bb42c753c40d3819d198-7095674","Axelar Network (GMP)","https://api.axelarscan.io (public GMP Explorer API)"
"ethereum : 0x4f49B53928A71E553bB1B0F66a5BcB54Fd4E8932","immutable : 0x4f49B53928A71E553bB1B0F66a5BcB54Fd4E8932","ethereum","immutable","0x4f49B53928A71E553bB1B0F66a5BcB54Fd4E8932","0x4f49B53928A71E553bB1B0F66a5BcB54Fd4E8932","2026-08-31T10:28:47Z","2026-08-31T10:28:47Z","2026-08-31T10:44:55Z","968","00:16:08",,,,"Not Refunded","executed","received","False","True","0x772312efd6a6853d6e61742a693ea22068dbc188831262bfc139c54f1a9ec858","0x772312efd6a6853d6e61742a693ea22068dbc188831262bfc139c54f1a9ec858-1","Axelar Network (GMP)","https://api.axelarscan.io (public GMP Explorer API)"
"arbitrum : 0xB5FB4BE02232B1bBA4dC8f81dc24C26980dE9e3C","axelar : axelar1aqcj54lzz0rk22gvqgcn8fr5tx4rzwdv5wv5j9dmnacgefvd7wzsy2j2mr","arbitrum","axelar","0xB5FB4BE02232B1bBA4dC8f81dc24C26980dE9e3C","axelar1aqcj54lzz0rk22gvqgcn8fr5tx4rzwdv5wv5j9dmnacgefvd7wzsy2j2mr","2026-08-31T10:28:19Z","2026-08-31T10:28:19Z","2026-08-31T10:45:51Z","1052","00:17:32","49595.71845696301","ATH","246.25166936814358","Not Refunded","executed","received","False","True","0x78956c4586d11c4f34f5bae15a21ed72e37e66a2e1fe96a133dec7f05a8c0366","0x78956c4586d11c4f34f5bae15a21ed72e37e66a2e1fe96a133dec7f05a8c0366-12","Axelar Network (GMP)","https://api.axelarscan.io (public GMP Explorer API)"
"ethereum : 0xce16F69375520ab01377ce7B88f5BA8C48F8D666","osmosis : osmo1n6ney9tsf55etz9nrmzyd8wa7e64qd3s06a74fqs30ka8pps6cvqtsycr6","ethereum","osmosis","0xce16F69375520ab01377ce7B88f5BA8C48F8D666","osmo1n6ney9tsf55etz9nrmzyd8wa7e64qd3s06a74fqs30ka8pps6cvqtsycr6","2026-08-31T10:25:59Z","2026-08-31T10:25:59Z","2026-08-31T10:44:14Z","1095","00:18:15","14.872371","USDC","14.86895035467","Not Refunded","executed","received","False","True","0xb9dff6cab8daa76d51a971f2bc179f093d40801989c3ca0f2350b1e59a2308d6","0xb9dff6cab8daa76d51a971f2bc179f093d40801989c3ca0f2350b1e59a2308d6-19","Axelar Network (GMP)","https://api.axelarscan.io (public GMP Explorer API)"
"osmosis : osmo1n6ney9tsf55etz9nrmzyd8wa7e64qd3s06a74fqs30ka8pps6cvqtsycr6","base : 0xce16F69375520ab01377ce7B88f5BA8C48F8D666","osmosis","base","osmo1n6ney9tsf55etz9nrmzyd8wa7e64qd3s06a74fqs30ka8pps6cvqtsycr6","0xce16F69375520ab01377ce7B88f5BA8C48F8D666","2026-08-31T10:24:26Z","2026-08-31T10:24:26Z","2026-08-31T10:25:03Z","37","00:00:37","3.40872","axlUSDC","3.4079359944000003","Pending Refund","executed","received","False","True","D144FBFE8FF1D675B8F059A2B6E9DF0F3A82869563BD62DF19D88826D809AE81","0xbfad68111a05f1612f92c38b54a9e2e6fa740af68580158b85d65c9fcdad2b23-7095651","Axelar Network (GMP)","https://api.axelarscan.io (public GMP Explorer API)"
"axelar : axelar1aqcj54lzz0rk22gvqgcn8fr5tx4rzwdv5wv5j9dmnacgefvd7wzsy2j2mr","ethereum : 0xB5FB4BE02232B1bBA4dC8f81dc24C26980dE9e3C","axelar","ethereum","axelar1aqcj54lzz0rk22gvqgcn8fr5tx4rzwdv5wv5j9dmnacgefvd7wzsy2j2mr","0xB5FB4BE02232B1bBA4dC8f81dc24C26980dE9e3C","2026-08-31T10:22:42Z","2026-08-31T10:22:42Z","2026-08-31T10:23:47Z","65","00:01:05","17777179578.808353","MANYU","0","Pending Refund","executed","received","False","False","BD07C463B9F20BF5752D25706CE2BBFDB9BEFA24E3FEA4EF5CB2CA98FF055CE5","0xbd07c463b9f20bf5752d25706ce2bbfdb9befa24e3fea4ef5cb2ca98ff055ce5-7095650","Axelar Network (GMP)","https://api.axelarscan.io (public GMP Explorer API)"
"ethereum : 0x4f49B53928A71E553bB1B0F66a5BcB54Fd4E8932","immutable : 0x4f49B53928A71E553bB1B0F66a5BcB54Fd4E8932","ethereum","immutable","0x4f49B53928A71E553bB1B0F66a5BcB54Fd4E8932","0x4f49B53928A71E553bB1B0F66a5BcB54Fd4E8932","2026-08-31T10:22:35Z","2026-08-31T10:22:35Z","2026-08-31T10:38:35Z","960","00:16:00",,,,"Not Refunded","executed","received","False","True","0x664f479d68b334b3d420d08ff9f1f74d46920ca5eaabd9cb6254461af9158705","0x664f479d68b334b3d420d08ff9f1f74d46920ca5eaabd9cb6254461af9158705-1","Axelar Network (GMP)","https://api.axelarscan.io (public GMP Explorer API)"
"binance : 0xB5FB4BE02232B1bBA4dC8f81dc24C26980dE9e3C","axelar : axelar1aqcj54lzz0rk22gvqgcn8fr5tx4rzwdv5wv5j9dmnacgefvd7wzsy2j2mr","binance","axelar","0xB5FB4BE02232B1bBA4dC8f81dc24C26980dE9e3C","axelar1aqcj54lzz0rk22gvqgcn8fr5tx4rzwdv5wv5j9dmnacgefvd7wzsy2j2mr","2026-08-31T10:22:27Z","2026-08-31T10:22:27Z","2026-08-31T10:22:42Z","15","00:00:15","17777179578.808353","MANYU","101.96990206404472","Not Refunded","executed","received","False","True","0xc2e8098fa9dffe8e006e508a87898a0038cb3013599a95d5d0c467aac435dc78","0xc2e8098fa9dffe8e006e508a87898a0038cb3013599a95d5d0c467aac435dc78-50","Axelar Network (GMP)","https://api.axelarscan.io (public GMP Explorer API)"
"axelar : axelar1aqcj54lzz0rk22gvqgcn8fr5tx4rzwdv5wv5j9dmnacgefvd7wzsy2j2mr","ethereum : 0xB5FB4BE02232B1bBA4dC8f81dc24C26980dE9e3C","axelar","ethereum","axelar1aqcj54lzz0rk22gvqgcn8fr5tx4rzwdv5wv5j9dmnacgefvd7wzsy2j2mr","0xB5FB4BE02232B1bBA4dC8f81dc24C26980dE9e3C","2026-08-31T10:19:39Z","2026-08-31T10:19:39Z","2026-08-31T10:20:23Z","44","00:00:44","4.879688","QNT","0","Pending Refund","executed","received","False","False","70BFA66B0261C784A2E2AFFDFED76AFE8260055453A5C9A2356D94849151B17D","0x70bfa66b0261c784a2e2affdfed76afe8260055453a5c9a2356d94849151b17d-7095622","Axelar Network (GMP)","https://api.axelarscan.io (public GMP Explorer API)"
"osmosis : osmo1n6ney9tsf55etz9nrmzyd8wa7e64qd3s06a74fqs30ka8pps6cvqtsycr6","binance : 0xce16F69375520ab01377ce7B88f5BA8C48F8D666","osmosis","binance","osmo1n6ney9tsf55etz9nrmzyd8wa7e64qd3s06a74fqs30ka8pps6cvqtsycr6","0xce16F69375520ab01377ce7B88f5BA8C48F8D666","2026-08-31T10:18:20Z","2026-08-31T10:18:20Z","2026-08-31T10:18:50Z","30","00:00:30","29.321765","axlUSDC","29.313818801685","Pending Refund","executed","received","False","True","B29804D9E4FB8ABF78FAF1753894A38F406D620D25D9D4F8453B33040FFFBEFE","0x9c86b127de9e0d865bb266191e01f9ad5553cf718842154b85e066adffc3884b-7095593","Axelar Network (GMP)","https://api.axelarscan.io (public GMP Explorer API)"
"axelar : axelar1aqcj54lzz0rk22gvqgcn8fr5tx4rzwdv5wv5j9dmnacgefvd7wzsy2j2mr","ethereum : 0xB5FB4BE02232B1bBA4dC8f81dc24C26980dE9e3C","axelar","ethereum","axelar1aqcj54lzz0rk22gvqgcn8fr5tx4rzwdv5wv5j9dmnacgefvd7wzsy2j2mr","0xB5FB4BE02232B1bBA4dC8f81dc24C26980dE9e3C","2026-08-31T10:17:22Z","2026-08-31T10:17:22Z","2026-08-31T10:18:23Z","61","00:01:01","8.2353","QNT","0","Pending Refund","executed","received","False","False","DD1D7890DC99B926BFF340AF92C3DB8A268BBF4E039676AA12492F897CD7ADDE","0xdd1d7890dc99b926bff340af92c3db8a268bbf4e039676aa12492f897cd7adde-7095592","Axelar Network (GMP)","https://api.axelarscan.io (public GMP Explorer API)"
"hedera : 0xB5FB4BE02232B1bBA4dC8f81dc24C26980dE9e3C","axelar : axelar1aqcj54lzz0rk22gvqgcn8fr5tx4rzwdv5wv5j9dmnacgefvd7wzsy2j2mr","hedera","axelar","0xB5FB4BE02232B1bBA4dC8f81dc24C26980dE9e3C","axelar1aqcj54lzz0rk22gvqgcn8fr5tx4rzwdv5wv5j9dmnacgefvd7wzsy2j2mr","2026-08-31T10:17:01Z","2026-08-31T10:17:01Z","2026-08-31T10:19:39Z","158","00:02:38","4.879688","QNT","302.7846404","Not Refunded","executed","received","False","True","0x9f4d48408f3cba51e47c27e5836821cf70a3f6ee5cbd44436a1783120d9b9a70","0x9f4d48408f3cba51e47c27e5836821cf70a3f6ee5cbd44436a1783120d9b9a70-6","Axelar Network (GMP)","https://api.axelarscan.io (public GMP Explorer API)"
"osmosis : osmo173adwu8q6xfww53rhwtlxhjyafav74k6qsu9a7","binance : 0x43d090025aAA6C8693B71952B910AC55CcB56bBb","osmosis","binance","osmo173adwu8q6xfww53rhwtlxhjyafav74k6qsu9a7","0x43d090025aAA6C8693B71952B910AC55CcB56bBb","2026-08-31T10:16:49Z","2026-08-31T10:16:49Z","2026-08-31T10:17:10Z","21","00:00:21","5040.503594","AXL","242.30981064270873","Pending Refund","executed","received","False","True","6CD79F9805E6461DC0D2854B6969A2AD9139E73931134FD79CCA3CB81B07FFF1","0x432a360c8691c380eaee5ea00200afb922ea58eda061a28cf50db46bbe8afec0-7095563","Axelar Network (GMP)","https://api.axelarscan.io (public GMP Explorer API)"
"hedera : 0xB5FB4BE02232B1bBA4dC8f81dc24C26980dE9e3C","axelar : axelar1aqcj54lzz0rk22gvqgcn8fr5tx4rzwdv5wv5j9dmnacgefvd7wzsy2j2mr","hedera","axelar","0xB5FB4BE02232B1bBA4dC8f81dc24C26980dE9e3C","axelar1aqcj54lzz0rk22gvqgcn8fr5tx4rzwdv5wv5j9dmnacgefvd7wzsy2j2mr","2026-08-31T10:14:46Z","2026-08-31T10:14:46Z","2026-08-31T10:17:22Z","156","00:02:36","8.2353","QNT","511.000365","Not Refunded","executed","received","False","True","0x5e70ccceea578c6a1a1006e8dd624462ee824c5e2662491a4883ea32314d8192","0x5e70ccceea578c6a1a1006e8dd624462ee824c5e2662491a4883ea32314d8192-6","Axelar Network (GMP)","https://api.axelarscan.io (public GMP Explorer API)"
"immutable : 0xce16F69375520ab01377ce7B88f5BA8C48F8D666","base : 0xce16F69375520ab01377ce7B88f5BA8C48F8D666","immutable","base","0xce16F69375520ab01377ce7B88f5BA8C48F8D666","0xce16F69375520ab01377ce7B88f5BA8C48F8D666","2026-08-31T10:13:15Z","2026-08-31T10:13:15Z","2026-08-31T10:14:03Z","48","00:00:48","9.93515","axlUSDC","9.932705953100001","Not Refunded","executed","received","False","True","0xcea3193b0c5609a562c4dca87996da666d1ccffb5515a143a2556a0b173e4931","0xcea3193b0c5609a562c4dca87996da666d1ccffb5515a143a2556a0b173e4931-11","Axelar Network (GMP)","https://api.axelarscan.io (public GMP Explorer API)"
"axelar : axelar1aqcj54lzz0rk22gvqgcn8fr5tx4rzwdv5wv5j9dmnacgefvd7wzsy2j2mr","ethereum : 0xB5FB4BE02232B1bBA4dC8f81dc24C26980dE9e3C","axelar","ethereum","axelar1aqcj54lzz0rk22gvqgcn8fr5tx4rzwdv5wv5j9dmnacgefvd7wzsy2j2mr","0xB5FB4BE02232B1bBA4dC8f81dc24C26980dE9e3C","2026-08-31T10:13:08Z","2026-08-31T10:13:08Z","2026-08-31T10:14:59Z","111","00:01:51","35602.106295096855","ALVA","0","Pending Refund","executed","received","False","False","2963694C8E1F3E3666811DA2B3A49D0E3F6EC371B3B3C8C193415C23A73BB4A2","0x2963694c8e1f3e3666811da2b3a49d0e3f6ec371b3b3c8c193415c23a73bb4a2-7095562","Axelar Network (GMP)","https://api.axelarscan.io (public GMP Explorer API)"
"osmosis : osmo173adwu8q6xfww53rhwtlxhjyafav74k6qsu9a7","binance : 0x43d090025aAA6C8693B71952B910AC55CcB56bBb","osmosis","binance","osmo173adwu8q6xfww53rhwtlxhjyafav74k6qsu9a7","0x43d090025aAA6C8693B71952B910AC55CcB56bBb","2026-08-31T10:11:15Z","2026-08-31T10:11:15Z","2026-08-31T10:11:40Z","25","00:00:25","5077.367796","AXL","239.6375941150492","Pending Refund","executed","received","False","True","9A44DEEA831B44CB00A4F48C5185CA711C398006604666867579DC074BD710CE","0x8bf6a26935ef46ceb6519ada0f2de5630f7fd59a963c0c5b99a43baaac719f7f-7095556","Axelar Network (GMP)","https://api.axelarscan.io (public GMP Explorer API)"
"arbitrum : 0xce16F69375520ab01377ce7B88f5BA8C48F8D666","Polygon : 0xce16F69375520ab01377ce7B88f5BA8C48F8D666","arbitrum","Polygon","0xce16F69375520ab01377ce7B88f5BA8C48F8D666","0xce16F69375520ab01377ce7B88f5BA8C48F8D666","2026-08-31T10:10:34Z","2026-08-31T10:10:34Z","2026-08-31T10:33:18Z","1364","00:22:44","0.009589","axlUSDC","0.00958717809","Not Refunded","executed","received","False","True","0x72cc803fda1998e9564e6e5c324fb8892add0749b93578e2ebc292194aa0f9e6","0x72cc803fda1998e9564e6e5c324fb8892add0749b93578e2ebc292194aa0f9e6-26","Axelar Network (GMP)","https://api.axelarscan.io (public GMP Explorer API)"
"base : 0x34e904237341C3de02D4447C3fF0ca8880ca6484","Ethereum : 0x34e904237341C3de02D4447C3fF0ca8880ca6484","base","Ethereum","0x34e904237341C3de02D4447C3fF0ca8880ca6484","0x34e904237341C3de02D4447C3fF0ca8880ca6484","2026-08-31T10:09:47Z","2026-08-31T10:09:47Z","2026-08-31T10:33:59Z","1452","00:24:12",,,,"Not Refunded","executed","received","False","True","0x1a68de42ad8682a2115e4795efa009c49dad3b123ffa28c6e14c725b29f5e695","0x1a68de42ad8682a2115e4795efa009c49dad3b123ffa28c6e14c725b29f5e695-11","Axelar Network (GMP)","https://api.axelarscan.io (public GMP Explorer API)"
"osmosis : osmo1m8wg4vxkefhs374qxmmqpyusgz289wmulex5qdwpfx7jnrxzer5s9cv83q","binance : 0x43d090025aAA6C8693B71952B910AC55CcB56bBb","osmosis","binance","osmo1m8wg4vxkefhs374qxmmqpyusgz289wmulex5qdwpfx7jnrxzer5s9cv83q","0x43d090025aAA6C8693B71952B910AC55CcB56bBb","2026-08-31T10:08:33Z","2026-08-31T10:08:33Z","2026-08-31T10:09:00Z","27","00:00:27","0.000587894801313767","axlBNB","0.40200246513835386","Pending Refund","executed","received","False","True","7B56715F56C6514DB396206AB23F205429D649E58C8DCFE8AEF42DB2EA530F24","0x91e8a17e3a687033c1dfc0d3d2643e063fc7d96e4a349df1515384627fa233f4-7095530","Axelar Network (GMP)","https://api.axelarscan.io (public GMP Explorer API)"
"axelar : axelar1aqcj54lzz0rk22gvqgcn8fr5tx4rzwdv5wv5j9dmnacgefvd7wzsy2j2mr","ethereum : 0xB5FB4BE02232B1bBA4dC8f81dc24C26980dE9e3C","axelar","ethereum","axelar1aqcj54lzz0rk22gvqgcn8fr5tx4rzwdv5wv5j9dmnacgefvd7wzsy2j2mr","0xB5FB4BE02232B1bBA4dC8f81dc24C26980dE9e3C","2026-08-31T10:07:43Z","2026-08-31T10:07:43Z","2026-08-31T10:08:35Z","52","00:00:52","49189.944388402706","ATH","0","Pending Refund","executed","received","False","False","5C320A6063F3BE219318F1AAE3828CB84D1E81E3043B490402B2D0B3AD0664A5","0x5c320a6063f3be219318f1aae3828cb84d1e81e3043b490402b2d0b3ad0664a5-7095529","Axelar Network (GMP)","https://api.axelarscan.io (public GMP Explorer API)"
"base : 0x569594F181ac9AbdE3eBf89954F3D3Af40d63600","Ethereum : 0xB773bCc5B325ad9AC6B36e1A046AD4466833A16E","base","Ethereum","0x569594F181ac9AbdE3eBf89954F3D3Af40d63600","0xB773bCc5B325ad9AC6B36e1A046AD4466833A16E","2026-08-31T10:05:59Z","2026-08-31T10:05:59Z","2026-08-31T10:33:59Z","1680","00:28:00","500.032435","axlUSDC","499.95042968066","Not Refunded","executed","received","False","True","0x2b0cd9d0900dada6e57a17a6f65ecd0191c2bcd97d19592c4c56c54882a52c33","0x2b0cd9d0900dada6e57a17a6f65ecd0191c2bcd97d19592c4c56c54882a52c33-11","Axelar Network (GMP)","https://api.axelarscan.io (public GMP Explorer API)"
"axelar : axelar1aqcj54lzz0rk22gvqgcn8fr5tx4rzwdv5wv5j9dmnacgefvd7wzsy2j2mr","xrpl-evm : 0xB5FB4BE02232B1bBA4dC8f81dc24C26980dE9e3C","axelar","xrpl-evm","axelar1aqcj54lzz0rk22gvqgcn8fr5tx4rzwdv5wv5j9dmnacgefvd7wzsy2j2mr","0xB5FB4BE02232B1bBA4dC8f81dc24C26980dE9e3C","2026-08-31T10:04:09Z","2026-08-31T10:04:09Z","2026-08-31T10:04:41Z","32","00:00:32","4.682583","XRP","0","Pending Refund","executed","received","False","False","DD42A8F88EA1A9363AD78BEF9C27832328A48AFF9DE3F5A0BA86EC10333FBC5B","0xdd42a8f88ea1a9363ad78bef9c27832328a48aff9de3f5a0ba86ec10333fbc5b-7095470","Axelar Network (GMP)","https://api.axelarscan.io (public GMP Explorer API)"
"xrpl : rfmS3zqrQrka8wVyhXifEeyTwe8AMz2Yhw","axelar : axelar1aqcj54lzz0rk22gvqgcn8fr5tx4rzwdv5wv5j9dmnacgefvd7wzsy2j2mr","xrpl","axelar","rfmS3zqrQrka8wVyhXifEeyTwe8AMz2Yhw","axelar1aqcj54lzz0rk22gvqgcn8fr5tx4rzwdv5wv5j9dmnacgefvd7wzsy2j2mr","2026-08-31T10:03:42Z","2026-08-31T10:03:42Z","2026-08-31T10:04:09Z","27","00:00:27","4.682583","XRP","6.415138710000001","Pending Refund","executed","received","False","True","27eba39421c36d2d1a99dffbcf25cb0ea77a8dc927e2b9cccdb8a48e84deed3e","0x27eba39421c36d2d1a99dffbcf25cb0ea77a8dc927e2b9cccdb8a48e84deed3e","Axelar Network (GMP)","https://api.axelarscan.io (public GMP Explorer API)"
"polygon : 0xD87E98798b1441c4b7fB7ABd918F90e42ae3D735","Base : 0x569594F181ac9AbdE3eBf89954F3D3Af40d63600","polygon","Base","0xD87E98798b1441c4b7fB7ABd918F90e42ae3D735","0x569594F181ac9AbdE3eBf89954F3D3Af40d63600","2026-08-31T10:03:10Z","2026-08-31T10:03:10Z","2026-08-31T10:04:03Z","53","00:00:53","47.084474","axlUSDC","47.076752146264","Not Refunded","executed","received","False","True","0x163510a190cee24025a474f2e050c133a8b4e9ee9a3642da905d62b60f3d7c7d","0x163510a190cee24025a474f2e050c133a8b4e9ee9a3642da905d62b60f3d7c7d-18","Axelar Network (GMP)","https://api.axelarscan.io (public GMP Explorer API)"
"osmosis : osmo1lulklm2d20j6r9raxvq5fm5m8km7cdhttny6yj","base : 0xce16F69375520ab01377ce7B88f5BA8C48F8D666","osmosis","base","osmo1lulklm2d20j6r9raxvq5fm5m8km7cdhttny6yj","0xce16F69375520ab01377ce7B88f5BA8C48F8D666","2026-08-31T10:02:42Z","2026-08-31T10:02:42Z","2026-08-31T10:03:33Z","51","00:00:51","15.493854","axlUSDC","15.491313007944","Pending Refund","executed","received","False","True","4044C5A2F13E617BA1D8E0100663A852B7D9173D5F77E067552BFFF141D1DB2A","0xa549c14aedf1c607140a81aa27896111c081c6bc7a88f42392fd804fc606063f-7095438","Axelar Network (GMP)","https://api.axelarscan.io (public GMP Explorer API)"
"osmosis : osmo1n6ney9tsf55etz9nrmzyd8wa7e64qd3s06a74fqs30ka8pps6cvqtsycr6","base : 0xce16F69375520ab01377ce7B88f5BA8C48F8D666","osmosis","base","osmo1n6ney9tsf55etz9nrmzyd8wa7e64qd3s06a74fqs30ka8pps6cvqtsycr6","0xce16F69375520ab01377ce7B88f5BA8C48F8D666","2026-08-31T10:02:01Z","2026-08-31T10:02:01Z","2026-08-31T10:03:03Z","62","00:01:02","274.089578","axlUSDC","274.044627309208","Pending Refund","executed","received","False","True","3CC9F86F58E8E51AC465D917E5B0D6502E75A2CA8C28E64231F422C57B9E755D","0x3f9b681199620d0e140e06991d2656c64aea452387da832c44c28dcece738132-7095437","Axelar Network (GMP)","https://api.axelarscan.io (public GMP Explorer API)"
"binance : 0xce16F69375520ab01377ce7B88f5BA8C48F8D666","Polygon : 0xce16F69375520ab01377ce7B88f5BA8C48F8D666","binance","Polygon","0xce16F69375520ab01377ce7B88f5BA8C48F8D666","0xce16F69375520ab01377ce7B88f5BA8C48F8D666","2026-08-31T09:58:59Z","2026-08-31T09:58:59Z","2026-08-31T09:59:49Z","50","00:00:50","285.494055","axlUSDC","285.44095310577","Not Refunded","executed","received","False","True","0xf76b141a58f5b9291ce039e8efb34d13d4a0f96ace5c60da81af550153b6950c","0xf76b141a58f5b9291ce039e8efb34d13d4a0f96ace5c60da81af550153b6950c-13","Axelar Network (GMP)","https://api.axelarscan.io (public GMP Explorer API)"
"binance : 0x43d090025aAA6C8693B71952B910AC55CcB56bBb","osmosis : osmo173adwu8q6xfww53rhwtlxhjyafav74k6qsu9a7","binance","osmosis","0x43d090025aAA6C8693B71952B910AC55CcB56bBb","osmo173adwu8q6xfww53rhwtlxhjyafav74k6qsu9a7","2026-08-31T09:54:05Z","2026-08-31T09:54:05Z","2026-08-31T09:54:17Z","12","00:00:12","4684.56","AXL","218.43911213040002","Not Refunded","executed","received","False","True","0xc4f8ea1a039895300e8896037ca4a6b1024a811bb19dceaf6652362ef13045c0","0xc4f8ea1a039895300e8896037ca4a6b1024a811bb19dceaf6652362ef13045c0-3","Axelar Network (GMP)","https://api.axelarscan.io (public GMP Explorer API)"
"binance : 0x43d090025aAA6C8693B71952B910AC55CcB56bBb","osmosis : osmo173adwu8q6xfww53rhwtlxhjyafav74k6qsu9a7","binance","osmosis","0x43d090025aAA6C8693B71952B910AC55CcB56bBb","osmo173adwu8q6xfww53rhwtlxhjyafav74k6qsu9a7","2026-08-31T09:52:23Z","2026-08-31T09:52:23Z","2026-08-31T09:52:45Z","22","00:00:22","5042.77","AXL","238.09211630350003","Not Refunded","executed","received","False","True","0xe6cd6702db80296442cdea2b0d184753fed4e90a574501123ef6ee6210f9ae2b","0xe6cd6702db80296442cdea2b0d184753fed4e90a574501123ef6ee6210f9ae2b-3","Axelar Network (GMP)","https://api.axelarscan.io (public GMP Explorer API)"
"binance : 0xce16F69375520ab01377ce7B88f5BA8C48F8D666","Polygon : 0xce16F69375520ab01377ce7B88f5BA8C48F8D666","binance","Polygon","0xce16F69375520ab01377ce7B88f5BA8C48F8D666","0xce16F69375520ab01377ce7B88f5BA8C48F8D666","2026-08-31T09:50:42Z","2026-08-31T09:50:42Z","2026-08-31T09:51:28Z","46","00:00:46","2121.537457","axlUSDC","2121.19801100688","Not Refunded","executed","received","False","True","0x6b649a1601a7ae6fbe5a8366f20bd002c3ed838a1d2788b6ec7329957be51833","0x6b649a1601a7ae6fbe5a8366f20bd002c3ed838a1d2788b6ec7329957be51833-10","Axelar Network (GMP)","https://api.axelarscan.io (public GMP Explorer API)"
"osmosis : osmo173adwu8q6xfww53rhwtlxhjyafav74k6qsu9a7","binance : 0x43d090025aAA6C8693B71952B910AC55CcB56bBb","osmosis","binance","osmo173adwu8q6xfww53rhwtlxhjyafav74k6qsu9a7","0x43d090025aAA6C8693B71952B910AC55CcB56bBb","2026-08-31T09:50:28Z","2026-08-31T09:50:28Z","2026-08-31T09:51:00Z","32","00:00:32","5034.472759","AXL","237.70036580344347","Pending Refund","executed","received","False","True","AB9C9815612A611A778B4214D2887CAC931B467D511EA5D01E2C35FF2A6E8B3E","0x29ae9f3096ee23587ce6d93e53f8885bd7938259e64cd65be6a516d5cb786e51-7095436","Axelar Network (GMP)","https://api.axelarscan.io (public GMP Explorer API)"
"base : 0xB5FB4BE02232B1bBA4dC8f81dc24C26980dE9e3C","axelar : axelar1aqcj54lzz0rk22gvqgcn8fr5tx4rzwdv5wv5j9dmnacgefvd7wzsy2j2mr","base","axelar","0xB5FB4BE02232B1bBA4dC8f81dc24C26980dE9e3C","axelar1aqcj54lzz0rk22gvqgcn8fr5tx4rzwdv5wv5j9dmnacgefvd7wzsy2j2mr","2026-08-31T09:49:41Z","2026-08-31T09:49:41Z","2026-08-31T10:13:08Z","1407","00:23:27","35602.106295096855","ALVA","87.08844833481413","Not Refunded","executed","received","False","True","0x30e64ba90ade992f210e1a4ff08061021b68f8ee52ca84c7629944ced0b7f3df","0x30e64ba90ade992f210e1a4ff08061021b68f8ee52ca84c7629944ced0b7f3df-13","Axelar Network (GMP)","https://api.axelarscan.io (public GMP Explorer API)"
"arbitrum : 0xB5FB4BE02232B1bBA4dC8f81dc24C26980dE9e3C","axelar : axelar1aqcj54lzz0rk22gvqgcn8fr5tx4rzwdv5wv5j9dmnacgefvd7wzsy2j2mr","arbitrum","axelar","0xB5FB4BE02232B1bBA4dC8f81dc24C26980dE9e3C","axelar1aqcj54lzz0rk22gvqgcn8fr5tx4rzwdv5wv5j9dmnacgefvd7wzsy2j2mr","2026-08-31T09:49:39Z","2026-08-31T09:49:39Z","2026-08-31T10:07:43Z","1084","00:18:04","49189.944388402706","ATH","245.30976076552042","Not Refunded","executed","received","False","True","0xfa674ff1e7b33a38426524ca77b0af8dedaa0c528cb47038313d0b0ef507d06a","0xfa674ff1e7b33a38426524ca77b0af8dedaa0c528cb47038313d0b0ef507d06a-12","Axelar Network (GMP)","https://api.axelarscan.io (public GMP Explorer API)"
"ethereum : 0xB773bCc5B325ad9AC6B36e1A046AD4466833A16E","zigchain : zig126kn23lxurns83w2n59a7e0v2wprjdrrfv4xw8","ethereum","zigchain","0xB773bCc5B325ad9AC6B36e1A046AD4466833A16E","zig126kn23lxurns83w2n59a7e0v2wprjdrrfv4xw8","2026-08-31T09:43:59Z","2026-08-31T09:43:59Z","2026-08-31T09:59:48Z","949","00:15:49","50","ZIG","2.048533","Not Refunded","executed","received","False","True","0xdcc932060d17a77462f6f24dc252f34dff33c58541754e9989059af909ac4b3d","0xdcc932060d17a77462f6f24dc252f34dff33c58541754e9989059af909ac4b3d-5","Axelar Network (GMP)","https://api.axelarscan.io (public GMP Explorer API)"
"ethereum : 0xce16F69375520ab01377ce7B88f5BA8C48F8D666","filecoin : 0xce16F69375520ab01377ce7B88f5BA8C48F8D666","ethereum","filecoin","0xce16F69375520ab01377ce7B88f5BA8C48F8D666","0xce16F69375520ab01377ce7B88f5BA8C48F8D666","2026-08-31T09:42:47Z","2026-08-31T09:42:47Z","2026-08-31T10:02:00Z","1153","00:19:13","216","USDC","215.963064","Not Refunded","executed","received","False","True","0x00819cc0f58afe4d650a1edbfe19423fddb3387df25d2926ca12632fd76bb77f","0x00819cc0f58afe4d650a1edbfe19423fddb3387df25d2926ca12632fd76bb77f-3","Axelar Network (GMP)","https://api.axelarscan.io (public GMP Explorer API)"
"ethereum : 0xce16F69375520ab01377ce7B88f5BA8C48F8D666","binance : 0xce16F69375520ab01377ce7B88f5BA8C48F8D666","ethereum","binance","0xce16F69375520ab01377ce7B88f5BA8C48F8D666","0xce16F69375520ab01377ce7B88f5BA8C48F8D666","2026-08-31T09:41:23Z","2026-08-31T09:41:23Z","2026-08-31T09:59:50Z","1107","00:18:27","50.03394","USDC","50.02538419626","Not Refunded","executed","received","False","True","0xf96de26bf76e1195973ba78912bbde9dda79cf87fefa7a29ae63007d666f118c","0xf96de26bf76e1195973ba78912bbde9dda79cf87fefa7a29ae63007d666f118c-13","Axelar Network (GMP)","https://api.axelarscan.io (public GMP Explorer API)"
"polygon : 0xce16F69375520ab01377ce7B88f5BA8C48F8D666","immutable : 0xce16F69375520ab01377ce7B88f5BA8C48F8D666","polygon","immutable","0xce16F69375520ab01377ce7B88f5BA8C48F8D666","0xce16F69375520ab01377ce7B88f5BA8C48F8D666","2026-08-31T09:38:55Z","2026-08-31T09:38:55Z","2026-08-31T09:39:35Z","40","00:00:40","22.312201","axlUSDC","22.308764921046002","Not Refunded","executed","received","False","True","0xace28f6ff3d8d62113f9cce1c8bbc00a0d48487344be7738a82d36c0f1dec66b","0xace28f6ff3d8d62113f9cce1c8bbc00a0d48487344be7738a82d36c0f1dec66b-21","Axelar Network (GMP)","https://api.axelarscan.io (public GMP Explorer API)"
"binance : 0xce16F69375520ab01377ce7B88f5BA8C48F8D666","Ethereum : 0xce16F69375520ab01377ce7B88f5BA8C48F8D666","binance","Ethereum","0xce16F69375520ab01377ce7B88f5BA8C48F8D666","0xce16F69375520ab01377ce7B88f5BA8C48F8D666","2026-08-31T09:38:45Z","2026-08-31T09:38:45Z","2026-08-31T09:40:47Z","122","00:02:02","49.841831","axlUSDC","49.834155358026","Not Refunded","executed","received","False","True","0x4a785e4a7a4331b470d4d5e73dcb4386d7d8b8f2c5597ca3d23d057f0d96928e","0x4a785e4a7a4331b470d4d5e73dcb4386d7d8b8f2c5597ca3d23d057f0d96928e-13","Axelar Network (GMP)","https://api.axelarscan.io (public GMP Explorer API)"
"osmosis : osmo173adwu8q6xfww53rhwtlxhjyafav74k6qsu9a7","binance : 0x43d090025aAA6C8693B71952B910AC55CcB56bBb","osmosis","binance","osmo173adwu8q6xfww53rhwtlxhjyafav74k6qsu9a7","0x43d090025aAA6C8693B71952B910AC55CcB56bBb","2026-08-31T09:37:07Z","2026-08-31T09:37:07Z","2026-08-31T09:37:35Z","28","00:00:28","5044.135045","AXL","232.06753866933298","Pending Refund","executed","received","False","True","E4AACFFFA1952E923A08A3B31066B382A65949822FAA2E0E125349FCF251F50F","0xafaf451f36659c09ca71c5bb806e0337a5601bd6f2ab491b96a9645f0a37587e-7095435","Axelar Network (GMP)","https://api.axelarscan.io (public GMP Explorer API)"
"ethereum : 0xCF4D1b59c43F0e19f7e0e0416067e999f12cd1e6","Polygon : 0x0b57997bf372e41ca1b027cb57da5b581f1b5678","ethereum","Polygon","0xCF4D1b59c43F0e19f7e0e0416067e999f12cd1e6","0x0b57997bf372e41ca1b027cb57da5b581f1b5678","2026-08-31T09:35:59Z","2026-08-31T09:35:59Z","2026-08-31T09:53:33Z","1054","00:17:34",,,,"Not Refunded","executed","received","False","True","0xe89846e5aebbcfdd640cf5505c3cb2d8ab3ce62fbde4adc978f610e61d963897","0xe89846e5aebbcfdd640cf5505c3cb2d8ab3ce62fbde4adc978f610e61d963897-8","Axelar Network (GMP)","https://api.axelarscan.io (public GMP Explorer API)"
"ethereum : 0x4f49B53928A71E553bB1B0F66a5BcB54Fd4E8932","immutable : 0x4f49B53928A71E553bB1B0F66a5BcB54Fd4E8932","ethereum","immutable","0x4f49B53928A71E553bB1B0F66a5BcB54Fd4E8932","0x4f49B53928A71E553bB1B0F66a5BcB54Fd4E8932","2026-08-31T09:22:35Z","2026-08-31T09:22:35Z","2026-08-31T09:40:55Z","1100","00:18:20",,,,"Not Refunded","executed","received","False","True","0xa7642f497bd4eaa88dfcf4c0e51f704e3d9fd9d9dcd339ae038ad6c26226e085","0xa7642f497bd4eaa88dfcf4c0e51f704e3d9fd9d9dcd339ae038ad6c26226e085-1","Axelar Network (GMP)","https://api.axelarscan.io (public GMP Explorer API)"
"axelar : axelar1aqcj54lzz0rk22gvqgcn8fr5tx4rzwdv5wv5j9dmnacgefvd7wzsy2j2mr","ethereum : 0xB5FB4BE02232B1bBA4dC8f81dc24C26980dE9e3C","axelar","ethereum","axelar1aqcj54lzz0rk22gvqgcn8fr5tx4rzwdv5wv5j9dmnacgefvd7wzsy2j2mr","0xB5FB4BE02232B1bBA4dC8f81dc24C26980dE9e3C","2026-08-31T09:20:19Z","2026-08-31T09:20:19Z","2026-08-31T09:21:23Z","64","00:01:04","0.615","agETH",,"Pending Refund","executed","received","False","False","30E8BA6C605795C841F9940980754BC4831FC4B84CFB11D6837EDD2417D27019","0x30e8ba6c605795c841f9940980754bc4831fc4b84cfb11d6837edd2417d27019-7095434","Axelar Network (GMP)","https://api.axelarscan.io (public GMP Explorer API)"
"polygon : 0xce16F69375520ab01377ce7B88f5BA8C48F8D666","immutable : 0xce16F69375520ab01377ce7B88f5BA8C48F8D666","polygon","immutable","0xce16F69375520ab01377ce7B88f5BA8C48F8D666","0xce16F69375520ab01377ce7B88f5BA8C48F8D666","2026-08-31T09:18:36Z","2026-08-31T09:18:36Z","2026-08-31T09:19:21Z","45","00:00:45","0.470837","axlUSDC","0.470777674538","Not Refunded","executed","received","False","True","0x13616d416f3d3fc3a2e95c6fd8102e0263b2a14119d05a34f9203cf9bc1fa966","0x13616d416f3d3fc3a2e95c6fd8102e0263b2a14119d05a34f9203cf9bc1fa966-21","Axelar Network (GMP)","https://api.axelarscan.io (public GMP Explorer API)"
"mantle : 0xce16F69375520ab01377ce7B88f5BA8C48F8D666","base : 0xce16F69375520ab01377ce7B88f5BA8C48F8D666","mantle","base","0xce16F69375520ab01377ce7B88f5BA8C48F8D666","0xce16F69375520ab01377ce7B88f5BA8C48F8D666","2026-08-31T09:18:24Z","2026-08-31T09:18:24Z","2026-08-31T10:11:33Z","3189","00:53:09","0.034844","axlUSDC","0.034839609656","Not Refunded","executed","received","False","True","0x3dc11f6297f3ac4384493bb19d33426833bf79d0b89a4024dc1e21d9cac7b9c4","0x3dc11f6297f3ac4384493bb19d33426833bf79d0b89a4024dc1e21d9cac7b9c4-21","Axelar Network (GMP)","https://api.axelarscan.io (public GMP Explorer API)"
"osmosis : osmo173adwu8q6xfww53rhwtlxhjyafav74k6qsu9a7","binance : 0x43d090025aAA6C8693B71952B910AC55CcB56bBb","osmosis","binance","osmo173adwu8q6xfww53rhwtlxhjyafav74k6qsu9a7","0x43d090025aAA6C8693B71952B910AC55CcB56bBb","2026-08-31T09:17:16Z","2026-08-31T09:17:16Z","2026-08-31T09:17:45Z","29","00:00:29","5031.761215","AXL","232.80213120663396","Pending Refund","executed","received","False","True","36E03248EC03909AF993C151C0DFA571F32AFE735415BC8D700EF49A3D55247F","0x7285989cd5e371ef0cad02749ced24c044c30b880f5d8ae7351d011270e1ad00-7095428","Axelar Network (GMP)","https://api.axelarscan.io (public GMP Explorer API)"
"immutable : 0x4f49B53928A71E553bB1B0F66a5BcB54Fd4E8932","Ethereum : 0x4f49B53928A71E553bB1B0F66a5BcB54Fd4E8932","immutable","Ethereum","0x4f49B53928A71E553bB1B0F66a5BcB54Fd4E8932","0x4f49B53928A71E553bB1B0F66a5BcB54Fd4E8932","2026-08-31T09:15:19Z","2026-08-31T09:15:19Z","2026-08-31T09:16:23Z","64","00:01:04",,,,"Not Refunded","executed","received","False","True","0x03b63ebd8b12e9e04fc71091d4e5814d8c74fb6406576a779f5a27d89610eba8","0x03b63ebd8b12e9e04fc71091d4e5814d8c74fb6406576a779f5a27d89610eba8-2","Axelar Network (GMP)","https://api.axelarscan.io (public GMP Explorer API)"
"osmosis : osmo1n6ney9tsf55etz9nrmzyd8wa7e64qd3s06a74fqs30ka8pps6cvqtsycr6","base : 0xce16F69375520ab01377ce7B88f5BA8C48F8D666","osmosis","base","osmo1n6ney9tsf55etz9nrmzyd8wa7e64qd3s06a74fqs30ka8pps6cvqtsycr6","0xce16F69375520ab01377ce7B88f5BA8C48F8D666","2026-08-31T09:13:38Z","2026-08-31T09:13:38Z","2026-08-31T09:14:33Z","55","00:00:55","5.304848","axlUSDC","5.304248552175999","Pending Refund","executed","received","False","True","977ABD7A2F7F2FF2499DEB1482A715400184BFA4EB34EE3FA211B237BC65079D","0x985bbbd8fd771a026d8d8f87777defbc7bc6235de069f5bbec709acd2c5f9146-7095427","Axelar Network (GMP)","https://api.axelarscan.io (public GMP Explorer API)"
"fraxtal : 0xDC3D8e1Abe590BCa428a8a2FC4CfDbD1AcF57Bd9","Arbitrum : 0xce16F69375520ab01377ce7B88f5BA8C48F8D666","fraxtal","Arbitrum","0xDC3D8e1Abe590BCa428a8a2FC4CfDbD1AcF57Bd9","0xce16F69375520ab01377ce7B88f5BA8C48F8D666","2026-08-31T09:09:05Z","2026-08-31T09:09:05Z","2026-08-31T09:41:23Z","1938","00:32:18","2.664202","axlUSDC","2.6639089377799996","Not Refunded","executed","received","False","True","0x377543091054628d853fc2c4e8e66828cca395d59940c155beae74dc5263ff0b","0x377543091054628d853fc2c4e8e66828cca395d59940c155beae74dc5263ff0b-14","Axelar Network (GMP)","https://api.axelarscan.io (public GMP Explorer API)"
"osmosis : osmo173adwu8q6xfww53rhwtlxhjyafav74k6qsu9a7","binance : 0x43d090025aAA6C8693B71952B910AC55CcB56bBb","osmosis","binance","osmo173adwu8q6xfww53rhwtlxhjyafav74k6qsu9a7","0x43d090025aAA6C8693B71952B910AC55CcB56bBb","2026-08-31T09:07:25Z","2026-08-31T09:07:25Z","2026-08-31T09:07:50Z","25","00:00:25","5047.571112","AXL","230.75289335488054","Pending Refund","executed","received","False","True","0E1585437A15E6AC4DA928A9BFE628CFF9292AB03522401225BD23A2780F7796","0x1a31270c815ed50d52ea5d3127247e96da1c655c02df8a68f9ddc22d04f8509e-7095426","Axelar Network (GMP)","https://api.axelarscan.io (public GMP Explorer API)"
"ethereum : 0xB773bCc5B325ad9AC6B36e1A046AD4466833A16E","Base : 0x569594F181ac9AbdE3eBf89954F3D3Af40d63600","ethereum","Base","0xB773bCc5B325ad9AC6B36e1A046AD4466833A16E","0x569594F181ac9AbdE3eBf89954F3D3Af40d63600","2026-08-31T09:06:11Z","2026-08-31T09:06:11Z","2026-08-31T09:22:03Z","952","00:15:52","499.919122","USDC","499.86413089658","Not Refunded","executed","received","False","True","0x79fb650846c2bab49cd601552db865e634f6cbfa85ffdd79bf3d41e66cb334b4","0x79fb650846c2bab49cd601552db865e634f6cbfa85ffdd79bf3d41e66cb334b4-11","Axelar Network (GMP)","https://api.axelarscan.io (public GMP Explorer API)"
"osmosis : osmo1m8wg4vxkefhs374qxmmqpyusgz289wmulex5qdwpfx7jnrxzer5s9cv83q","base : 0x569594F181ac9AbdE3eBf89954F3D3Af40d63600","osmosis","base","osmo1m8wg4vxkefhs374qxmmqpyusgz289wmulex5qdwpfx7jnrxzer5s9cv83q","0x569594F181ac9AbdE3eBf89954F3D3Af40d63600","2026-08-31T09:04:10Z","2026-08-31T09:04:10Z","2026-08-31T09:05:03Z","53","00:00:53","7.413804","axlUSDC","7.412869860696","Pending Refund","executed","received","False","True","6E62350B7D53991130FCBC9C4879B963523278E8E166A7929175F69B91623FB8","0x08a24a4b80aef9859a823bbc52bbf3288fc8b80a0c915b82d9e59614ec5da26d-7095425","Axelar Network (GMP)","https://api.axelarscan.io (public GMP Explorer API)"
"binance : 0xce16F69375520ab01377ce7B88f5BA8C48F8D666","Polygon : 0xce16F69375520ab01377ce7B88f5BA8C48F8D666","binance","Polygon","0xce16F69375520ab01377ce7B88f5BA8C48F8D666","0xce16F69375520ab01377ce7B88f5BA8C48F8D666","2026-08-31T09:01:39Z","2026-08-31T09:01:39Z","2026-08-31T09:02:27Z","48","00:00:48","71.346849","axlUSDC","71.33785929702601","Not Refunded","executed","received","False","True","0x318fbb1d88733ad7798f87d0a6c64fabcfe0d89747f762765bf8eb83130857ec","0x318fbb1d88733ad7798f87d0a6c64fabcfe0d89747f762765bf8eb83130857ec-13","Axelar Network (GMP)","https://api.axelarscan.io (public GMP Explorer API)"
"osmosis : osmo1m8wg4vxkefhs374qxmmqpyusgz289wmulex5qdwpfx7jnrxzer5s9cv83q","Ethereum : 0xB773bCc5B325ad9AC6B36e1A046AD4466833A16E","osmosis","Ethereum","osmo1m8wg4vxkefhs374qxmmqpyusgz289wmulex5qdwpfx7jnrxzer5s9cv83q","0xB773bCc5B325ad9AC6B36e1A046AD4466833A16E","2026-08-31T08:59:18Z","2026-08-31T08:59:18Z","2026-08-31T09:00:23Z","65","00:01:05","63.058326","axlUSDC","63.051578759118","Pending Refund","executed","received","False","True","4BD1C1C2A29F583D658E8302848CFB3D6F5EDFA691082D626BFE8681B2E903A2","0x86e2c34c06a148a4187c14c40e2d779c01ebd8c634338859a4c11c974888e38d-7095424","Axelar Network (GMP)","https://api.axelarscan.io (public GMP Explorer API)"
"binance : 0x43d090025aAA6C8693B71952B910AC55CcB56bBb","osmosis : osmo173adwu8q6xfww53rhwtlxhjyafav74k6qsu9a7","binance","osmosis","0x43d090025aAA6C8693B71952B910AC55CcB56bBb","osmo173adwu8q6xfww53rhwtlxhjyafav74k6qsu9a7","2026-08-31T08:55:46Z","2026-08-31T08:55:46Z","2026-08-31T08:56:02Z","16","00:00:16","5084.96","AXL","233.30910086240002","Not Refunded","executed","received","False","True","0xed8bdce668d8ce32d9575be029cd13cb37f27a99d1762df0cb560224c6391607","0xed8bdce668d8ce32d9575be029cd13cb37f27a99d1762df0cb560224c6391607-3","Axelar Network (GMP)","https://api.axelarscan.io (public GMP Explorer API)"
"binance : 0x43d090025aAA6C8693B71952B910AC55CcB56bBb","osmosis : osmo173adwu8q6xfww53rhwtlxhjyafav74k6qsu9a7","binance","osmosis","0x43d090025aAA6C8693B71952B910AC55CcB56bBb","osmo173adwu8q6xfww53rhwtlxhjyafav74k6qsu9a7","2026-08-31T08:53:46Z","2026-08-31T08:53:46Z","2026-08-31T08:54:03Z","17","00:00:17","5049.54","AXL","231.68395369260003","Not Refunded","executed","received","False","True","0xbd2a46a46d9f69d6ab60384ef27aef1b528c7f75f390ec5332a25faac25fb360","0xbd2a46a46d9f69d6ab60384ef27aef1b528c7f75f390ec5332a25faac25fb360-3","Axelar Network (GMP)","https://api.axelarscan.io (public GMP Explorer API)"
"avalanche : 0xce16F69375520ab01377ce7B88f5BA8C48F8D666","binance : 0xce16F69375520ab01377ce7B88f5BA8C48F8D666","avalanche","binance","0xce16F69375520ab01377ce7B88f5BA8C48F8D666","0xce16F69375520ab01377ce7B88f5BA8C48F8D666","2026-08-31T08:52:17Z","2026-08-31T08:52:17Z","2026-08-31T08:52:50Z","33","00:00:33","72.159441","axlUSDC","72.152441534223","Not Refunded","executed","received","False","True","0x6b29c3f3f002b652ab19dfd70ffb46e3f209308ab1f1fdc43eff8d68544a0b2f","0x6b29c3f3f002b652ab19dfd70ffb46e3f209308ab1f1fdc43eff8d68544a0b2f-12","Axelar Network (GMP)","https://api.axelarscan.io (public GMP Explorer API)"
"osmosis : osmo1n6ney9tsf55etz9nrmzyd8wa7e64qd3s06a74fqs30ka8pps6cvqtsycr6","base : 0xce16F69375520ab01377ce7B88f5BA8C48F8D666","osmosis","base","osmo1n6ney9tsf55etz9nrmzyd8wa7e64qd3s06a74fqs30ka8pps6cvqtsycr6","0xce16F69375520ab01377ce7B88f5BA8C48F8D666","2026-08-31T08:51:30Z","2026-08-31T08:51:30Z","2026-08-31T08:52:33Z","63","00:01:03","19.186776","axlUSDC","19.184914882728","Pending Refund","executed","received","False","True","695C7A3DE3AE46F6D474CBE6A19B3850A6BF73933043662F75D72E8CE65C48F3","0x9102eaa6d816546c95fcb369b6424e968d68d1b1ba68b4d1f73d1e20bd8f83bf-7095423","Axelar Network (GMP)","https://api.axelarscan.io (public GMP Explorer API)"
"base : 0x569594F181ac9AbdE3eBf89954F3D3Af40d63600","Polygon : 0xD87E98798b1441c4b7fB7ABd918F90e42ae3D735","base","Polygon","0x569594F181ac9AbdE3eBf89954F3D3Af40d63600","0xD87E98798b1441c4b7fB7ABd918F90e42ae3D735","2026-08-31T08:49:13Z","2026-08-31T08:49:13Z","2026-08-31T09:15:37Z","1584","00:26:24","464.079259","axlUSDC","464.042596738539","Not Refunded","executed","received","False","True","0xfbab16fc54457156d89e1fc26c8d81bfb2487cf7e2a9b7eed51004490f5ef349","0xfbab16fc54457156d89e1fc26c8d81bfb2487cf7e2a9b7eed51004490f5ef349-13","Axelar Network (GMP)","https://api.axelarscan.io (public GMP Explorer API)"
"osmosis : osmo173adwu8q6xfww53rhwtlxhjyafav74k6qsu9a7","binance : 0x43d090025aAA6C8693B71952B910AC55CcB56bBb","osmosis","binance","osmo173adwu8q6xfww53rhwtlxhjyafav74k6qsu9a7","0x43d090025aAA6C8693B71952B910AC55CcB56bBb","2026-08-31T08:48:51Z","2026-08-31T08:48:51Z","2026-08-31T08:49:15Z","24","00:00:24","5058.440529","AXL","233.36498250796964","Pending Refund","executed","received","False","True","FAB162BEA401016913F36F5DE121A8CF750467ADCA43F7EBC49558D58B4CA34F","0x2bdf8044d6119988f0ad844a18953f59f4cb428c62562f5b35c856625d5a6254-7095422","Axelar Network (GMP)","https://api.axelarscan.io (public GMP Explorer API)"
"binance : 0x9F0d4f965F8d7503046093F1BdA6052eFE6948b8","base : 0x7d77ac40bf16ff72df9f48266f8e115aa1bc30f7","binance","base","0x9F0d4f965F8d7503046093F1BdA6052eFE6948b8","0x7d77ac40bf16ff72df9f48266f8e115aa1bc30f7","2026-08-31T08:47:05Z","2026-08-31T08:47:05Z","2026-08-31T08:48:03Z","58","00:00:58",,,,"Not Refunded","executed","received","False","True","0xe07e7ba6f41086599498b971dcadd6d906046d0f6a984780f398a231b87ea6b2","0xe07e7ba6f41086599498b971dcadd6d906046d0f6a984780f398a231b87ea6b2-4","Axelar Network (GMP)","https://api.axelarscan.io (public GMP Explorer API)"
"fraxtal : 0xDC3D8e1Abe590BCa428a8a2FC4CfDbD1AcF57Bd9","Arbitrum : 0xce16F69375520ab01377ce7B88f5BA8C48F8D666","fraxtal","Arbitrum","0xDC3D8e1Abe590BCa428a8a2FC4CfDbD1AcF57Bd9","0xce16F69375520ab01377ce7B88f5BA8C48F8D666","2026-08-31T08:46:35Z","2026-08-31T08:46:35Z","2026-08-31T09:08:54Z","1339","00:22:19","2.899539","axlUSDC","2.899309936419","Not Refunded","executed","received","False","True","0x812703b7680a3d6cd9edc24778f4333d5479abee669cb5e4d9515ed615e02934","0x812703b7680a3d6cd9edc24778f4333d5479abee669cb5e4d9515ed615e02934-16","Axelar Network (GMP)","https://api.axelarscan.io (public GMP Explorer API)"
"arbitrum : 0xce16F69375520ab01377ce7B88f5BA8C48F8D666","base : 0xce16F69375520ab01377ce7B88f5BA8C48F8D666","arbitrum","base","0xce16F69375520ab01377ce7B88f5BA8C48F8D666","0xce16F69375520ab01377ce7B88f5BA8C48F8D666","2026-08-31T08:45:47Z","2026-08-31T08:45:47Z","2026-08-31T09:10:03Z","1456","00:24:16","0.729476","axlUSDC","0.729409617684","Not Refunded","executed","received","False","True","0x16e72334e9894e311d0a42b5379363141ac40c3b4295cae02da9b4d561a9c4f1","0x16e72334e9894e311d0a42b5379363141ac40c3b4295cae02da9b4d561a9c4f1-13","Axelar Network (GMP)","https://api.axelarscan.io (public GMP Explorer API)"
"axelar : axelar1aqcj54lzz0rk22gvqgcn8fr5tx4rzwdv5wv5j9dmnacgefvd7wzsy2j2mr","optimism : 0xB5FB4BE02232B1bBA4dC8f81dc24C26980dE9e3C","axelar","optimism","axelar1aqcj54lzz0rk22gvqgcn8fr5tx4rzwdv5wv5j9dmnacgefvd7wzsy2j2mr","0xB5FB4BE02232B1bBA4dC8f81dc24C26980dE9e3C","2026-08-31T08:44:21Z","2026-08-31T08:44:21Z","2026-08-31T08:44:59Z","38","00:00:38","326.2104310788254","FNX",,"Not Refunded","executed","received","False","False","1A9C9C84C80C4191DF55F2941D22677BC0203709B7D76968405D7475AD9EAFEC","0x1a9c9c84c80c4191df55f2941d22677bc0203709b7d76968405d7475ad9eafec-7095421","Axelar Network (GMP)","https://api.axelarscan.io (public GMP Explorer API)"
"axelar : axelar1aqcj54lzz0rk22gvqgcn8fr5tx4rzwdv5wv5j9dmnacgefvd7wzsy2j2mr","ethereum : 0xB5FB4BE02232B1bBA4dC8f81dc24C26980dE9e3C","axelar","ethereum","axelar1aqcj54lzz0rk22gvqgcn8fr5tx4rzwdv5wv5j9dmnacgefvd7wzsy2j2mr","0xB5FB4BE02232B1bBA4dC8f81dc24C26980dE9e3C","2026-08-31T08:44:03Z","2026-08-31T08:44:03Z","2026-08-31T08:45:23Z","80","00:01:20","11119.37","ATH","0","Pending Refund","executed","received","False","False","71A39836FB8B0ADBD85FDF61625344D5BCA7534218D0353E2DA0EEB0E2AD7722","0x71a39836fb8b0adbd85fdf61625344d5bca7534218d0353e2da0eeb0e2ad7722-7095415","Axelar Network (GMP)","https://api.axelarscan.io (public GMP Explorer API)"
"polygon : 0xB5FB4BE02232B1bBA4dC8f81dc24C26980dE9e3C","axelar : axelar1aqcj54lzz0rk22gvqgcn8fr5tx4rzwdv5wv5j9dmnacgefvd7wzsy2j2mr","polygon","axelar","0xB5FB4BE02232B1bBA4dC8f81dc24C26980dE9e3C","axelar1aqcj54lzz0rk22gvqgcn8fr5tx4rzwdv5wv5j9dmnacgefvd7wzsy2j2mr","2026-08-31T08:44:03Z","2026-08-31T08:44:03Z","2026-08-31T08:44:21Z","18","00:00:18","326.2104310788254","FNX",,"Not Refunded","executed","received","False","True","0x6187de98cf1155b48fec790bff36a7df868e42fec2b6b16535ae827dd642be1f","0x6187de98cf1155b48fec790bff36a7df868e42fec2b6b16535ae827dd642be1f-6","Axelar Network (GMP)","https://api.axelarscan.io (public GMP Explorer API)"
"osmosis : osmo173adwu8q6xfww53rhwtlxhjyafav74k6qsu9a7","binance : 0x43d090025aAA6C8693B71952B910AC55CcB56bBb","osmosis","binance","osmo173adwu8q6xfww53rhwtlxhjyafav74k6qsu9a7","0x43d090025aAA6C8693B71952B910AC55CcB56bBb","2026-08-31T08:38:19Z","2026-08-31T08:38:19Z","2026-08-31T08:38:45Z","26","00:00:26","5027.101948","AXL","231.74542839226112","Pending Refund","executed","received","False","True","A1F4512B0B9B3FC35732D0B6741A5DA9052F20306190ACD6E65F8ECB896A4C89","0x186911a68dd9218c9ffc96c01ce51a93d88dcc7af20fcf680caf0b960867f970-7095409","Axelar Network (GMP)","https://api.axelarscan.io (public GMP Explorer API)"
"axelar : axelar1aqcj54lzz0rk22gvqgcn8fr5tx4rzwdv5wv5j9dmnacgefvd7wzsy2j2mr","ethereum : 0xB5FB4BE02232B1bBA4dC8f81dc24C26980dE9e3C","axelar","ethereum","axelar1aqcj54lzz0rk22gvqgcn8fr5tx4rzwdv5wv5j9dmnacgefvd7wzsy2j2mr","0xB5FB4BE02232B1bBA4dC8f81dc24C26980dE9e3C","2026-08-31T08:37:36Z","2026-08-31T08:37:36Z","2026-08-31T08:38:35Z","59","00:00:59","53881.81218668941","ATH","0","Pending Refund","executed","received","False","False","B094C370BCBE74697A912B7FFEEDDA97D7C12F2EDE4F17390E90D72232013AB3","0xb094c370bcbe74697a912b7ffeedda97d7c12f2ede4f17390e90d72232013ab3-7095408","Axelar Network (GMP)","https://api.axelarscan.io (public GMP Explorer API)"
"ethereum : 0x4f49B53928A71E553bB1B0F66a5BcB54Fd4E8932","immutable : 0x4f49B53928A71E553bB1B0F66a5BcB54Fd4E8932","ethereum","immutable","0x4f49B53928A71E553bB1B0F66a5BcB54Fd4E8932","0x4f49B53928A71E553bB1B0F66a5BcB54Fd4E8932","2026-08-31T08:36:35Z","2026-08-31T08:36:35Z","2026-08-31T08:55:51Z","1156","00:19:16",,,,"Not Refunded","executed","received","False","True","0xc2e5192a71b4149df2bb42210796f993c3dcc6d85e2a3857a280124db32c5250","0xc2e5192a71b4149df2bb42210796f993c3dcc6d85e2a3857a280124db32c5250-1","Axelar Network (GMP)","https://api.axelarscan.io (public GMP Explorer API)"
"osmosis : osmo173adwu8q6xfww53rhwtlxhjyafav74k6qsu9a7","binance : 0x43d090025aAA6C8693B71952B910AC55CcB56bBb","osmosis","binance","osmo173adwu8q6xfww53rhwtlxhjyafav74k6qsu9a7","0x43d090025aAA6C8693B71952B910AC55CcB56bBb","2026-08-31T08:36:20Z","2026-08-31T08:36:20Z","2026-08-31T08:36:45Z","25","00:00:25","5066.214747","AXL","231.48979050245896","Pending Refund","executed","received","False","True","9138E214C93F8DFCEE67171FA2664A1583678FB1BCDAD6575585B11683A6780C","0xf6d10b8017c516d1c204615f6e19eaab1df4c4115d908fe354d73ad5f6ff6e8b-7095402","Axelar Network (GMP)","https://api.axelarscan.io (public GMP Explorer API)"
"osmosis : osmo1m8wg4vxkefhs374qxmmqpyusgz289wmulex5qdwpfx7jnrxzer5s9cv83q","base : 0x569594F181ac9AbdE3eBf89954F3D3Af40d63600","osmosis","base","osmo1m8wg4vxkefhs374qxmmqpyusgz289wmulex5qdwpfx7jnrxzer5s9cv83q","0x569594F181ac9AbdE3eBf89954F3D3Af40d63600","2026-08-31T08:32:00Z","2026-08-31T08:32:00Z","2026-08-31T08:33:03Z","63","00:01:03","7.089592","axlUSDC","7.089017743047999","Pending Refund","executed","received","False","True","66EC513DEBAA7E7E3D736FDEAF4415B818898B63EE218C88BBADDE49CE083AA1","0xace493e9eb37ef3199a5b2aeadb0599c5f990e60051b8935236605ef95558824-7095401","Axelar Network (GMP)","https://api.axelarscan.io (public GMP Explorer API)"
"axelar : axelar1aqcj54lzz0rk22gvqgcn8fr5tx4rzwdv5wv5j9dmnacgefvd7wzsy2j2mr","optimism : 0xB5FB4BE02232B1bBA4dC8f81dc24C26980dE9e3C","axelar","optimism","axelar1aqcj54lzz0rk22gvqgcn8fr5tx4rzwdv5wv5j9dmnacgefvd7wzsy2j2mr","0xB5FB4BE02232B1bBA4dC8f81dc24C26980dE9e3C","2026-08-31T08:31:01Z","2026-08-31T08:31:01Z","2026-08-31T08:31:29Z","28","00:00:28","654.7395354148339","FNX",,"Not Refunded","executed","received","False","False","2CD67345C708655B556168B36B8B6E347B7A6CFA2DEE258C4FB5818D26F7452A","0x2cd67345c708655b556168b36b8b6e347b7a6cfa2dee258c4fb5818d26f7452a-7095400","Axelar Network (GMP)","https://api.axelarscan.io (public GMP Explorer API)"
"polygon : 0xB5FB4BE02232B1bBA4dC8f81dc24C26980dE9e3C","axelar : axelar1aqcj54lzz0rk22gvqgcn8fr5tx4rzwdv5wv5j9dmnacgefvd7wzsy2j2mr","polygon","axelar","0xB5FB4BE02232B1bBA4dC8f81dc24C26980dE9e3C","axelar1aqcj54lzz0rk22gvqgcn8fr5tx4rzwdv5wv5j9dmnacgefvd7wzsy2j2mr","2026-08-31T08:30:43Z","2026-08-31T08:30:43Z","2026-08-31T08:31:01Z","18","00:00:18","654.7395354148339","FNX",,"Not Refunded","executed","received","False","True","0x856ff0be1ea7cb2ca8acf9db1f9edad81ba77bb2543707beeff233dad153f7ad","0x856ff0be1ea7cb2ca8acf9db1f9edad81ba77bb2543707beeff233dad153f7ad-6","Axelar Network (GMP)","https://api.axelarscan.io (public GMP Explorer API)"
"osmosis : osmo1n6ney9tsf55etz9nrmzyd8wa7e64qd3s06a74fqs30ka8pps6cvqtsycr6","Ethereum : 0xce16F69375520ab01377ce7B88f5BA8C48F8D666","osmosis","Ethereum","osmo1n6ney9tsf55etz9nrmzyd8wa7e64qd3s06a74fqs30ka8pps6cvqtsycr6","0xce16F69375520ab01377ce7B88f5BA8C48F8D666","2026-08-31T08:28:41Z","2026-08-31T08:28:41Z","2026-08-31T08:30:23Z","102","00:01:42","0.010599537377763844","axlETH","25.846441918808242","Pending Refund","executed","received","False","True","BF21547085507A1AA3687D4884305F9D0D999C6D70C4ECBF65F694806FDA3E1F","0xf366e206b41b41a6a5c6a0e29b1082a176f3cab278c8c46a93e6292a9edda0ac-7095394","Axelar Network (GMP)","https://api.axelarscan.io (public GMP Explorer API)"
"osmosis : osmo1m8wg4vxkefhs374qxmmqpyusgz289wmulex5qdwpfx7jnrxzer5s9cv83q","Ethereum : 0xB773bCc5B325ad9AC6B36e1A046AD4466833A16E","osmosis","Ethereum","osmo1m8wg4vxkefhs374qxmmqpyusgz289wmulex5qdwpfx7jnrxzer5s9cv83q","0xB773bCc5B325ad9AC6B36e1A046AD4466833A16E","2026-08-31T08:27:27Z","2026-08-31T08:27:27Z","2026-08-31T08:28:23Z","56","00:00:56","0.01319435947609948","axlETH","32.173785864494775","Pending Refund","executed","received","False","True","A7061A5CBC89D15594A199010529338CC6B1495B584185B4DD6EF36B2D8010C6","0x738c17caa28140df95b8b99bb7394d08f1737a3eea29ffdcd297a492ca8ad732-7095393","Axelar Network (GMP)","https://api.axelarscan.io (public GMP Explorer API)"
"base : 0xce16F69375520ab01377ce7B88f5BA8C48F8D666","Ethereum : 0xce16F69375520ab01377ce7B88f5BA8C48F8D666","base","Ethereum","0xce16F69375520ab01377ce7B88f5BA8C48F8D666","0xce16F69375520ab01377ce7B88f5BA8C48F8D666","2026-08-31T08:27:01Z","2026-08-31T08:27:01Z","2026-08-31T08:51:23Z","1462","00:24:22","1740.333292","axlUSDC","1740.190584670056","Not Refunded","executed","received","False","True","0xc4e5b330d081b6b945fa4f6c72015a89d32413ca15072e28adf9a599a7e873b7","0xc4e5b330d081b6b945fa4f6c72015a89d32413ca15072e28adf9a599a7e873b7-41","Axelar Network (GMP)","https://api.axelarscan.io (public GMP Explorer API)"
"ethereum : 0x4f49B53928A71E553bB1B0F66a5BcB54Fd4E8932","immutable : 0x4f49B53928A71E553bB1B0F66a5BcB54Fd4E8932","ethereum","immutable","0x4f49B53928A71E553bB1B0F66a5BcB54Fd4E8932","0x4f49B53928A71E553bB1B0F66a5BcB54Fd4E8932","2026-08-31T08:25:59Z","2026-08-31T08:25:59Z","2026-08-31T08:43:21Z","1042","00:17:22",,,,"Not Refunded","executed","received","False","True","0x20581290a373aad26cf2c54b03224d8a984d35164547abed197a26e6818baf2f","0x20581290a373aad26cf2c54b03224d8a984d35164547abed197a26e6818baf2f-1","Axelar Network (GMP)","https://api.axelarscan.io (public GMP Explorer API)"
"osmosis : osmo1m8wg4vxkefhs374qxmmqpyusgz289wmulex5qdwpfx7jnrxzer5s9cv83q","Ethereum : 0xB773bCc5B325ad9AC6B36e1A046AD4466833A16E","osmosis","Ethereum","osmo1m8wg4vxkefhs374qxmmqpyusgz289wmulex5qdwpfx7jnrxzer5s9cv83q","0xB773bCc5B325ad9AC6B36e1A046AD4466833A16E","2026-08-31T08:25:11Z","2026-08-31T08:25:11Z","2026-08-31T08:26:23Z","72","00:01:12","546.52854","axlUSDC","546.49137605928","Pending Refund","executed","received","False","True","343F90140AE3654974EDEFE12126CE812828B2679631A5796F0AF1E22F474766","0x0f03b032c215d1f776f7bbcafae43e7b805638bd72ae3ae0271fc806a19f5b58-7095392","Axelar Network (GMP)","https://api.axelarscan.io (public GMP Explorer API)"
"osmosis : osmo1qz4wf93hnt2eyyewrt4urfmg4xtw34wludgqsh","Ethereum : 0xce16F69375520ab01377ce7B88f5BA8C48F8D666","osmosis","Ethereum","osmo1qz4wf93hnt2eyyewrt4urfmg4xtw34wludgqsh","0xce16F69375520ab01377ce7B88f5BA8C48F8D666","2026-08-31T08:24:32Z","2026-08-31T08:24:32Z","2026-08-31T08:25:47Z","75","00:01:15","445.527596","axlUSDC","445.49730012347203","Pending Refund","executed","received","False","True","8EF5B79DA4F1B69EBA6965257B5242D1BE5EF447A81D10315EB8EB404347876F","0x21fc076460f2b960c255e30c64ac87ccee5d7b646f3fb5865e7c23fff8edbe9c-7095391","Axelar Network (GMP)","https://api.axelarscan.io (public GMP Explorer API)"
"arbitrum : 0xB5FB4BE02232B1bBA4dC8f81dc24C26980dE9e3C","axelar : axelar1aqcj54lzz0rk22gvqgcn8fr5tx4rzwdv5wv5j9dmnacgefvd7wzsy2j2mr","arbitrum","axelar","0xB5FB4BE02232B1bBA4dC8f81dc24C26980dE9e3C","axelar1aqcj54lzz0rk22gvqgcn8fr5tx4rzwdv5wv5j9dmnacgefvd7wzsy2j2mr","2026-08-31T08:22:43Z","2026-08-31T08:22:43Z","2026-08-31T08:44:03Z","1280","00:21:20","11119.37","ATH","55.98469362560001","Not Refunded","executed","received","False","True","0x3dab1165e9d88ba48b43f61cad413d5673a2a3187c0e5f5accf824e38746b47e","0x3dab1165e9d88ba48b43f61cad413d5673a2a3187c0e5f5accf824e38746b47e-7","Axelar Network (GMP)","https://api.axelarscan.io (public GMP Explorer API)"
"base : 0xce16F69375520ab01377ce7B88f5BA8C48F8D666","Ethereum : 0xce16F69375520ab01377ce7B88f5BA8C48F8D666","base","Ethereum","0xce16F69375520ab01377ce7B88f5BA8C48F8D666","0xce16F69375520ab01377ce7B88f5BA8C48F8D666","2026-08-31T08:20:29Z","2026-08-31T08:20:29Z","2026-08-31T08:44:23Z","1434","00:23:54","220.744501","axlUSDC","220.72949037393204","Not Refunded","executed","received","False","True","0x938807daf26bf54ff68fd5a22c0dbad8ad55564ed86dce68543b4801ced50336","0x938807daf26bf54ff68fd5a22c0dbad8ad55564ed86dce68543b4801ced50336-27","Axelar Network (GMP)","https://api.axelarscan.io (public GMP Explorer API)"
"linea : 0xB5FB4BE02232B1bBA4dC8f81dc24C26980dE9e3C","axelar : axelar1aqcj54lzz0rk22gvqgcn8fr5tx4rzwdv5wv5j9dmnacgefvd7wzsy2j2mr","linea","axelar","0xB5FB4BE02232B1bBA4dC8f81dc24C26980dE9e3C","axelar1aqcj54lzz0rk22gvqgcn8fr5tx4rzwdv5wv5j9dmnacgefvd7wzsy2j2mr","2026-08-31T08:18:56Z","2026-08-31T08:18:56Z","2026-08-31T09:20:19Z","3683","01:01:23","0.615","agETH",,"Not Refunded","executed","received","False","True","0xe56d378be628770220b363e4e4b20e92538868fb7d18069f892a60ed805d6ffc","0xe56d378be628770220b363e4e4b20e92538868fb7d18069f892a60ed805d6ffc-7","Axelar Network (GMP)","https://api.axelarscan.io (public GMP Explorer API)"
"arbitrum : 0xB5FB4BE02232B1bBA4dC8f81dc24C26980dE9e3C","axelar : axelar1aqcj54lzz0rk22gvqgcn8fr5tx4rzwdv5wv5j9dmnacgefvd7wzsy2j2mr","arbitrum","axelar","0xB5FB4BE02232B1bBA4dC8f81dc24C26980dE9e3C","axelar1aqcj54lzz0rk22gvqgcn8fr5tx4rzwdv5wv5j9dmnacgefvd7wzsy2j2mr","2026-08-31T08:18:05Z","2026-08-31T08:18:05Z","2026-08-31T08:37:36Z","1171","00:19:31","53881.81218668941","ATH","271.28845854251875","Not Refunded","executed","received","False","True","0xe53eaff0a0cb73cc3b2a3ca347c31887595bf6e0d888b98de6dc1d9d9b7ff867","0xe53eaff0a0cb73cc3b2a3ca347c31887595bf6e0d888b98de6dc1d9d9b7ff867-6","Axelar Network (GMP)","https://api.axelarscan.io (public GMP Explorer API)"
"osmosis : osmo1n6ney9tsf55etz9nrmzyd8wa7e64qd3s06a74fqs30ka8pps6cvqtsycr6","Ethereum : 0xce16F69375520ab01377ce7B88f5BA8C48F8D666","osmosis","Ethereum","osmo1n6ney9tsf55etz9nrmzyd8wa7e64qd3s06a74fqs30ka8pps6cvqtsycr6","0xce16F69375520ab01377ce7B88f5BA8C48F8D666","2026-08-31T08:17:45Z","2026-08-31T08:17:45Z","2026-08-31T08:19:23Z","98","00:01:38","0.017818849849381466","axlETH","43.49670342483263","Pending Refund","executed","received","False","True","A4695240FEDDD485EA14A50A9798458072D17552CB338BD805B0C6C1FEB65395","0x87632410a81ebd3bd9b14a10880c9bd9bb909bd9d67aea6f62a06c4c7eef2777-7095390","Axelar Network (GMP)","https://api.axelarscan.io (public GMP Explorer API)"
"axelar : axelar1aqcj54lzz0rk22gvqgcn8fr5tx4rzwdv5wv5j9dmnacgefvd7wzsy2j2mr","avalanche : 0xB5FB4BE02232B1bBA4dC8f81dc24C26980dE9e3C","axelar","avalanche","axelar1aqcj54lzz0rk22gvqgcn8fr5tx4rzwdv5wv5j9dmnacgefvd7wzsy2j2mr","0xB5FB4BE02232B1bBA4dC8f81dc24C26980dE9e3C","2026-08-31T08:15:57Z","2026-08-31T08:15:57Z","2026-08-31T08:16:20Z","23","00:00:23","0.01","WPOL",,"Not Refunded","executed","received","False","False","2DFA7168C5A2D1B1659CB8BDA6911D1E3A48E7CCEE07BCE593E3586E4031D7C9","0x2dfa7168c5a2d1b1659cb8bda6911d1e3a48e7ccee07bce593e3586e4031d7c9-7095389","Axelar Network (GMP)","https://api.axelarscan.io (public GMP Explorer API)"
"polygon : 0xB5FB4BE02232B1bBA4dC8f81dc24C26980dE9e3C","axelar : axelar1aqcj54lzz0rk22gvqgcn8fr5tx4rzwdv5wv5j9dmnacgefvd7wzsy2j2mr","polygon","axelar","0xB5FB4BE02232B1bBA4dC8f81dc24C26980dE9e3C","axelar1aqcj54lzz0rk22gvqgcn8fr5tx4rzwdv5wv5j9dmnacgefvd7wzsy2j2mr","2026-08-31T08:15:39Z","2026-08-31T08:15:39Z","2026-08-31T08:15:57Z","18","00:00:18","0.01","WPOL",,"Not Refunded","executed","received","False","True","0x0cd7e7286f25cf6d6fb2e206af5011022647f02d593746021b189f96056549f5","0x0cd7e7286f25cf6d6fb2e206af5011022647f02d593746021b189f96056549f5-10","Axelar Network (GMP)","https://api.axelarscan.io (public GMP Explorer API)"
"immutable : 0x4f49B53928A71E553bB1B0F66a5BcB54Fd4E8932","Ethereum : 0x4f49B53928A71E553bB1B0F66a5BcB54Fd4E8932","immutable","Ethereum","0x4f49B53928A71E553bB1B0F66a5BcB54Fd4E8932","0x4f49B53928A71E553bB1B0F66a5BcB54Fd4E8932","2026-08-31T08:14:57Z","2026-08-31T08:14:57Z","2026-08-31T08:16:35Z","98","00:01:38",,,,"Not Refunded","executed","received","False","True","0xe8e380bb73b7c8105e5c308579157ec45733fba1030d934084c3ae455b70b01c","0xe8e380bb73b7c8105e5c308579157ec45733fba1030d934084c3ae455b70b01c-5","Axelar Network (GMP)","https://api.axelarscan.io (public GMP Explorer API)"
"binance : 0xce16F69375520ab01377ce7B88f5BA8C48F8D666","Polygon : 0xce16F69375520ab01377ce7B88f5BA8C48F8D666","binance","Polygon","0xce16F69375520ab01377ce7B88f5BA8C48F8D666","0xce16F69375520ab01377ce7B88f5BA8C48F8D666","2026-08-31T08:14:19Z","2026-08-31T08:14:19Z","2026-08-31T08:15:07Z","48","00:00:48","71.114719","axlUSDC","71.107180839786","Not Refunded","executed","received","False","True","0xde1ec98c747b16d4d643ce006acca240a2162aad6f4d94b7f9bafc434c98ca5c","0xde1ec98c747b16d4d643ce006acca240a2162aad6f4d94b7f9bafc434c98ca5c-13","Axelar Network (GMP)","https://api.axelarscan.io (public GMP Explorer API)"
"osmosis : osmo1m8wg4vxkefhs374qxmmqpyusgz289wmulex5qdwpfx7jnrxzer5s9cv83q","Ethereum : 0xB773bCc5B325ad9AC6B36e1A046AD4466833A16E","osmosis","Ethereum","osmo1m8wg4vxkefhs374qxmmqpyusgz289wmulex5qdwpfx7jnrxzer5s9cv83q","0xB773bCc5B325ad9AC6B36e1A046AD4466833A16E","2026-08-31T08:14:07Z","2026-08-31T08:14:07Z","2026-08-31T08:15:23Z","76","00:01:16","0.00963840122353284","axlETH","23.49726557482624","Pending Refund","executed","received","False","True","FFDA31B6ECFF149AEFDDE7BA1E86700F65C5ADF3B7FAD771C6D0B49B3FC1166D","0x8dc19df01b7a683eb8b28da8fc9a474e44c0f8072697407b6239ec30a47f0249-7095383","Axelar Network (GMP)","https://api.axelarscan.io (public GMP Explorer API)"
"ethereum : 0x4f49B53928A71E553bB1B0F66a5BcB54Fd4E8932","immutable : 0x4f49B53928A71E553bB1B0F66a5BcB54Fd4E8932","ethereum","immutable","0x4f49B53928A71E553bB1B0F66a5BcB54Fd4E8932","0x4f49B53928A71E553bB1B0F66a5BcB54Fd4E8932","2026-08-31T08:13:23Z","2026-08-31T08:13:23Z","2026-08-31T08:30:29Z","1026","00:17:06",,,,"Not Refunded","executed","received","False","True","0x94bfa4be77d014b9193b0922a66af51dac65dd7feba8030c429bd7b698f13507","0x94bfa4be77d014b9193b0922a66af51dac65dd7feba8030c429bd7b698f13507-1","Axelar Network (GMP)","https://api.axelarscan.io (public GMP Explorer API)"
"binance : 0xce16F69375520ab01377ce7B88f5BA8C48F8D666","Ethereum : 0xce16F69375520ab01377ce7B88f5BA8C48F8D666","binance","Ethereum","0xce16F69375520ab01377ce7B88f5BA8C48F8D666","0xce16F69375520ab01377ce7B88f5BA8C48F8D666","2026-08-31T08:10:48Z","2026-08-31T08:10:48Z","2026-08-31T08:12:35Z","107","00:01:47","58.297386","axlUSDC","58.291206477084","Not Refunded","executed","received","False","True","0x2a4e6338be7ccbdc8a331bbfaaaef64e3d0cc4b51678dbd706dd43ecee7ac1f0","0x2a4e6338be7ccbdc8a331bbfaaaef64e3d0cc4b51678dbd706dd43ecee7ac1f0-21","Axelar Network (GMP)","https://api.axelarscan.io (public GMP Explorer API)"
"ethereum : 0xce16F69375520ab01377ce7B88f5BA8C48F8D666","osmosis : osmo1n6ney9tsf55etz9nrmzyd8wa7e64qd3s06a74fqs30ka8pps6cvqtsycr6","ethereum","osmosis","0xce16F69375520ab01377ce7B88f5BA8C48F8D666","osmo1n6ney9tsf55etz9nrmzyd8wa7e64qd3s06a74fqs30ka8pps6cvqtsycr6","2026-08-31T07:57:35Z","2026-08-31T07:57:35Z","2026-08-31T08:17:01Z","1166","00:19:26","22.75436","USDC","22.7521983358","Not Refunded","executed","received","False","True","0xebb88ffdc7877ddc98075be5c9813917750e633f1f1683c7bda6033d1356aa52","0xebb88ffdc7877ddc98075be5c9813917750e633f1f1683c7bda6033d1356aa52-15","Axelar Network (GMP)","https://api.axelarscan.io (public GMP Explorer API)"
"celo : 0xce16F69375520ab01377ce7B88f5BA8C48F8D666","base : 0xce16F69375520ab01377ce7B88f5BA8C48F8D666","celo","base","0xce16F69375520ab01377ce7B88f5BA8C48F8D666","0xce16F69375520ab01377ce7B88f5BA8C48F8D666","2026-08-31T07:54:23Z","2026-08-31T07:54:23Z","2026-08-31T08:18:35Z","1452","00:24:12","608.821617","axlUSDC","608.763778946385","Not Refunded","executed","received","False","True","0xfdc31f138778e09c4f14df5343fce1a1c818ca0467a8407391282804e70dbe14","0xfdc31f138778e09c4f14df5343fce1a1c818ca0467a8407391282804e70dbe14-20","Axelar Network (GMP)","https://api.axelarscan.io (public GMP Explorer API)"
"agoric : agoric1nkl00y6kwsd3u8d99s32jzvfz6hzz7tpdxgy9n7erlm08ps3rfuqg2cp0x","Ethereum : 0x7db1eb589bd2fdfc3d2c34cfe568ccf271c437a9","agoric","Ethereum","agoric1nkl00y6kwsd3u8d99s32jzvfz6hzz7tpdxgy9n7erlm08ps3rfuqg2cp0x","0x7db1eb589bd2fdfc3d2c34cfe568ccf271c437a9","2026-08-31T07:48:37Z","2026-08-31T07:48:37Z","2026-08-31T07:49:59Z","82","00:01:22",,,,"Not Refunded","executed","received","False","False","","0x44ba46c751eafdde6983ca22dc2f252385cade42d4b5d8c9ba45def6a4749039-7095382","Axelar Network (GMP)","https://api.axelarscan.io (public GMP Explorer API)"
"binance : 0x43d090025aAA6C8693B71952B910AC55CcB56bBb","osmosis : osmo173adwu8q6xfww53rhwtlxhjyafav74k6qsu9a7","binance","osmosis","0x43d090025aAA6C8693B71952B910AC55CcB56bBb","osmo173adwu8q6xfww53rhwtlxhjyafav74k6qsu9a7","2026-08-31T07:48:14Z","2026-08-31T07:48:14Z","2026-08-31T07:48:32Z","18","00:00:18","5054.39","AXL","231.3730925374","Not Refunded","executed","received","False","True","0x437cb3e3f63b9b49fc50b71f0247402ab59df0f3dcd8f6de1a227271c4564902","0x437cb3e3f63b9b49fc50b71f0247402ab59df0f3dcd8f6de1a227271c4564902-3","Axelar Network (GMP)","https://api.axelarscan.io (public GMP Explorer API)"
"agoric : agoric1nkl00y6kwsd3u8d99s32jzvfz6hzz7tpdxgy9n7erlm08ps3rfuqg2cp0x","Ethereum : 0x7db1eb589bd2fdfc3d2c34cfe568ccf271c437a9","agoric","Ethereum","agoric1nkl00y6kwsd3u8d99s32jzvfz6hzz7tpdxgy9n7erlm08ps3rfuqg2cp0x","0x7db1eb589bd2fdfc3d2c34cfe568ccf271c437a9","2026-08-31T07:46:49Z","2026-08-31T07:46:49Z","2026-08-31T07:48:23Z","94","00:01:34",,,,"Not Refunded","executed","received","False","False","","0xfd2efe7cf535aeccc1bd485eeafd0d85fd30ccb5df730aae3680a41c3209b189-7095381","Axelar Network (GMP)","https://api.axelarscan.io (public GMP Explorer API)"
"axelar : axelar1aqcj54lzz0rk22gvqgcn8fr5tx4rzwdv5wv5j9dmnacgefvd7wzsy2j2mr","ethereum : 0xB5FB4BE02232B1bBA4dC8f81dc24C26980dE9e3C","axelar","ethereum","axelar1aqcj54lzz0rk22gvqgcn8fr5tx4rzwdv5wv5j9dmnacgefvd7wzsy2j2mr","0xB5FB4BE02232B1bBA4dC8f81dc24C26980dE9e3C","2026-08-31T07:46:38Z","2026-08-31T07:46:38Z","2026-08-31T07:47:35Z","57","00:00:57","120379.23457925925","ATH","0","Pending Refund","executed","received","False","False","4BE44B8451AD818DC42F8EEE3D50E40251F8A63AF29CF0FFC6D7C184ED6C8542","0x4be44b8451ad818dc42f8eee3d50e40251f8a63af29cf0ffc6d7c184ed6c8542-7095380","Axelar Network (GMP)","https://api.axelarscan.io (public GMP Explorer API)"
"osmosis : osmo1n6ney9tsf55etz9nrmzyd8wa7e64qd3s06a74fqs30ka8pps6cvqtsycr6","binance : 0xce16F69375520ab01377ce7B88f5BA8C48F8D666","osmosis","binance","osmo1n6ney9tsf55etz9nrmzyd8wa7e64qd3s06a74fqs30ka8pps6cvqtsycr6","0xce16F69375520ab01377ce7B88f5BA8C48F8D666","2026-08-31T07:37:14Z","2026-08-31T07:37:14Z","2026-08-31T07:37:40Z","26","00:00:26","0.002051636243109595","axlBNB","1.406314579201903","Pending Refund","executed","received","False","True","C36FF9F0407FC424ED8582FC2965BBCB27E269B7B179F24EBD12138A7C9961EC","0xa4a4eaadfd6332fd930eaa2e2d52347d393c6fddd037a1eb876a844f2466f67c-7095374","Axelar Network (GMP)","https://api.axelarscan.io (public GMP Explorer API)"
"osmosis : osmo173adwu8q6xfww53rhwtlxhjyafav74k6qsu9a7","binance : 0x43d090025aAA6C8693B71952B910AC55CcB56bBb","osmosis","binance","osmo173adwu8q6xfww53rhwtlxhjyafav74k6qsu9a7","0x43d090025aAA6C8693B71952B910AC55CcB56bBb","2026-08-31T07:36:29Z","2026-08-31T07:36:29Z","2026-08-31T07:36:55Z","26","00:00:26","5040.5063","AXL","231.832391496381","Pending Refund","executed","received","False","True","8C4EF1CBC4AB440E15F10614188B044BAF26A752E5D0066D7E16C03B3205E3C9","0x22b02c3ce6f8a5ae4f59d49544cd9244208bdf5d993498fbb98907a79a182411-7095373","Axelar Network (GMP)","https://api.axelarscan.io (public GMP Explorer API)"
"osmosis : osmo1n6ney9tsf55etz9nrmzyd8wa7e64qd3s06a74fqs30ka8pps6cvqtsycr6","binance : 0xce16F69375520ab01377ce7B88f5BA8C48F8D666","osmosis","binance","osmo1n6ney9tsf55etz9nrmzyd8wa7e64qd3s06a74fqs30ka8pps6cvqtsycr6","0xce16F69375520ab01377ce7B88f5BA8C48F8D666","2026-08-31T07:33:37Z","2026-08-31T07:33:37Z","2026-08-31T07:34:00Z","23","00:00:23","64.227967","axlUSDC","64.22135151939901","Pending Refund","executed","received","False","True","58F6E414FF7244C56C6B44BE5F4A02531A0EE954B39193DFB7AE2DDC349DA4BB","0x1e12fd389b5916e849e9e7846923170c43e435acdd01c22ad3a24f91da1e170d-7095372","Axelar Network (GMP)","https://api.axelarscan.io (public GMP Explorer API)"
"immutable : 0x4f49B53928A71E553bB1B0F66a5BcB54Fd4E8932","Ethereum : 0x4f49B53928A71E553bB1B0F66a5BcB54Fd4E8932","immutable","Ethereum","0x4f49B53928A71E553bB1B0F66a5BcB54Fd4E8932","0x4f49B53928A71E553bB1B0F66a5BcB54Fd4E8932","2026-08-31T07:29:45Z","2026-08-31T07:29:45Z","2026-08-31T07:31:35Z","110","00:01:50",,,,"Not Refunded","executed","received","False","True","0xcef369c318d0ec6619c2b65fc9e7f6ea44f7a2db6d5f96f6f0a04ea99d2e9284","0xcef369c318d0ec6619c2b65fc9e7f6ea44f7a2db6d5f96f6f0a04ea99d2e9284-2","Axelar Network (GMP)","https://api.axelarscan.io (public GMP Explorer API)"
"arbitrum : 0xB5FB4BE02232B1bBA4dC8f81dc24C26980dE9e3C","axelar : axelar1aqcj54lzz0rk22gvqgcn8fr5tx4rzwdv5wv5j9dmnacgefvd7wzsy2j2mr","arbitrum","axelar","0xB5FB4BE02232B1bBA4dC8f81dc24C26980dE9e3C","axelar1aqcj54lzz0rk22gvqgcn8fr5tx4rzwdv5wv5j9dmnacgefvd7wzsy2j2mr","2026-08-31T07:27:54Z","2026-08-31T07:27:54Z","2026-08-31T07:46:38Z","1124","00:18:44","120379.23457925925","ATH","606.6595792085976","Not Refunded","executed","received","False","True","0x0ef5d8f1648e5c53b134ac4d8114f02ee54b6d94a5467abb7ea7eba27c022fb1","0x0ef5d8f1648e5c53b134ac4d8114f02ee54b6d94a5467abb7ea7eba27c022fb1-7","Axelar Network (GMP)","https://api.axelarscan.io (public GMP Explorer API)"
"osmosis : osmo173adwu8q6xfww53rhwtlxhjyafav74k6qsu9a7","binance : 0x43d090025aAA6C8693B71952B910AC55CcB56bBb","osmosis","binance","osmo173adwu8q6xfww53rhwtlxhjyafav74k6qsu9a7","0x43d090025aAA6C8693B71952B910AC55CcB56bBb","2026-08-31T07:16:28Z","2026-08-31T07:16:28Z","2026-08-31T07:16:50Z","22","00:00:22","5023.203715","AXL","230.55314552569544","Pending Refund","executed","received","False","True","F4311089B2DDDB0703B911B2E354D042F9CE63715681565B2526F62ED1D7DBA7","0x081ac1881630d2450d4d8b5583132b99d3903d6d92482c7699f820a0c818cf52-7095371","Axelar Network (GMP)","https://api.axelarscan.io (public GMP Explorer API)"
"optimism : 0xce16F69375520ab01377ce7B88f5BA8C48F8D666","base : 0xce16F69375520ab01377ce7B88f5BA8C48F8D666","optimism","base","0xce16F69375520ab01377ce7B88f5BA8C48F8D666","0xce16F69375520ab01377ce7B88f5BA8C48F8D666","2026-08-31T07:15:03Z","2026-08-31T07:15:03Z","2026-08-31T07:46:03Z","1860","00:31:00","1000.416438","axlUSDC","1000.2903855288121","Not Refunded","executed","received","False","True","0x77420bc661c4319cb3705e6bbe344da7a93e8e5b49a53886f377589d7608e62b","0x77420bc661c4319cb3705e6bbe344da7a93e8e5b49a53886f377589d7608e62b-7","Axelar Network (GMP)","https://api.axelarscan.io (public GMP Explorer API)"
"osmosis : osmo173adwu8q6xfww53rhwtlxhjyafav74k6qsu9a7","binance : 0x43d090025aAA6C8693B71952B910AC55CcB56bBb","osmosis","binance","osmo173adwu8q6xfww53rhwtlxhjyafav74k6qsu9a7","0x43d090025aAA6C8693B71952B910AC55CcB56bBb","2026-08-31T07:14:46Z","2026-08-31T07:14:46Z","2026-08-31T07:15:15Z","29","00:00:29","5040.383889","AXL","231.34167479528307","Pending Refund","executed","received","False","True","FDEEA5ED21F8F643F25BCC7C12B3E9EAD507247B58730729D71A86D30D29EF13","0x927455f9eb0c7c30aa5b38059e5c03aff853412ba304b08c77106cfbda73d765-7095370","Axelar Network (GMP)","https://api.axelarscan.io (public GMP Explorer API)"
"binance : 0xce16F69375520ab01377ce7B88f5BA8C48F8D666","osmosis : osmo1n6ney9tsf55etz9nrmzyd8wa7e64qd3s06a74fqs30ka8pps6cvqtsycr6","binance","osmosis","0xce16F69375520ab01377ce7B88f5BA8C48F8D666","osmo1n6ney9tsf55etz9nrmzyd8wa7e64qd3s06a74fqs30ka8pps6cvqtsycr6","2026-08-31T07:11:46Z","2026-08-31T07:11:46Z","2026-08-31T07:11:59Z","13","00:00:13","0.000342487176371152","WBNB","0.23461399042953024","Not Refunded","executed","received","False","True","0x803fd21e0aa2e149c5e8ed35a95447fb7ff3e66b0a0d02234ff8fb576cd5d520","0x803fd21e0aa2e149c5e8ed35a95447fb7ff3e66b0a0d02234ff8fb576cd5d520-4","Axelar Network (GMP)","https://api.axelarscan.io (public GMP Explorer API)"
"axelar : axelar1aqcj54lzz0rk22gvqgcn8fr5tx4rzwdv5wv5j9dmnacgefvd7wzsy2j2mr","optimism : 0xB5FB4BE02232B1bBA4dC8f81dc24C26980dE9e3C","axelar","optimism","axelar1aqcj54lzz0rk22gvqgcn8fr5tx4rzwdv5wv5j9dmnacgefvd7wzsy2j2mr","0xB5FB4BE02232B1bBA4dC8f81dc24C26980dE9e3C","2026-08-31T07:11:19Z","2026-08-31T07:11:19Z","2026-08-31T07:11:59Z","40","00:00:40","326.2063538513775","FNX",,"Not Refunded","executed","received","False","False","9DF0BB0107F8D379670311EF8A46B9A7C49BD0CC0A0FEC6B1950412F15E402DD","0x9df0bb0107f8d379670311ef8a46b9a7c49bd0cc0a0fec6b1950412f15e402dd-7095369","Axelar Network (GMP)","https://api.axelarscan.io (public GMP Explorer API)"
"polygon : 0xB5FB4BE02232B1bBA4dC8f81dc24C26980dE9e3C","axelar : axelar1aqcj54lzz0rk22gvqgcn8fr5tx4rzwdv5wv5j9dmnacgefvd7wzsy2j2mr","polygon","axelar","0xB5FB4BE02232B1bBA4dC8f81dc24C26980dE9e3C","axelar1aqcj54lzz0rk22gvqgcn8fr5tx4rzwdv5wv5j9dmnacgefvd7wzsy2j2mr","2026-08-31T07:11:00Z","2026-08-31T07:11:00Z","2026-08-31T07:11:19Z","19","00:00:19","326.2063538513775","FNX",,"Not Refunded","executed","received","False","True","0x13bf152c2893488054bc8b0cbbda77ec843779c23a7eed33bc6265ac37d33e22","0x13bf152c2893488054bc8b0cbbda77ec843779c23a7eed33bc6265ac37d33e22-6","Axelar Network (GMP)","https://api.axelarscan.io (public GMP Explorer API)"
"base : 0xce16F69375520ab01377ce7B88f5BA8C48F8D666","osmosis : osmo1n6ney9tsf55etz9nrmzyd8wa7e64qd3s06a74fqs30ka8pps6cvqtsycr6","base","osmosis","0xce16F69375520ab01377ce7B88f5BA8C48F8D666","osmo1n6ney9tsf55etz9nrmzyd8wa7e64qd3s06a74fqs30ka8pps6cvqtsycr6","2026-08-31T07:10:55Z","2026-08-31T07:10:55Z","2026-08-31T07:33:34Z","1359","00:22:39","9.648953","axlUSDC","9.647978455747001","Not Refunded","executed","received","False","True","0xd38e66379c667cc12e48f07a4b77444ab2eb661bb082bfb11249c60b1846f8ab","0xd38e66379c667cc12e48f07a4b77444ab2eb661bb082bfb11249c60b1846f8ab-13","Axelar Network (GMP)","https://api.axelarscan.io (public GMP Explorer API)"
"osmosis : osmo173adwu8q6xfww53rhwtlxhjyafav74k6qsu9a7","binance : 0x43d090025aAA6C8693B71952B910AC55CcB56bBb","osmosis","binance","osmo173adwu8q6xfww53rhwtlxhjyafav74k6qsu9a7","0x43d090025aAA6C8693B71952B910AC55CcB56bBb","2026-08-31T07:08:53Z","2026-08-31T07:08:53Z","2026-08-31T07:09:20Z","27","00:00:27","5052.874507","AXL","233.6067174724071","Pending Refund","executed","received","False","True","A86C5684D3FE0E91C6F56F0955B48242FE93CD62886F4528BB8D0AC0CCBC5249","0x27d6472454d80348b15e2649554080b13cf4478e62d55c148ff497737a9ef6b8-7095363","Axelar Network (GMP)","https://api.axelarscan.io (public GMP Explorer API)"
"axelar : axelar1aqcj54lzz0rk22gvqgcn8fr5tx4rzwdv5wv5j9dmnacgefvd7wzsy2j2mr","ethereum : 0xB5FB4BE02232B1bBA4dC8f81dc24C26980dE9e3C","axelar","ethereum","axelar1aqcj54lzz0rk22gvqgcn8fr5tx4rzwdv5wv5j9dmnacgefvd7wzsy2j2mr","0xB5FB4BE02232B1bBA4dC8f81dc24C26980dE9e3C","2026-08-31T07:07:52Z","2026-08-31T07:07:52Z","2026-08-31T07:09:23Z","91","00:01:31","163005.19462273575","ATH","0","Pending Refund","executed","received","False","False","47D7E90F595CA3858E874A48CFFE39C83231A853F5A0F5CC2086FA872F570243","0x47d7e90f595ca3858e874a48cffe39c83231a853f5a0f5cc2086fa872f570243-7095362","Axelar Network (GMP)","https://api.axelarscan.io (public GMP Explorer API)"
"osmosis : osmo173adwu8q6xfww53rhwtlxhjyafav74k6qsu9a7","binance : 0x43d090025aAA6C8693B71952B910AC55CcB56bBb","osmosis","binance","osmo173adwu8q6xfww53rhwtlxhjyafav74k6qsu9a7","0x43d090025aAA6C8693B71952B910AC55CcB56bBb","2026-08-31T07:05:40Z","2026-08-31T07:05:40Z","2026-08-31T07:06:10Z","30","00:00:30","5036.459251","AXL","226.57660253332728","Pending Refund","executed","received","False","True","C8041FA5B92DAB7324AFC79A529491B258721AB372D826DCACDB909F35311D31","0x2247bc1145a295867977cf89996a33a41393590ecb8aca0338c3c5a823026894-7095356","Axelar Network (GMP)","https://api.axelarscan.io (public GMP Explorer API)"
"arbitrum : 0xce16F69375520ab01377ce7B88f5BA8C48F8D666","Fantom : 0xce16F69375520ab01377ce7B88f5BA8C48F8D666","arbitrum","Fantom","0xce16F69375520ab01377ce7B88f5BA8C48F8D666","0xce16F69375520ab01377ce7B88f5BA8C48F8D666","2026-08-31T07:04:33Z","2026-08-31T07:04:33Z","2026-08-31T07:27:36Z","1383","00:23:03","2499.411522","axlUSDC","2499.1465843786677","Not Refunded","executed","received","False","True","0xc84332fdd9e11165cd95c28a8384bd923d410993ee8da5747172cca6bb3fd88d","0xc84332fdd9e11165cd95c28a8384bd923d410993ee8da5747172cca6bb3fd88d-7","Axelar Network (GMP)","https://api.axelarscan.io (public GMP Explorer API)"
"osmosis : osmo173adwu8q6xfww53rhwtlxhjyafav74k6qsu9a7","binance : 0x43d090025aAA6C8693B71952B910AC55CcB56bBb","osmosis","binance","osmo173adwu8q6xfww53rhwtlxhjyafav74k6qsu9a7","0x43d090025aAA6C8693B71952B910AC55CcB56bBb","2026-08-31T07:04:28Z","2026-08-31T07:04:28Z","2026-08-31T07:04:55Z","27","00:00:27","5063.429251","AXL","227.78990947492724","Pending Refund","executed","received","False","True","7E00E5CC433F709B71F08FAD177D71E5D720B2A62F7DDB7B946FC03D9FCF2C44","0x53221dc171cb132c75a992ac4caf81dc811aa4fb1b4fd34edbf3117d1f5830ac-7095355","Axelar Network (GMP)","https://api.axelarscan.io (public GMP Explorer API)"
"immutable : 0x4f49B53928A71E553bB1B0F66a5BcB54Fd4E8932","Ethereum : 0x4f49B53928A71E553bB1B0F66a5BcB54Fd4E8932","immutable","Ethereum","0x4f49B53928A71E553bB1B0F66a5BcB54Fd4E8932","0x4f49B53928A71E553bB1B0F66a5BcB54Fd4E8932","2026-08-31T06:59:07Z","2026-08-31T06:59:07Z","2026-08-31T07:00:23Z","76","00:01:16",,,,"Not Refunded","executed","received","False","True","0x139b31a16606dd7a5fc91a893422b3983f3432e98246e049fad5cdf02407d6b7","0x139b31a16606dd7a5fc91a893422b3983f3432e98246e049fad5cdf02407d6b7-2","Axelar Network (GMP)","https://api.axelarscan.io (public GMP Explorer API)"
"osmosis : osmo1m8wg4vxkefhs374qxmmqpyusgz289wmulex5qdwpfx7jnrxzer5s9cv83q","arbitrum : 0xEF1cE4489962E6d6D6BE8066E160B2799610cB85","osmosis","arbitrum","osmo1m8wg4vxkefhs374qxmmqpyusgz289wmulex5qdwpfx7jnrxzer5s9cv83q","0xEF1cE4489962E6d6D6BE8066E160B2799610cB85","2026-08-31T06:58:50Z","2026-08-31T06:58:50Z","2026-08-31T06:59:23Z","33","00:00:33","15.546871","axlUSDC","15.545145297319","Pending Refund","executed","received","False","True","1A5B9F97F6D8B45D865AF300B8A3BE478402FD0F123926F1299F3D7EB66D73DC","0x5bd0fec98f3807a0e72896ed48f7e4d4151ef398b47da43cd66fdda241aa111e-7095354","Axelar Network (GMP)","https://api.axelarscan.io (public GMP Explorer API)"
"axelar : axelar1aqcj54lzz0rk22gvqgcn8fr5tx4rzwdv5wv5j9dmnacgefvd7wzsy2j2mr","ethereum : 0xB5FB4BE02232B1bBA4dC8f81dc24C26980dE9e3C","axelar","ethereum","axelar1aqcj54lzz0rk22gvqgcn8fr5tx4rzwdv5wv5j9dmnacgefvd7wzsy2j2mr","0xB5FB4BE02232B1bBA4dC8f81dc24C26980dE9e3C","2026-08-31T06:55:23Z","2026-08-31T06:55:23Z","2026-08-31T06:56:35Z","72","00:01:12","29983.111854324725","ATH","0","Pending Refund","executed","received","False","False","DFF3701DE51B723A6143C2586BFC561D9E421B8D7FCDE92607A58D981466FED4","0xdff3701de51b723a6143c2586bfc561d9e421b8d7fcde92607a58d981466fed4-7095353","Axelar Network (GMP)","https://api.axelarscan.io (public GMP Explorer API)"
"axelar : axelar1aqcj54lzz0rk22gvqgcn8fr5tx4rzwdv5wv5j9dmnacgefvd7wzsy2j2mr","ethereum : 0xB5FB4BE02232B1bBA4dC8f81dc24C26980dE9e3C","axelar","ethereum","axelar1aqcj54lzz0rk22gvqgcn8fr5tx4rzwdv5wv5j9dmnacgefvd7wzsy2j2mr","0xB5FB4BE02232B1bBA4dC8f81dc24C26980dE9e3C","2026-08-31T06:55:05Z","2026-08-31T06:55:05Z","2026-08-31T06:57:11Z","126","00:02:06","48766.02601706081","ATH","0","Pending Refund","executed","received","False","False","76BF415B1FD6AC2DE8E7E964B8D8A5997F727BF13EC56B6A1E04A75ACDB88CA0","0x76bf415b1fd6ac2de8e7e964b8d8a5997f727bf13ec56b6a1e04a75acdb88ca0-7095347","Axelar Network (GMP)","https://api.axelarscan.io (public GMP Explorer API)"
"polygon : 0xcbBA104B6CB4960a70E5dfc48E76C536A1f19609","base : 0xcbBA104B6CB4960a70E5dfc48E76C536A1f19609","polygon","base","0xcbBA104B6CB4960a70E5dfc48E76C536A1f19609","0xcbBA104B6CB4960a70E5dfc48E76C536A1f19609","2026-08-31T06:54:34Z","2026-08-31T06:54:34Z","2026-08-31T06:55:33Z","59","00:00:59",,,,"Not Refunded","executed","received","False","True","0x6d117c19aad73c86563c0f24711fdf028d5150e6b0a31409549e8c7c8cfd5527","0x6d117c19aad73c86563c0f24711fdf028d5150e6b0a31409549e8c7c8cfd5527-6","Axelar Network (GMP)","https://api.axelarscan.io (public GMP Explorer API)"
"ethereum : 0x4f49B53928A71E553bB1B0F66a5BcB54Fd4E8932","immutable : 0x4f49B53928A71E553bB1B0F66a5BcB54Fd4E8932","ethereum","immutable","0x4f49B53928A71E553bB1B0F66a5BcB54Fd4E8932","0x4f49B53928A71E553bB1B0F66a5BcB54Fd4E8932","2026-08-31T06:52:47Z","2026-08-31T06:52:47Z","2026-08-31T07:07:41Z","894","00:14:54",,,,"Not Refunded","executed","received","False","True","0x64177940901744eb994d622ad98212f35e1f0411219ba34b09c20f4bec549c6e","0x64177940901744eb994d622ad98212f35e1f0411219ba34b09c20f4bec549c6e-1","Axelar Network (GMP)","https://api.axelarscan.io (public GMP Explorer API)"
"osmosis : osmo1n6ney9tsf55etz9nrmzyd8wa7e64qd3s06a74fqs30ka8pps6cvqtsycr6","Ethereum : 0xce16F69375520ab01377ce7B88f5BA8C48F8D666","osmosis","Ethereum","osmo1n6ney9tsf55etz9nrmzyd8wa7e64qd3s06a74fqs30ka8pps6cvqtsycr6","0xce16F69375520ab01377ce7B88f5BA8C48F8D666","2026-08-31T06:48:02Z","2026-08-31T06:48:02Z","2026-08-31T06:49:47Z","105","00:01:45","0.010174018511405805","axlETH","24.835389627452255","Pending Refund","executed","received","False","True","C56355795EACB192FAC41D23EE5DC0587333F09B0FC6B974ABA337F807ADE22E","0x970ce6aa7a4b646d123980e65b464d7ea64d29998896f87dd99cfe707a3dc87d-7095341","Axelar Network (GMP)","https://api.axelarscan.io (public GMP Explorer API)"
"mantle : 0xce16F69375520ab01377ce7B88f5BA8C48F8D666","base : 0xce16F69375520ab01377ce7B88f5BA8C48F8D666","mantle","base","0xce16F69375520ab01377ce7B88f5BA8C48F8D666","0xce16F69375520ab01377ce7B88f5BA8C48F8D666","2026-08-31T06:47:32Z","2026-08-31T06:47:32Z","2026-08-31T07:37:03Z","2971","00:49:31","685.244697","axlUSDC","685.181654487876","Not Refunded","executed","received","False","True","0xd543cb10de60132e0f4781f970beca704392211d8208ae9ae1cab13e6a7541f5","0xd543cb10de60132e0f4781f970beca704392211d8208ae9ae1cab13e6a7541f5-19","Axelar Network (GMP)","https://api.axelarscan.io (public GMP Explorer API)"
"osmosis : osmo1m8wg4vxkefhs374qxmmqpyusgz289wmulex5qdwpfx7jnrxzer5s9cv83q","Ethereum : 0xB773bCc5B325ad9AC6B36e1A046AD4466833A16E","osmosis","Ethereum","osmo1m8wg4vxkefhs374qxmmqpyusgz289wmulex5qdwpfx7jnrxzer5s9cv83q","0xB773bCc5B325ad9AC6B36e1A046AD4466833A16E","2026-08-31T06:45:12Z","2026-08-31T06:45:12Z","2026-08-31T06:46:23Z","71","00:01:11","1104.621446","axlUSDC","1104.519820826968","Pending Refund","executed","received","False","True","4D1B34951F449AA5ADB2B8E6BD267A127BFA9117D008C01E09E83543EEAB94CC","0xfa5f0c4a18df1f2078252eb2a8bd85c48e3c23dc3d284b96f14655a77ca6aec6-7095340","Axelar Network (GMP)","https://api.axelarscan.io (public GMP Explorer API)"
"arbitrum : 0xce16F69375520ab01377ce7B88f5BA8C48F8D666","Polygon : 0xce16F69375520ab01377ce7B88f5BA8C48F8D666","arbitrum","Polygon","0xce16F69375520ab01377ce7B88f5BA8C48F8D666","0xce16F69375520ab01377ce7B88f5BA8C48F8D666","2026-08-31T06:45:08Z","2026-08-31T06:45:08Z","2026-08-31T07:08:36Z","1408","00:23:28","498.974284","axlUSDC","498.928378365872","Not Refunded","executed","received","False","True","0x89b886658e7db107a3bc0164d3236b2d41e7be53093596ae33600b3d56be1c62","0x89b886658e7db107a3bc0164d3236b2d41e7be53093596ae33600b3d56be1c62-10","Axelar Network (GMP)","https://api.axelarscan.io (public GMP Explorer API)"
"arbitrum : 0xB5FB4BE02232B1bBA4dC8f81dc24C26980dE9e3C","axelar : axelar1aqcj54lzz0rk22gvqgcn8fr5tx4rzwdv5wv5j9dmnacgefvd7wzsy2j2mr","arbitrum","axelar","0xB5FB4BE02232B1bBA4dC8f81dc24C26980dE9e3C","axelar1aqcj54lzz0rk22gvqgcn8fr5tx4rzwdv5wv5j9dmnacgefvd7wzsy2j2mr","2026-08-31T06:44:49Z","2026-08-31T06:44:49Z","2026-08-31T07:07:52Z","1383","00:23:03","163005.19462273575","ATH","821.8151394697157","Not Refunded","executed","received","False","True","0xa60be89afee247b185c9cc9dba39925b71f9d3a625e65bfdd6261a6b57b48c46","0xa60be89afee247b185c9cc9dba39925b71f9d3a625e65bfdd6261a6b57b48c46-3","Axelar Network (GMP)","https://api.axelarscan.io (public GMP Explorer API)"
"osmosis : osmo173adwu8q6xfww53rhwtlxhjyafav74k6qsu9a7","binance : 0x43d090025aAA6C8693B71952B910AC55CcB56bBb","osmosis","binance","osmo173adwu8q6xfww53rhwtlxhjyafav74k6qsu9a7","0x43d090025aAA6C8693B71952B910AC55CcB56bBb","2026-08-31T06:42:37Z","2026-08-31T06:42:37Z","2026-08-31T06:43:05Z","28","00:00:28","5104.238197","AXL","226.4531005766429","Pending Refund","executed","received","False","True","A21783DFD74736760F42D85A487E0E82BDD4A37BD8EFC64A397C3773085316E8","0x1b662eb1c91b2b9cc261fd740ff7d1f22b08b2ef87761befacfb103194b66d01-7095339","Axelar Network (GMP)","https://api.axelarscan.io (public GMP Explorer API)"
"base : 0xce16F69375520ab01377ce7B88f5BA8C48F8D666","Arbitrum : 0xce16F69375520ab01377ce7B88f5BA8C48F8D666","base","Arbitrum","0xce16F69375520ab01377ce7B88f5BA8C48F8D666","0xce16F69375520ab01377ce7B88f5BA8C48F8D666","2026-08-31T06:42:15Z","2026-08-31T06:42:15Z","2026-08-31T07:08:24Z","1569","00:26:09","499.573666","axlUSDC","499.51721417574197","Not Refunded","executed","received","False","True","0xc6dd5f36884d67bc1af251f59e8b5b2cde358d4ea15def8917815e9d1bf760fc","0xc6dd5f36884d67bc1af251f59e8b5b2cde358d4ea15def8917815e9d1bf760fc-10","Axelar Network (GMP)","https://api.axelarscan.io (public GMP Explorer API)"
"monad : 0x50beAbe4883981624aEa01F737B040d1e3Fe83FB","ethereum : 0x50beAbe4883981624aEa01F737B040d1e3Fe83FB","monad","ethereum","0x50beAbe4883981624aEa01F737B040d1e3Fe83FB","0x50beAbe4883981624aEa01F737B040d1e3Fe83FB","2026-08-31T06:37:34Z","2026-08-31T06:37:34Z","2026-08-31T06:39:23Z","109","00:01:49",,,,"Not Refunded","executed","received","False","True","0xe8e8c9e964ad17b83d3cd1b0cdaaa95e7c43bb04b56d85f05f646367ac1cc3c5","0xe8e8c9e964ad17b83d3cd1b0cdaaa95e7c43bb04b56d85f05f646367ac1cc3c5-8","Axelar Network (GMP)","https://api.axelarscan.io (public GMP Explorer API)"
"arbitrum : 0xB5FB4BE02232B1bBA4dC8f81dc24C26980dE9e3C","axelar : axelar1aqcj54lzz0rk22gvqgcn8fr5tx4rzwdv5wv5j9dmnacgefvd7wzsy2j2mr","arbitrum","axelar","0xB5FB4BE02232B1bBA4dC8f81dc24C26980dE9e3C","axelar1aqcj54lzz0rk22gvqgcn8fr5tx4rzwdv5wv5j9dmnacgefvd7wzsy2j2mr","2026-08-31T06:35:53Z","2026-08-31T06:35:53Z","2026-08-31T06:55:23Z","1170","00:19:30","29983.111854324725","ATH","151.58771741973933","Not Refunded","executed","received","False","True","0x84091eb5680087c72f3e86aa51ad3e53f6bf5c4223017e2e50a3fbbac477a5c1","0x84091eb5680087c72f3e86aa51ad3e53f6bf5c4223017e2e50a3fbbac477a5c1-12","Axelar Network (GMP)","https://api.axelarscan.io (public GMP Explorer API)"
"ethereum : 0xce16F69375520ab01377ce7B88f5BA8C48F8D666","osmosis : osmo1n6ney9tsf55etz9nrmzyd8wa7e64qd3s06a74fqs30ka8pps6cvqtsycr6","ethereum","osmosis","0xce16F69375520ab01377ce7B88f5BA8C48F8D666","osmo1n6ney9tsf55etz9nrmzyd8wa7e64qd3s06a74fqs30ka8pps6cvqtsycr6","2026-08-31T06:35:23Z","2026-08-31T06:35:23Z","2026-08-31T06:53:56Z","1113","00:18:33","0.00187781","WETH","4.5784387857999995","Not Refunded","executed","received","False","True","0xd8aa234052b2e29ea0d02c7b2d3360741a05ccd5caedee28299c25c18bde4e03","0xd8aa234052b2e29ea0d02c7b2d3360741a05ccd5caedee28299c25c18bde4e03-4","Axelar Network (GMP)","https://api.axelarscan.io (public GMP Explorer API)"
"osmosis : osmo1m8wg4vxkefhs374qxmmqpyusgz289wmulex5qdwpfx7jnrxzer5s9cv83q","Avalanche : 0xBeB12d8861765c850E8426Cc5c6a5207222f2477","osmosis","Avalanche","osmo1m8wg4vxkefhs374qxmmqpyusgz289wmulex5qdwpfx7jnrxzer5s9cv83q","0xBeB12d8861765c850E8426Cc5c6a5207222f2477","2026-08-31T06:34:28Z","2026-08-31T06:34:28Z","2026-08-31T06:35:10Z","42","00:00:42","6.050779","axlUSDC","6.050161820542","Pending Refund","executed","received","False","True","472C5C9E64E8254A50E44418006B5A02C9087D9D0FB41B00171CAEA07CE2DAE0","0xb8d141116cde6ba636af464eaf0f526eaa0c0dcc6a46db7cbf334a2825aa584d-7095288","Axelar Network (GMP)","https://api.axelarscan.io (public GMP Explorer API)"
"arbitrum : 0xB5FB4BE02232B1bBA4dC8f81dc24C26980dE9e3C","axelar : axelar1aqcj54lzz0rk22gvqgcn8fr5tx4rzwdv5wv5j9dmnacgefvd7wzsy2j2mr","arbitrum","axelar","0xB5FB4BE02232B1bBA4dC8f81dc24C26980dE9e3C","axelar1aqcj54lzz0rk22gvqgcn8fr5tx4rzwdv5wv5j9dmnacgefvd7wzsy2j2mr","2026-08-31T06:33:33Z","2026-08-31T06:33:33Z","2026-08-31T06:55:05Z","1292","00:21:32","48766.02601706081","ATH","246.54981135627554","Not Refunded","executed","received","False","True","0x7ec4796974ee4326d183113743a898a79aa929d41965722b423037767ee3ed3f","0x7ec4796974ee4326d183113743a898a79aa929d41965722b423037767ee3ed3f-12","Axelar Network (GMP)","https://api.axelarscan.io (public GMP Explorer API)"
"ethereum : 0x4f49B53928A71E553bB1B0F66a5BcB54Fd4E8932","immutable : 0x4f49B53928A71E553bB1B0F66a5BcB54Fd4E8932","ethereum","immutable","0x4f49B53928A71E553bB1B0F66a5BcB54Fd4E8932","0x4f49B53928A71E553bB1B0F66a5BcB54Fd4E8932","2026-08-31T06:32:23Z","2026-08-31T06:32:23Z","2026-08-31T06:48:15Z","952","00:15:52",,,,"Not Refunded","executed","received","False","True","0x9e48fbe323a80cba400b11cbf1ce61a3f3a875bcdd685f7e448e790b6bdeb5ab","0x9e48fbe323a80cba400b11cbf1ce61a3f3a875bcdd685f7e448e790b6bdeb5ab-1","Axelar Network (GMP)","https://api.axelarscan.io (public GMP Explorer API)"
"osmosis : osmo1n6ney9tsf55etz9nrmzyd8wa7e64qd3s06a74fqs30ka8pps6cvqtsycr6","Avalanche : 0xce16F69375520ab01377ce7B88f5BA8C48F8D666","osmosis","Avalanche","osmo1n6ney9tsf55etz9nrmzyd8wa7e64qd3s06a74fqs30ka8pps6cvqtsycr6","0xce16F69375520ab01377ce7B88f5BA8C48F8D666","2026-08-31T06:31:51Z","2026-08-31T06:31:51Z","2026-08-31T06:32:32Z","41","00:00:41","1174.804592","axlUSDC","1174.702384000496","Pending Refund","executed","received","False","True","2C2720088A8AA434A84A1171E8DF2345BDB7C1E9B6B7B1DFD56AB0E75012C281","0x453690928a76b7b4d90703ffffe62ef51d529a304045bc83fc2f509d122e10a5-7095287","Axelar Network (GMP)","https://api.axelarscan.io (public GMP Explorer API)"
"osmosis : osmo1m8wg4vxkefhs374qxmmqpyusgz289wmulex5qdwpfx7jnrxzer5s9cv83q","binance : 0x43d090025aAA6C8693B71952B910AC55CcB56bBb","osmosis","binance","osmo1m8wg4vxkefhs374qxmmqpyusgz289wmulex5qdwpfx7jnrxzer5s9cv83q","0x43d090025aAA6C8693B71952B910AC55CcB56bBb","2026-08-31T06:30:53Z","2026-08-31T06:30:53Z","2026-08-31T06:31:21Z","28","00:00:28","0.002529215220194659","axlBNB","1.7328665159641685","Pending Refund","executed","received","False","True","21CBC5E4C5E48F537DD33B364E73BDB0A3B444B0FCE2D22A611D2357DB44B188","0xbf6c9b43ad26f231390e6e853ce283fab8d7209fe4f1d56f5c9ad3678407afe2-7095286","Axelar Network (GMP)","https://api.axelarscan.io (public GMP Explorer API)"
"ethereum : 0xce16F69375520ab01377ce7B88f5BA8C48F8D666","osmosis : osmo1n6ney9tsf55etz9nrmzyd8wa7e64qd3s06a74fqs30ka8pps6cvqtsycr6","ethereum","osmosis","0xce16F69375520ab01377ce7B88f5BA8C48F8D666","osmo1n6ney9tsf55etz9nrmzyd8wa7e64qd3s06a74fqs30ka8pps6cvqtsycr6","2026-08-31T06:28:11Z","2026-08-31T06:28:11Z","2026-08-31T06:47:31Z","1160","00:19:20","1.130459","USDC","1.130330127674","Not Refunded","executed","received","False","True","0xc344b34c50ba0c0183ac16868834b47a3927358e0fc9f36c98287bbddde89610","0xc344b34c50ba0c0183ac16868834b47a3927358e0fc9f36c98287bbddde89610-6","Axelar Network (GMP)","https://api.axelarscan.io (public GMP Explorer API)"
"osmosis : osmo1m8wg4vxkefhs374qxmmqpyusgz289wmulex5qdwpfx7jnrxzer5s9cv83q","Ethereum : 0xB773bCc5B325ad9AC6B36e1A046AD4466833A16E","osmosis","Ethereum","osmo1m8wg4vxkefhs374qxmmqpyusgz289wmulex5qdwpfx7jnrxzer5s9cv83q","0xB773bCc5B325ad9AC6B36e1A046AD4466833A16E","2026-08-31T06:22:47Z","2026-08-31T06:22:47Z","2026-08-31T06:24:23Z","96","00:01:36","0.11560565595695112","axlETH","281.86161795832123","Pending Refund","executed","received","False","True","5E65524C573105CD5927EE3F59BDF5087CE6CC3CF64DAB748E1E21B6E37ED7B2","0x39acde4e6890ef61ddb5d1bacdf2b022be90047aef87d5ea1a774686ccc383d5-7095285","Axelar Network (GMP)","https://api.axelarscan.io (public GMP Explorer API)"
"optimism : 0xaaa6A279fC98b9bF94bD479C90D701417e361fc2","Ethereum : 0xaaa6a279fc98b9bf94bd479c90d701417e361fc2","optimism","Ethereum","0xaaa6A279fC98b9bF94bD479C90D701417e361fc2","0xaaa6a279fc98b9bf94bd479c90d701417e361fc2","2026-08-31T06:15:57Z","2026-08-31T06:15:57Z","2026-08-31T06:42:23Z","1586","00:26:26",,,,"Not Refunded","executed","received","False","True","0x297ed585cf4dd1b22c7c23693cd24ae269ae91bc24c915508688dfcbec81ea40","0x297ed585cf4dd1b22c7c23693cd24ae269ae91bc24c915508688dfcbec81ea40-3","Axelar Network (GMP)","https://api.axelarscan.io (public GMP Explorer API)"
"binance : 0x43d090025aAA6C8693B71952B910AC55CcB56bBb","osmosis : osmo173adwu8q6xfww53rhwtlxhjyafav74k6qsu9a7","binance","osmosis","0x43d090025aAA6C8693B71952B910AC55CcB56bBb","osmo173adwu8q6xfww53rhwtlxhjyafav74k6qsu9a7","2026-08-31T06:07:50Z","2026-08-31T06:07:50Z","2026-08-31T06:08:06Z","16","00:00:16","5094","AXL","225.33288624","Not Refunded","executed","received","False","True","0x5ce04b977fb1009f7fdf3f06947c9293fc56e474295e6ae33802571ee2688371","0x5ce04b977fb1009f7fdf3f06947c9293fc56e474295e6ae33802571ee2688371-3","Axelar Network (GMP)","https://api.axelarscan.io (public GMP Explorer API)"
"axelar : axelar1aqcj54lzz0rk22gvqgcn8fr5tx4rzwdv5wv5j9dmnacgefvd7wzsy2j2mr","ethereum : 0xB5FB4BE02232B1bBA4dC8f81dc24C26980dE9e3C","axelar","ethereum","axelar1aqcj54lzz0rk22gvqgcn8fr5tx4rzwdv5wv5j9dmnacgefvd7wzsy2j2mr","0xB5FB4BE02232B1bBA4dC8f81dc24C26980dE9e3C","2026-08-31T06:03:49Z","2026-08-31T06:03:49Z","2026-08-31T06:06:11Z","142","00:02:22","119765.49929068482","ATH","0","Pending Refund","executed","received","False","False","CEF0D61F2B2F7A24EB868366D697F42DAD2E91E2FD0E2F71A6C47DD2C65C6B94","0xcef0d61f2b2f7a24eb868366d697f42dad2e91e2fd0e2f71a6c47dd2c65c6b94-7095284","Axelar Network (GMP)","https://api.axelarscan.io (public GMP Explorer API)"
"binance : 0x43d090025aAA6C8693B71952B910AC55CcB56bBb","osmosis : osmo173adwu8q6xfww53rhwtlxhjyafav74k6qsu9a7","binance","osmosis","0x43d090025aAA6C8693B71952B910AC55CcB56bBb","osmo173adwu8q6xfww53rhwtlxhjyafav74k6qsu9a7","2026-08-31T05:58:47Z","2026-08-31T05:58:47Z","2026-08-31T05:59:05Z","18","00:00:18","4634.81","AXL","206.0150334431","Not Refunded","executed","received","False","True","0xa5e2222f4b3fedbbe8d275666d0783847977ea779a1a6d238c421a57a5459faa","0xa5e2222f4b3fedbbe8d275666d0783847977ea779a1a6d238c421a57a5459faa-3","Axelar Network (GMP)","https://api.axelarscan.io (public GMP Explorer API)"
"binance : 0x43d090025aAA6C8693B71952B910AC55CcB56bBb","osmosis : osmo173adwu8q6xfww53rhwtlxhjyafav74k6qsu9a7","binance","osmosis","0x43d090025aAA6C8693B71952B910AC55CcB56bBb","osmo173adwu8q6xfww53rhwtlxhjyafav74k6qsu9a7","2026-08-31T05:52:27Z","2026-08-31T05:52:27Z","2026-08-31T05:52:50Z","23","00:00:23","5099.72","AXL","227.19069010080003","Not Refunded","executed","received","False","True","0xc48f88dce4765c92d35fad2d2a78f5af88e061122adb654358f3746715656c0e","0xc48f88dce4765c92d35fad2d2a78f5af88e061122adb654358f3746715656c0e-3","Axelar Network (GMP)","https://api.axelarscan.io (public GMP Explorer API)"
"binance : 0x43d090025aAA6C8693B71952B910AC55CcB56bBb","osmosis : osmo173adwu8q6xfww53rhwtlxhjyafav74k6qsu9a7","binance","osmosis","0x43d090025aAA6C8693B71952B910AC55CcB56bBb","osmo173adwu8q6xfww53rhwtlxhjyafav74k6qsu9a7","2026-08-31T05:50:06Z","2026-08-31T05:50:06Z","2026-08-31T05:50:27Z","21","00:00:21","5100.77","AXL","227.23746722280003","Not Refunded","executed","received","False","True","0xb164d5d75ffa3ad89972bacd1660da849e122ea0a9d4a6ea06730101d0d6d0ea","0xb164d5d75ffa3ad89972bacd1660da849e122ea0a9d4a6ea06730101d0d6d0ea-3","Axelar Network (GMP)","https://api.axelarscan.io (public GMP Explorer API)"
"arbitrum : 0xce16F69375520ab01377ce7B88f5BA8C48F8D666","celo : 0xce16F69375520ab01377ce7B88f5BA8C48F8D666","arbitrum","celo","0xce16F69375520ab01377ce7B88f5BA8C48F8D666","0xce16F69375520ab01377ce7B88f5BA8C48F8D666","2026-08-31T05:47:04Z","2026-08-31T05:47:04Z","2026-08-31T06:10:34Z","1410","00:23:30","0.449816","axlUSDC","0.44974537888800004","Not Refunded","executed","received","False","True","0xdf86e94f61b4ee1381e11aadd98199e9b7cc8230d40dd2bd18ae1c6cdb7a4cd8","0xdf86e94f61b4ee1381e11aadd98199e9b7cc8230d40dd2bd18ae1c6cdb7a4cd8-16","Axelar Network (GMP)","https://api.axelarscan.io (public GMP Explorer API)"
"ethereum : 0xce16F69375520ab01377ce7B88f5BA8C48F8D666","osmosis : osmo1n6ney9tsf55etz9nrmzyd8wa7e64qd3s06a74fqs30ka8pps6cvqtsycr6","ethereum","osmosis","0xce16F69375520ab01377ce7B88f5BA8C48F8D666","osmo1n6ney9tsf55etz9nrmzyd8wa7e64qd3s06a74fqs30ka8pps6cvqtsycr6","2026-08-31T05:46:59Z","2026-08-31T05:46:59Z","2026-08-31T06:03:00Z","961","00:16:01","0.0059925","WETH","14.5624941","Not Refunded","executed","received","False","True","0x9cb44d68df7ff1b81c5a7bcb71dc7a9360bf5eecebbf86f519bf83ae132f54c5","0x9cb44d68df7ff1b81c5a7bcb71dc7a9360bf5eecebbf86f519bf83ae132f54c5-4","Axelar Network (GMP)","https://api.axelarscan.io (public GMP Explorer API)"
"binance : 0x43d090025aAA6C8693B71952B910AC55CcB56bBb","osmosis : osmo173adwu8q6xfww53rhwtlxhjyafav74k6qsu9a7","binance","osmosis","0x43d090025aAA6C8693B71952B910AC55CcB56bBb","osmo173adwu8q6xfww53rhwtlxhjyafav74k6qsu9a7","2026-08-31T05:46:26Z","2026-08-31T05:46:26Z","2026-08-31T05:46:40Z","14","00:00:14","5057.35","AXL","228.9934195755","Not Refunded","executed","received","False","True","0xa71cb544d9a3676390ee5f5ba2abb7738b46856bdc78eda95458f37c84a4a31e","0xa71cb544d9a3676390ee5f5ba2abb7738b46856bdc78eda95458f37c84a4a31e-3","Axelar Network (GMP)","https://api.axelarscan.io (public GMP Explorer API)"
"fantom : 0xce16F69375520ab01377ce7B88f5BA8C48F8D666","base : 0xce16F69375520ab01377ce7B88f5BA8C48F8D666","fantom","base","0xce16F69375520ab01377ce7B88f5BA8C48F8D666","0xce16F69375520ab01377ce7B88f5BA8C48F8D666","2026-08-31T05:45:44Z","2026-08-31T05:45:44Z","2026-08-31T05:46:33Z","49","00:00:49","52.628677","axlUSDC","52.62041429771101","Not Refunded","executed","received","False","True","0xc80002e61220d0ed36ea1fca7fce04a0e3ed1bb5575a7aa17941a826dd5ef673","0xc80002e61220d0ed36ea1fca7fce04a0e3ed1bb5575a7aa17941a826dd5ef673-12","Axelar Network (GMP)","https://api.axelarscan.io (public GMP Explorer API)"
"binance : 0x43d090025aAA6C8693B71952B910AC55CcB56bBb","osmosis : osmo173adwu8q6xfww53rhwtlxhjyafav74k6qsu9a7","binance","osmosis","0x43d090025aAA6C8693B71952B910AC55CcB56bBb","osmo173adwu8q6xfww53rhwtlxhjyafav74k6qsu9a7","2026-08-31T05:44:32Z","2026-08-31T05:44:32Z","2026-08-31T05:44:54Z","22","00:00:22","5100.81","AXL","230.96125925730001","Not Refunded","executed","received","False","True","0xa00b37317e3772b2312bc79c9d881c2bde0288c9c7836341546f52aa0519df65","0xa00b37317e3772b2312bc79c9d881c2bde0288c9c7836341546f52aa0519df65-3","Axelar Network (GMP)","https://api.axelarscan.io (public GMP Explorer API)"
"axelar : axelar1aqcj54lzz0rk22gvqgcn8fr5tx4rzwdv5wv5j9dmnacgefvd7wzsy2j2mr","ethereum : 0xB5FB4BE02232B1bBA4dC8f81dc24C26980dE9e3C","axelar","ethereum","axelar1aqcj54lzz0rk22gvqgcn8fr5tx4rzwdv5wv5j9dmnacgefvd7wzsy2j2mr","0xB5FB4BE02232B1bBA4dC8f81dc24C26980dE9e3C","2026-08-31T05:44:30Z","2026-08-31T05:44:30Z","2026-08-31T05:45:47Z","77","00:01:17","1079781.34613659","ATH","0","Pending Refund","executed","received","False","False","9351510B4479861DDD7468B1611E57BFBB19919BEDE27970CDE9795EDE8148CE","0x9351510b4479861ddd7468b1611e57bfbb19919bede27970cde9795ede8148ce-7095278","Axelar Network (GMP)","https://api.axelarscan.io (public GMP Explorer API)"
"arbitrum : 0xB5FB4BE02232B1bBA4dC8f81dc24C26980dE9e3C","axelar : axelar1aqcj54lzz0rk22gvqgcn8fr5tx4rzwdv5wv5j9dmnacgefvd7wzsy2j2mr","arbitrum","axelar","0xB5FB4BE02232B1bBA4dC8f81dc24C26980dE9e3C","axelar1aqcj54lzz0rk22gvqgcn8fr5tx4rzwdv5wv5j9dmnacgefvd7wzsy2j2mr","2026-08-31T05:42:38Z","2026-08-31T05:42:38Z","2026-08-31T06:03:49Z","1271","00:21:11","119765.49929068482","ATH","607.3104867681833","Not Refunded","executed","received","False","True","0xb93d854a5871f6a2810c203f44f91258af136f5c03fd3d4ec332e36ffa01506a","0xb93d854a5871f6a2810c203f44f91258af136f5c03fd3d4ec332e36ffa01506a-7","Axelar Network (GMP)","https://api.axelarscan.io (public GMP Explorer API)"
"osmosis : osmo1n6ney9tsf55etz9nrmzyd8wa7e64qd3s06a74fqs30ka8pps6cvqtsycr6","Ethereum : 0xce16F69375520ab01377ce7B88f5BA8C48F8D666","osmosis","Ethereum","osmo1n6ney9tsf55etz9nrmzyd8wa7e64qd3s06a74fqs30ka8pps6cvqtsycr6","0xce16F69375520ab01377ce7B88f5BA8C48F8D666","2026-08-31T05:42:19Z","2026-08-31T05:42:19Z","2026-08-31T05:44:11Z","112","00:01:52","0.032477282142661476","axlETH","79.05230291780944","Pending Refund","executed","received","False","True","1D677DD8F2F52D30546E3C54A27CC197F4CBF7A99798A6C61E05A8CD29BEB5D1","0x7049b7981561a143745e047b3f3a152f84399e03628804ca78da7d89883b1f79-7095272","Axelar Network (GMP)","https://api.axelarscan.io (public GMP Explorer API)"
"binance : 0x43d090025aAA6C8693B71952B910AC55CcB56bBb","osmosis : osmo173adwu8q6xfww53rhwtlxhjyafav74k6qsu9a7","binance","osmosis","0x43d090025aAA6C8693B71952B910AC55CcB56bBb","osmo173adwu8q6xfww53rhwtlxhjyafav74k6qsu9a7","2026-08-31T05:40:42Z","2026-08-31T05:40:42Z","2026-08-31T05:40:59Z","17","00:00:17","5003.13","AXL","225.6452155353","Not Refunded","executed","received","False","True","0x8e5fc812a6ffa1d8177946b71e3b431cc78f35d7c6cab53874580c3252a69bd3","0x8e5fc812a6ffa1d8177946b71e3b431cc78f35d7c6cab53874580c3252a69bd3-3","Axelar Network (GMP)","https://api.axelarscan.io (public GMP Explorer API)"
"binance : 0x43d090025aAA6C8693B71952B910AC55CcB56bBb","osmosis : osmo173adwu8q6xfww53rhwtlxhjyafav74k6qsu9a7","binance","osmosis","0x43d090025aAA6C8693B71952B910AC55CcB56bBb","osmo173adwu8q6xfww53rhwtlxhjyafav74k6qsu9a7","2026-08-31T05:37:42Z","2026-08-31T05:37:42Z","2026-08-31T05:38:01Z","19","00:00:19","4981.59","AXL","224.6737440879","Not Refunded","executed","received","False","True","0xb3de12469c02e9ed9ed02bb448dee474b7ef9f4f7dcc33f07d578731810b9e55","0xb3de12469c02e9ed9ed02bb448dee474b7ef9f4f7dcc33f07d578731810b9e55-3","Axelar Network (GMP)","https://api.axelarscan.io (public GMP Explorer API)"
"binance : 0x43d090025aAA6C8693B71952B910AC55CcB56bBb","osmosis : osmo173adwu8q6xfww53rhwtlxhjyafav74k6qsu9a7","binance","osmosis","0x43d090025aAA6C8693B71952B910AC55CcB56bBb","osmo173adwu8q6xfww53rhwtlxhjyafav74k6qsu9a7","2026-08-31T05:36:13Z","2026-08-31T05:36:13Z","2026-08-31T05:36:30Z","17","00:00:17","4958.06","AXL","230.52539634480001","Not Refunded","executed","received","False","True","0x2bf6af6dd61a63e817396e984e857e15d3b2e6c6ab72275b087509859304baf4","0x2bf6af6dd61a63e817396e984e857e15d3b2e6c6ab72275b087509859304baf4-3","Axelar Network (GMP)","https://api.axelarscan.io (public GMP Explorer API)"
"binance : 0x43d090025aAA6C8693B71952B910AC55CcB56bBb","osmosis : osmo173adwu8q6xfww53rhwtlxhjyafav74k6qsu9a7","binance","osmosis","0x43d090025aAA6C8693B71952B910AC55CcB56bBb","osmo173adwu8q6xfww53rhwtlxhjyafav74k6qsu9a7","2026-08-31T05:34:43Z","2026-08-31T05:34:43Z","2026-08-31T05:35:02Z","19","00:00:19","4908.07","AXL","228.2011072956","Not Refunded","executed","received","False","True","0xd02adfda71b071304963b3ae19b15c94f6706933e6f697859ed5367b8531ef2a","0xd02adfda71b071304963b3ae19b15c94f6706933e6f697859ed5367b8531ef2a-3","Axelar Network (GMP)","https://api.axelarscan.io (public GMP Explorer API)"
"celo : 0xce16F69375520ab01377ce7B88f5BA8C48F8D666","Arbitrum : 0xce16F69375520ab01377ce7B88f5BA8C48F8D666","celo","Arbitrum","0xce16F69375520ab01377ce7B88f5BA8C48F8D666","0xce16F69375520ab01377ce7B88f5BA8C48F8D666","2026-08-31T05:31:03Z","2026-08-31T05:31:03Z","2026-08-31T05:57:24Z","1581","00:26:21","0.453883","axlUSDC","0.45380856318799995","Not Refunded","executed","received","False","True","0xd6e6f81118c80fac2ed4063d11afc1f4e0a99a5f8bf08087a5856228abeff5fd","0xd6e6f81118c80fac2ed4063d11afc1f4e0a99a5f8bf08087a5856228abeff5fd-17","Axelar Network (GMP)","https://api.axelarscan.io (public GMP Explorer API)"
"arbitrum : 0xce16F69375520ab01377ce7B88f5BA8C48F8D666","osmosis : osmo1n6ney9tsf55etz9nrmzyd8wa7e64qd3s06a74fqs30ka8pps6cvqtsycr6","arbitrum","osmosis","0xce16F69375520ab01377ce7B88f5BA8C48F8D666","osmo1n6ney9tsf55etz9nrmzyd8wa7e64qd3s06a74fqs30ka8pps6cvqtsycr6","2026-08-31T05:28:10Z","2026-08-31T05:28:10Z","2026-08-31T05:45:24Z","1034","00:17:14","68.704448","axlUSDC","68.69276824383999","Not Refunded","executed","received","False","True","0xa3cc8db8ce6594210b76dceb4179b94d8b1c0e6b63cb775fed24763e18f287a5","0xa3cc8db8ce6594210b76dceb4179b94d8b1c0e6b63cb775fed24763e18f287a5-8","Axelar Network (GMP)","https://api.axelarscan.io (public GMP Explorer API)"
"binance : 0x43d090025aAA6C8693B71952B910AC55CcB56bBb","osmosis : osmo173adwu8q6xfww53rhwtlxhjyafav74k6qsu9a7","binance","osmosis","0x43d090025aAA6C8693B71952B910AC55CcB56bBb","osmo173adwu8q6xfww53rhwtlxhjyafav74k6qsu9a7","2026-08-31T05:26:50Z","2026-08-31T05:26:50Z","2026-08-31T05:27:04Z","14","00:00:14","4863.94","AXL","224.95921921539997","Not Refunded","executed","received","False","True","0xd77b21c600f5313f1d8fe8e8326842764f3c5b61468f3f4329bbe0af82ff702b","0xd77b21c600f5313f1d8fe8e8326842764f3c5b61468f3f4329bbe0af82ff702b-3","Axelar Network (GMP)","https://api.axelarscan.io (public GMP Explorer API)"
"base : 0xce16F69375520ab01377ce7B88f5BA8C48F8D666","Fantom : 0xce16F69375520ab01377ce7B88f5BA8C48F8D666","base","Fantom","0xce16F69375520ab01377ce7B88f5BA8C48F8D666","0xce16F69375520ab01377ce7B88f5BA8C48F8D666","2026-08-31T05:25:45Z","2026-08-31T05:25:45Z","2026-08-31T05:50:56Z","1511","00:25:11","11.044576","axlUSDC","11.042698422079999","Not Refunded","executed","received","False","True","0x8ba70cc610e33bdd58c19046fa711f7fddcacd48912fc39f548eb98ab9285d6e","0x8ba70cc610e33bdd58c19046fa711f7fddcacd48912fc39f548eb98ab9285d6e-11","Axelar Network (GMP)","https://api.axelarscan.io (public GMP Explorer API)"
"binance : 0x43d090025aAA6C8693B71952B910AC55CcB56bBb","osmosis : osmo173adwu8q6xfww53rhwtlxhjyafav74k6qsu9a7","binance","osmosis","0x43d090025aAA6C8693B71952B910AC55CcB56bBb","osmo173adwu8q6xfww53rhwtlxhjyafav74k6qsu9a7","2026-08-31T05:24:48Z","2026-08-31T05:24:48Z","2026-08-31T05:25:06Z","18","00:00:18","5102.53","AXL","235.9941045373","Not Refunded","executed","received","False","True","0x01015af7cb001db8e579d664648997012322632a93fd250ac0db3feecc8bfc28","0x01015af7cb001db8e579d664648997012322632a93fd250ac0db3feecc8bfc28-3","Axelar Network (GMP)","https://api.axelarscan.io (public GMP Explorer API)"
"ethereum : 0x4f49B53928A71E553bB1B0F66a5BcB54Fd4E8932","immutable : 0x4f49B53928A71E553bB1B0F66a5BcB54Fd4E8932","ethereum","immutable","0x4f49B53928A71E553bB1B0F66a5BcB54Fd4E8932","0x4f49B53928A71E553bB1B0F66a5BcB54Fd4E8932","2026-08-31T05:24:11Z","2026-08-31T05:24:11Z","2026-08-31T05:43:49Z","1178","00:19:38",,,,"Not Refunded","executed","received","False","True","0x32e20a6bc9e76889dbfc1a05211b10b5899347ca35e3db0041e0310bd516d6ed","0x32e20a6bc9e76889dbfc1a05211b10b5899347ca35e3db0041e0310bd516d6ed-4","Axelar Network (GMP)","https://api.axelarscan.io (public GMP Explorer API)"
"osmosis : osmo1n6ney9tsf55etz9nrmzyd8wa7e64qd3s06a74fqs30ka8pps6cvqtsycr6","Ethereum : 0xce16F69375520ab01377ce7B88f5BA8C48F8D666","osmosis","Ethereum","osmo1n6ney9tsf55etz9nrmzyd8wa7e64qd3s06a74fqs30ka8pps6cvqtsycr6","0xce16F69375520ab01377ce7B88f5BA8C48F8D666","2026-08-31T05:23:50Z","2026-08-31T05:23:50Z","2026-08-31T05:25:47Z","117","00:01:57","0.013692521202613352","axlETH","33.272141896290314","Pending Refund","executed","received","False","True","2C4D394C88552FD8E2A2ACC0D9965E79619CDCD65B9761C7A850B38B2FE09FDE","0x2f8ee1ab11fc62b5cade740dd89a9cd0b2e97ae1184009309f710e8a3115565a-7095271","Axelar Network (GMP)","https://api.axelarscan.io (public GMP Explorer API)"
"ethereum : 0xce16F69375520ab01377ce7B88f5BA8C48F8D666","immutable : 0xce16F69375520ab01377ce7B88f5BA8C48F8D666","ethereum","immutable","0xce16F69375520ab01377ce7B88f5BA8C48F8D666","0xce16F69375520ab01377ce7B88f5BA8C48F8D666","2026-08-31T05:23:11Z","2026-08-31T05:23:11Z","2026-08-31T05:37:55Z","884","00:14:44","13.363741","USDC","13.361589437699","Not Refunded","executed","received","False","True","0x5854ec7b60b1370962774b57c8512f32997b59f6a87453c375884a68e9f511ba","0x5854ec7b60b1370962774b57c8512f32997b59f6a87453c375884a68e9f511ba-7","Axelar Network (GMP)","https://api.axelarscan.io (public GMP Explorer API)"
"arbitrum : 0xB5FB4BE02232B1bBA4dC8f81dc24C26980dE9e3C","axelar : axelar1aqcj54lzz0rk22gvqgcn8fr5tx4rzwdv5wv5j9dmnacgefvd7wzsy2j2mr","arbitrum","axelar","0xB5FB4BE02232B1bBA4dC8f81dc24C26980dE9e3C","axelar1aqcj54lzz0rk22gvqgcn8fr5tx4rzwdv5wv5j9dmnacgefvd7wzsy2j2mr","2026-08-31T05:21:39Z","2026-08-31T05:21:39Z","2026-08-31T05:44:30Z","1371","00:22:51","1079781.34613659","ATH","5489.068473085355","Not Refunded","executed","received","False","True","0x164003a6e68353f8414adb205c9072449ea5a7acc22365491ddd57c679702607","0x164003a6e68353f8414adb205c9072449ea5a7acc22365491ddd57c679702607-7","Axelar Network (GMP)","https://api.axelarscan.io (public GMP Explorer API)"
"binance : 0x43d090025aAA6C8693B71952B910AC55CcB56bBb","osmosis : osmo173adwu8q6xfww53rhwtlxhjyafav74k6qsu9a7","binance","osmosis","0x43d090025aAA6C8693B71952B910AC55CcB56bBb","osmo173adwu8q6xfww53rhwtlxhjyafav74k6qsu9a7","2026-08-31T05:19:43Z","2026-08-31T05:19:43Z","2026-08-31T05:20:02Z","19","00:00:19","4748.92","AXL","218.5894158668","Not Refunded","executed","received","False","True","0xa09456685d6dc8cf666c7c65647674a70454be3d4f6f31078a8b3568fefbc6bd","0xa09456685d6dc8cf666c7c65647674a70454be3d4f6f31078a8b3568fefbc6bd-3","Axelar Network (GMP)","https://api.axelarscan.io (public GMP Explorer API)"
"ethereum : 0x4f49B53928A71E553bB1B0F66a5BcB54Fd4E8932","immutable : 0x4f49B53928A71E553bB1B0F66a5BcB54Fd4E8932","ethereum","immutable","0x4f49B53928A71E553bB1B0F66a5BcB54Fd4E8932","0x4f49B53928A71E553bB1B0F66a5BcB54Fd4E8932","2026-08-31T05:17:35Z","2026-08-31T05:17:35Z","2026-08-31T05:37:29Z","1194","00:19:54",,,,"Not Refunded","executed","received","False","True","0xad91f1be27ee08d9ef1d82d1e125f8d733eb3fe29e2bdad2b60771bcf0342167","0xad91f1be27ee08d9ef1d82d1e125f8d733eb3fe29e2bdad2b60771bcf0342167-1","Axelar Network (GMP)","https://api.axelarscan.io (public GMP Explorer API)"
"binance : 0x43d090025aAA6C8693B71952B910AC55CcB56bBb","osmosis : osmo173adwu8q6xfww53rhwtlxhjyafav74k6qsu9a7","binance","osmosis","0x43d090025aAA6C8693B71952B910AC55CcB56bBb","osmo173adwu8q6xfww53rhwtlxhjyafav74k6qsu9a7","2026-08-31T05:14:40Z","2026-08-31T05:14:40Z","2026-08-31T05:14:57Z","17","00:00:17","4728.97","AXL","224.14291613510002","Not Refunded","executed","received","False","True","0xe8591e9dee92e13544bb227a8e7b0344bb5fca64e90f30401cc220c3597511ef","0xe8591e9dee92e13544bb227a8e7b0344bb5fca64e90f30401cc220c3597511ef-3","Axelar Network (GMP)","https://api.axelarscan.io (public GMP Explorer API)"
"binance : 0x43d090025aAA6C8693B71952B910AC55CcB56bBb","osmosis : osmo173adwu8q6xfww53rhwtlxhjyafav74k6qsu9a7","binance","osmosis","0x43d090025aAA6C8693B71952B910AC55CcB56bBb","osmo173adwu8q6xfww53rhwtlxhjyafav74k6qsu9a7","2026-08-31T05:13:10Z","2026-08-31T05:13:10Z","2026-08-31T05:13:24Z","14","00:00:14","5040.46","AXL","238.9068662018","Not Refunded","executed","received","False","True","0x2b95096b30a04a9adb127b1384d2d1cceb27f72674e8e41f3a605ebc36a23806","0x2b95096b30a04a9adb127b1384d2d1cceb27f72674e8e41f3a605ebc36a23806-3","Axelar Network (GMP)","https://api.axelarscan.io (public GMP Explorer API)"
"axelar : axelar1aqcj54lzz0rk22gvqgcn8fr5tx4rzwdv5wv5j9dmnacgefvd7wzsy2j2mr","ethereum : 0xB5FB4BE02232B1bBA4dC8f81dc24C26980dE9e3C","axelar","ethereum","axelar1aqcj54lzz0rk22gvqgcn8fr5tx4rzwdv5wv5j9dmnacgefvd7wzsy2j2mr","0xB5FB4BE02232B1bBA4dC8f81dc24C26980dE9e3C","2026-08-31T05:13:05Z","2026-08-31T05:13:05Z","2026-08-31T05:14:35Z","90","00:01:30","232900.47073317767","ATH","0","Pending Refund","executed","received","False","False","B1C8B078BEE18A440069252E078E301DA320E52B72F19BF6885EC0DB5F5DCE7B","0xb1c8b078bee18a440069252e078e301da320e52b72f19bf6885ec0db5f5dce7b-7095270","Axelar Network (GMP)","https://api.axelarscan.io (public GMP Explorer API)"
"osmosis : osmo1n6ney9tsf55etz9nrmzyd8wa7e64qd3s06a74fqs30ka8pps6cvqtsycr6","arbitrum : 0xce16F69375520ab01377ce7B88f5BA8C48F8D666","osmosis","arbitrum","osmo1n6ney9tsf55etz9nrmzyd8wa7e64qd3s06a74fqs30ka8pps6cvqtsycr6","0xce16F69375520ab01377ce7B88f5BA8C48F8D666","2026-08-31T05:07:21Z","2026-08-31T05:07:21Z","2026-08-31T05:07:54Z","33","00:00:33","400.615086","axlUSDC","400.54778266555206","Pending Refund","executed","received","False","True","5781D64024C772A62884E888762C83D79BB70FFD83ED4AC180A70CEA291F040D","0xa2d5bf51959ad1877dc5f5651e2c7228e37f72322ca13ad7036c280e9eed6f60-7095264","Axelar Network (GMP)","https://api.axelarscan.io (public GMP Explorer API)"
"ethereum : 0x4f49B53928A71E553bB1B0F66a5BcB54Fd4E8932","immutable : 0x4f49B53928A71E553bB1B0F66a5BcB54Fd4E8932","ethereum","immutable","0x4f49B53928A71E553bB1B0F66a5BcB54Fd4E8932","0x4f49B53928A71E553bB1B0F66a5BcB54Fd4E8932","2026-08-31T05:06:35Z","2026-08-31T05:06:35Z","2026-08-31T05:24:55Z","1100","00:18:20",,,,"Not Refunded","executed","received","False","True","0x9a4ab0557ac5ec987760becce57fd06b349c6a058a47d82087eeab63e3785a76","0x9a4ab0557ac5ec987760becce57fd06b349c6a058a47d82087eeab63e3785a76-4","Axelar Network (GMP)","https://api.axelarscan.io (public GMP Explorer API)"
"osmosis : osmo1m8wg4vxkefhs374qxmmqpyusgz289wmulex5qdwpfx7jnrxzer5s9cv83q","Ethereum : 0xB773bCc5B325ad9AC6B36e1A046AD4466833A16E","osmosis","Ethereum","osmo1m8wg4vxkefhs374qxmmqpyusgz289wmulex5qdwpfx7jnrxzer5s9cv83q","0xB773bCc5B325ad9AC6B36e1A046AD4466833A16E","2026-08-31T05:02:43Z","2026-08-31T05:02:43Z","2026-08-31T05:05:47Z","184","00:03:04","69.439227","axlUSDC","69.429783265128","Pending Refund","executed","received","False","True","1BD00579F8B1613AB91B95593CB14C491383E0923CB1F0F3568C0D306647F551","0xe605da18dedd9188ac9294c65bd97fe3c6d984338a6ed3f8051e0c5383cf638a-7095263","Axelar Network (GMP)","https://api.axelarscan.io (public GMP Explorer API)"
"osmosis : osmo1n6ney9tsf55etz9nrmzyd8wa7e64qd3s06a74fqs30ka8pps6cvqtsycr6","Ethereum : 0xce16F69375520ab01377ce7B88f5BA8C48F8D666","osmosis","Ethereum","osmo1n6ney9tsf55etz9nrmzyd8wa7e64qd3s06a74fqs30ka8pps6cvqtsycr6","0xce16F69375520ab01377ce7B88f5BA8C48F8D666","2026-08-31T05:00:30Z","2026-08-31T05:00:30Z","2026-08-31T05:02:47Z","137","00:02:17","0.015029777237787137","axlETH","36.30758317109476","Pending Refund","executed","received","False","True","D6795B88A4FC8ED7C93B355EE5B7636A3B567D496F322C06C9FB6730EAEC23A6","0x79cfecc3a00196b6ecac5efc1f0ef3d98af0e61135bbf97e1ce7d57ed0f48738-7095262","Axelar Network (GMP)","https://api.axelarscan.io (public GMP Explorer API)"
"axelar : axelar1aqcj54lzz0rk22gvqgcn8fr5tx4rzwdv5wv5j9dmnacgefvd7wzsy2j2mr","binance : 0xB5FB4BE02232B1bBA4dC8f81dc24C26980dE9e3C","axelar","binance","axelar1aqcj54lzz0rk22gvqgcn8fr5tx4rzwdv5wv5j9dmnacgefvd7wzsy2j2mr","0xB5FB4BE02232B1bBA4dC8f81dc24C26980dE9e3C","2026-08-31T04:59:24Z","2026-08-31T04:59:24Z","2026-08-31T04:59:43Z","19","00:00:19","3233.5521","PUNDIAI","0","Pending Refund","executed","received","False","False","402A57A8146B2BB8ECB682D2768A47655FCCCADA5819EC4A84DAB07DAA54EE64","0x402a57a8146b2bb8ecb682d2768a47655fcccada5819ec4a84dab07daa54ee64-7095261","Axelar Network (GMP)","https://api.axelarscan.io (public GMP Explorer API)"
"arbitrum : 0xB5FB4BE02232B1bBA4dC8f81dc24C26980dE9e3C","axelar : axelar1aqcj54lzz0rk22gvqgcn8fr5tx4rzwdv5wv5j9dmnacgefvd7wzsy2j2mr","arbitrum","axelar","0xB5FB4BE02232B1bBA4dC8f81dc24C26980dE9e3C","axelar1aqcj54lzz0rk22gvqgcn8fr5tx4rzwdv5wv5j9dmnacgefvd7wzsy2j2mr","2026-08-31T04:53:17Z","2026-08-31T04:53:17Z","2026-08-31T05:13:05Z","1188","00:19:48","232900.47073317767","ATH","1174.2189613048765","Not Refunded","executed","received","False","True","0x330c852f27d19a0012ded8559ccaa2f14c2a90c45006dfac82e1c76d064bda28","0x330c852f27d19a0012ded8559ccaa2f14c2a90c45006dfac82e1c76d064bda28-3","Axelar Network (GMP)","https://api.axelarscan.io (public GMP Explorer API)"
"osmosis : osmo173adwu8q6xfww53rhwtlxhjyafav74k6qsu9a7","binance : 0x43d090025aAA6C8693B71952B910AC55CcB56bBb","osmosis","binance","osmo173adwu8q6xfww53rhwtlxhjyafav74k6qsu9a7","0x43d090025aAA6C8693B71952B910AC55CcB56bBb","2026-08-31T04:45:16Z","2026-08-31T04:45:16Z","2026-08-31T04:45:43Z","27","00:00:27","5072.583471","AXL","234.65684902926995","Pending Refund","executed","received","False","True","045C0AF531A42AE35E574740DAF59517A1034A0315E16681DB33E65EBB398791","0x004f51171fe8e3faf44f0af2a12ce7cb8da2f8bfb95e8480c71119f3acfadc12-7095255","Axelar Network (GMP)","https://api.axelarscan.io (public GMP Explorer API)"
"ethereum : 0xB5FB4BE02232B1bBA4dC8f81dc24C26980dE9e3C","axelar : axelar1aqcj54lzz0rk22gvqgcn8fr5tx4rzwdv5wv5j9dmnacgefvd7wzsy2j2mr","ethereum","axelar","0xB5FB4BE02232B1bBA4dC8f81dc24C26980dE9e3C","axelar1aqcj54lzz0rk22gvqgcn8fr5tx4rzwdv5wv5j9dmnacgefvd7wzsy2j2mr","2026-08-31T04:40:47Z","2026-08-31T04:40:47Z","2026-08-31T04:59:24Z","1117","00:18:37","3233.5521","PUNDIAI","1581.4042235781","Not Refunded","executed","received","False","True","0x3d0406b1343794f18e88290e148a41c7949c3da8328bbecec5cd9d32b6005c2d","0x3d0406b1343794f18e88290e148a41c7949c3da8328bbecec5cd9d32b6005c2d-7","Axelar Network (GMP)","https://api.axelarscan.io (public GMP Explorer API)"
"axelar : axelar1aqcj54lzz0rk22gvqgcn8fr5tx4rzwdv5wv5j9dmnacgefvd7wzsy2j2mr","avalanche : 0xB5FB4BE02232B1bBA4dC8f81dc24C26980dE9e3C","axelar","avalanche","axelar1aqcj54lzz0rk22gvqgcn8fr5tx4rzwdv5wv5j9dmnacgefvd7wzsy2j2mr","0xB5FB4BE02232B1bBA4dC8f81dc24C26980dE9e3C","2026-08-31T04:40:25Z","2026-08-31T04:40:25Z","2026-08-31T04:40:49Z","24","00:00:24","31751398456935817000","TIGEROG",,"Not Refunded","executed","received","False","False","990396CF7AD6975E1BA229DF2F6670AD9BF0BDB1E9785A23461FB8750616C26D","0x990396cf7ad6975e1ba229df2f6670ad9bf0bdb1e9785a23461fb8750616c26d-7095254","Axelar Network (GMP)","https://api.axelarscan.io (public GMP Explorer API)"
"binance : 0x43d090025aAA6C8693B71952B910AC55CcB56bBb","osmosis : osmo173adwu8q6xfww53rhwtlxhjyafav74k6qsu9a7","binance","osmosis","0x43d090025aAA6C8693B71952B910AC55CcB56bBb","osmo173adwu8q6xfww53rhwtlxhjyafav74k6qsu9a7","2026-08-31T04:40:18Z","2026-08-31T04:40:18Z","2026-08-31T04:40:38Z","20","00:00:20","5113.82","AXL","242.358248496","Not Refunded","executed","received","False","True","0xcfa387c3760bd88ed876a0178f2d7e0ee1101d245ef8ded84f95313c6bc1195a","0xcfa387c3760bd88ed876a0178f2d7e0ee1101d245ef8ded84f95313c6bc1195a-3","Axelar Network (GMP)","https://api.axelarscan.io (public GMP Explorer API)"
"binance : 0xB5FB4BE02232B1bBA4dC8f81dc24C26980dE9e3C","axelar : axelar1aqcj54lzz0rk22gvqgcn8fr5tx4rzwdv5wv5j9dmnacgefvd7wzsy2j2mr","binance","axelar","0xB5FB4BE02232B1bBA4dC8f81dc24C26980dE9e3C","axelar1aqcj54lzz0rk22gvqgcn8fr5tx4rzwdv5wv5j9dmnacgefvd7wzsy2j2mr","2026-08-31T04:40:07Z","2026-08-31T04:40:07Z","2026-08-31T04:40:25Z","18","00:00:18","31751398456935817000","TIGEROG",,"Not Refunded","executed","received","False","True","0x746c88925c42e6aee19b1b8d68d5c16fb11bf9ca10d60d9f2e67af03cb32398b","0x746c88925c42e6aee19b1b8d68d5c16fb11bf9ca10d60d9f2e67af03cb32398b-64","Axelar Network (GMP)","https://api.axelarscan.io (public GMP Explorer API)"
"binance : 0x43d090025aAA6C8693B71952B910AC55CcB56bBb","osmosis : osmo173adwu8q6xfww53rhwtlxhjyafav74k6qsu9a7","binance","osmosis","0x43d090025aAA6C8693B71952B910AC55CcB56bBb","osmo173adwu8q6xfww53rhwtlxhjyafav74k6qsu9a7","2026-08-31T04:38:48Z","2026-08-31T04:38:48Z","2026-08-31T04:39:07Z","19","00:00:19","5114.06","AXL","242.369622768","Not Refunded","executed","received","False","True","0xa340d13c64ba996f7de19357fbfad994aa94b47f37552f4f4726e8d751981b05","0xa340d13c64ba996f7de19357fbfad994aa94b47f37552f4f4726e8d751981b05-3","Axelar Network (GMP)","https://api.axelarscan.io (public GMP Explorer API)"
"binance : 0x43d090025aAA6C8693B71952B910AC55CcB56bBb","osmosis : osmo173adwu8q6xfww53rhwtlxhjyafav74k6qsu9a7","binance","osmosis","0x43d090025aAA6C8693B71952B910AC55CcB56bBb","osmo173adwu8q6xfww53rhwtlxhjyafav74k6qsu9a7","2026-08-31T04:37:18Z","2026-08-31T04:37:18Z","2026-08-31T04:37:37Z","19","00:00:19","5114.24","AXL","247.73327417599998","Not Refunded","executed","received","False","True","0x1abd70b035051e7d6b2b5385b48be48ce4aadfe447a82cd96f35410154e3aea0","0x1abd70b035051e7d6b2b5385b48be48ce4aadfe447a82cd96f35410154e3aea0-3","Axelar Network (GMP)","https://api.axelarscan.io (public GMP Explorer API)"
"binance : 0x43d090025aAA6C8693B71952B910AC55CcB56bBb","osmosis : osmo173adwu8q6xfww53rhwtlxhjyafav74k6qsu9a7","binance","osmosis","0x43d090025aAA6C8693B71952B910AC55CcB56bBb","osmo173adwu8q6xfww53rhwtlxhjyafav74k6qsu9a7","2026-08-31T04:35:48Z","2026-08-31T04:35:48Z","2026-08-31T04:36:06Z","18","00:00:18","5075.54","AXL","245.858650046","Not Refunded","executed","received","False","True","0xba4d2d6d535c178091fd90318ecc18fd5059de473bb96a14cbf24c1e656dbc88","0xba4d2d6d535c178091fd90318ecc18fd5059de473bb96a14cbf24c1e656dbc88-3","Axelar Network (GMP)","https://api.axelarscan.io (public GMP Explorer API)"
"ethereum : 0x4f49B53928A71E553bB1B0F66a5BcB54Fd4E8932","immutable : 0x4f49B53928A71E553bB1B0F66a5BcB54Fd4E8932","ethereum","immutable","0x4f49B53928A71E553bB1B0F66a5BcB54Fd4E8932","0x4f49B53928A71E553bB1B0F66a5BcB54Fd4E8932","2026-08-31T04:33:35Z","2026-08-31T04:33:35Z","2026-08-31T04:52:45Z","1150","00:19:10",,,,"Not Refunded","executed","received","False","True","0xe2626d7fea87f4bb3ba10e9f9295ffdf5b3202a19c6a69af42b45d0c0d05b570","0xe2626d7fea87f4bb3ba10e9f9295ffdf5b3202a19c6a69af42b45d0c0d05b570-1","Axelar Network (GMP)","https://api.axelarscan.io (public GMP Explorer API)"
"ethereum : 0x4f49B53928A71E553bB1B0F66a5BcB54Fd4E8932","immutable : 0x4f49B53928A71E553bB1B0F66a5BcB54Fd4E8932","ethereum","immutable","0x4f49B53928A71E553bB1B0F66a5BcB54Fd4E8932","0x4f49B53928A71E553bB1B0F66a5BcB54Fd4E8932","2026-08-31T04:32:11Z","2026-08-31T04:32:11Z","2026-08-31T04:46:49Z","878","00:14:38",,,,"Not Refunded","executed","received","False","True","0x3ac9fc52150386a96a8f3114859982be8ae5c521567d241369026a7eb6f4c277","0x3ac9fc52150386a96a8f3114859982be8ae5c521567d241369026a7eb6f4c277-4","Axelar Network (GMP)","https://api.axelarscan.io (public GMP Explorer API)"
"osmosis : osmo173adwu8q6xfww53rhwtlxhjyafav74k6qsu9a7","binance : 0x43d090025aAA6C8693B71952B910AC55CcB56bBb","osmosis","binance","osmo173adwu8q6xfww53rhwtlxhjyafav74k6qsu9a7","0x43d090025aAA6C8693B71952B910AC55CcB56bBb","2026-08-31T04:29:54Z","2026-08-31T04:29:54Z","2026-08-31T04:30:22Z","28","00:00:28","5076.029168","AXL","246.44695201935983","Pending Refund","executed","received","False","True","ED4570514BF4D5349325DBB19489C746141AAB4E9FE9C94593077DCA308D76B1","0x0b6d8780ecbd9837490da727beb3791d55d67677e40c104db1fbed6e72529500-7095248","Axelar Network (GMP)","https://api.axelarscan.io (public GMP Explorer API)"
"axelar : axelar1aqcj54lzz0rk22gvqgcn8fr5tx4rzwdv5wv5j9dmnacgefvd7wzsy2j2mr","ethereum : 0xB5FB4BE02232B1bBA4dC8f81dc24C26980dE9e3C","axelar","ethereum","axelar1aqcj54lzz0rk22gvqgcn8fr5tx4rzwdv5wv5j9dmnacgefvd7wzsy2j2mr","0xB5FB4BE02232B1bBA4dC8f81dc24C26980dE9e3C","2026-08-31T04:27:59Z","2026-08-31T04:27:59Z","2026-08-31T04:29:23Z","84","00:01:24","55864.955191172005","ATH","0","Pending Refund","executed","received","False","False","4F7FAF3C124839E4F20D70259121AB020EEAF6BEC753CFD7A6F4325476D07647","0x4f7faf3c124839e4f20d70259121ab020eeaf6bec753cfd7a6f4325476d07647-7095247","Axelar Network (GMP)","https://api.axelarscan.io (public GMP Explorer API)"
"axelar : axelar1aqcj54lzz0rk22gvqgcn8fr5tx4rzwdv5wv5j9dmnacgefvd7wzsy2j2mr","ethereum : 0xB5FB4BE02232B1bBA4dC8f81dc24C26980dE9e3C","axelar","ethereum","axelar1aqcj54lzz0rk22gvqgcn8fr5tx4rzwdv5wv5j9dmnacgefvd7wzsy2j2mr","0xB5FB4BE02232B1bBA4dC8f81dc24C26980dE9e3C","2026-08-31T04:15:27Z","2026-08-31T04:15:27Z","2026-08-31T04:16:35Z","68","00:01:08","121353.74984609406","ATH","0","Pending Refund","executed","received","False","False","B3E4BDFA2AE11C61D20C6960E57BC0AB89B681807819F3E82D90F230CE2F4F9F","0xb3e4bdfa2ae11c61d20c6960e57bc0ab89b681807819f3e82d90f230ce2f4f9f-7095241","Axelar Network (GMP)","https://api.axelarscan.io (public GMP Explorer API)"
"binance : 0x43d090025aAA6C8693B71952B910AC55CcB56bBb","osmosis : osmo173adwu8q6xfww53rhwtlxhjyafav74k6qsu9a7","binance","osmosis","0x43d090025aAA6C8693B71952B910AC55CcB56bBb","osmo173adwu8q6xfww53rhwtlxhjyafav74k6qsu9a7","2026-08-31T04:09:36Z","2026-08-31T04:09:36Z","2026-08-31T04:09:53Z","17","00:00:17","5077.43","AXL","247.0784571773","Not Refunded","executed","received","False","True","0xd37e896d54829732f313b65a9c9563966e71707d29a5f28057929b476945fe64","0xd37e896d54829732f313b65a9c9563966e71707d29a5f28057929b476945fe64-3","Axelar Network (GMP)","https://api.axelarscan.io (public GMP Explorer API)"
"axelar : axelar1aqcj54lzz0rk22gvqgcn8fr5tx4rzwdv5wv5j9dmnacgefvd7wzsy2j2mr","ethereum : 0xB5FB4BE02232B1bBA4dC8f81dc24C26980dE9e3C","axelar","ethereum","axelar1aqcj54lzz0rk22gvqgcn8fr5tx4rzwdv5wv5j9dmnacgefvd7wzsy2j2mr","0xB5FB4BE02232B1bBA4dC8f81dc24C26980dE9e3C","2026-08-31T04:08:36Z","2026-08-31T04:08:36Z","2026-08-31T04:09:23Z","47","00:00:47","234709.76847678464","ATH","0","Pending Refund","executed","received","False","False","6C76E4CB75234CD227DEA7EDB2203534D1CC304E726CEB511EF22903F78CB2B2","0x6c76e4cb75234cd227dea7edb2203534d1cc304e726ceb511ef22903f78cb2b2-7095235","Axelar Network (GMP)","https://api.axelarscan.io (public GMP Explorer API)"
"osmosis : osmo173adwu8q6xfww53rhwtlxhjyafav74k6qsu9a7","binance : 0x43d090025aAA6C8693B71952B910AC55CcB56bBb","osmosis","binance","osmo173adwu8q6xfww53rhwtlxhjyafav74k6qsu9a7","0x43d090025aAA6C8693B71952B910AC55CcB56bBb","2026-08-31T04:07:23Z","2026-08-31T04:07:23Z","2026-08-31T04:07:48Z","25","00:00:25","5062.65969","AXL","246.35970272734593","Pending Refund","executed","received","False","True","EBF153DD9B33A0F04D57C643B830B5C585FFB1AD325C82A206EEB691555E63CD","0x5bb0a536f9f341865f94ba9a19ea2268b6d1f5a2f39fc921d0d72d746d2b76d8-7095229","Axelar Network (GMP)","https://api.axelarscan.io (public GMP Explorer API)"
"osmosis : osmo173adwu8q6xfww53rhwtlxhjyafav74k6qsu9a7","binance : 0x43d090025aAA6C8693B71952B910AC55CcB56bBb","osmosis","binance","osmo173adwu8q6xfww53rhwtlxhjyafav74k6qsu9a7","0x43d090025aAA6C8693B71952B910AC55CcB56bBb","2026-08-31T04:05:43Z","2026-08-31T04:05:43Z","2026-08-31T04:06:08Z","25","00:00:25","5079.302781","AXL","241.8431797910323","Pending Refund","executed","received","False","True","D96BD25BCDC3AA043A5931C97CF24EE9D37642A033C46B21A829138D682E2166","0xd08c123ad817cd3000fa5063692a366593647f872941abca5adcbd3337940a9a-7095228","Axelar Network (GMP)","https://api.axelarscan.io (public GMP Explorer API)"
"arbitrum : 0xB5FB4BE02232B1bBA4dC8f81dc24C26980dE9e3C","axelar : axelar1aqcj54lzz0rk22gvqgcn8fr5tx4rzwdv5wv5j9dmnacgefvd7wzsy2j2mr","arbitrum","axelar","0xB5FB4BE02232B1bBA4dC8f81dc24C26980dE9e3C","axelar1aqcj54lzz0rk22gvqgcn8fr5tx4rzwdv5wv5j9dmnacgefvd7wzsy2j2mr","2026-08-31T04:05:32Z","2026-08-31T04:05:32Z","2026-08-31T04:27:59Z","1347","00:22:27","55864.955191172005","ATH","277.6694973335456","Not Refunded","executed","received","False","True","0x361052e4a8dd091879c6b02d16015d2926ae7d8a71d3d169dcb382c6e302f037","0x361052e4a8dd091879c6b02d16015d2926ae7d8a71d3d169dcb382c6e302f037-10","Axelar Network (GMP)","https://api.axelarscan.io (public GMP Explorer API)"
"ethereum : 0x4f49B53928A71E553bB1B0F66a5BcB54Fd4E8932","immutable : 0x4f49B53928A71E553bB1B0F66a5BcB54Fd4E8932","ethereum","immutable","0x4f49B53928A71E553bB1B0F66a5BcB54Fd4E8932","0x4f49B53928A71E553bB1B0F66a5BcB54Fd4E8932","2026-08-31T04:04:11Z","2026-08-31T04:04:11Z","2026-08-31T04:21:01Z","1010","00:16:50",,,,"Not Refunded","executed","received","False","True","0x758dbc7a4b63f819c9dce8d4e46372125edebb27ee74cfa23032be7779572ee4","0x758dbc7a4b63f819c9dce8d4e46372125edebb27ee74cfa23032be7779572ee4-4","Axelar Network (GMP)","https://api.axelarscan.io (public GMP Explorer API)"
"binance : 0xce16F69375520ab01377ce7B88f5BA8C48F8D666","immutable : 0xce16F69375520ab01377ce7B88f5BA8C48F8D666","binance","immutable","0xce16F69375520ab01377ce7B88f5BA8C48F8D666","0xce16F69375520ab01377ce7B88f5BA8C48F8D666","2026-08-31T04:03:16Z","2026-08-31T04:03:16Z","2026-08-31T04:04:01Z","45","00:00:45","45.158965","axlUSDC","45.153229811445","Not Refunded","executed","received","False","True","0xe4ebe37db209361eed625ae545dcd38c3fb565fe1ce8a1883125f866bc3b10f3","0xe4ebe37db209361eed625ae545dcd38c3fb565fe1ce8a1883125f866bc3b10f3-13","Axelar Network (GMP)","https://api.axelarscan.io (public GMP Explorer API)"
"binance : 0x43d090025aAA6C8693B71952B910AC55CcB56bBb","osmosis : osmo173adwu8q6xfww53rhwtlxhjyafav74k6qsu9a7","binance","osmosis","0x43d090025aAA6C8693B71952B910AC55CcB56bBb","osmo173adwu8q6xfww53rhwtlxhjyafav74k6qsu9a7","2026-08-31T04:03:15Z","2026-08-31T04:03:15Z","2026-08-31T04:03:30Z","15","00:00:15","5117.26","AXL","243.65045431960002","Not Refunded","executed","received","False","True","0x6774ad18f17fa489c86e3ac1ff7d2abda89378aa79e70278306e12fca74c4f1a","0x6774ad18f17fa489c86e3ac1ff7d2abda89378aa79e70278306e12fca74c4f1a-3","Axelar Network (GMP)","https://api.axelarscan.io (public GMP Explorer API)"
"binance : 0x43d090025aAA6C8693B71952B910AC55CcB56bBb","osmosis : osmo173adwu8q6xfww53rhwtlxhjyafav74k6qsu9a7","binance","osmosis","0x43d090025aAA6C8693B71952B910AC55CcB56bBb","osmo173adwu8q6xfww53rhwtlxhjyafav74k6qsu9a7","2026-08-31T04:01:27Z","2026-08-31T04:01:27Z","2026-08-31T04:01:47Z","20","00:00:20","5081.21","AXL","241.2477716761","Not Refunded","executed","received","False","True","0xc0904dc7b46a7cce8fc8163327d64ce5f0e9dabf4b1f1c9b78b70584ab445314","0xc0904dc7b46a7cce8fc8163327d64ce5f0e9dabf4b1f1c9b78b70584ab445314-3","Axelar Network (GMP)","https://api.axelarscan.io (public GMP Explorer API)"
"axelar : axelar1aqcj54lzz0rk22gvqgcn8fr5tx4rzwdv5wv5j9dmnacgefvd7wzsy2j2mr","ethereum : 0xB5FB4BE02232B1bBA4dC8f81dc24C26980dE9e3C","axelar","ethereum","axelar1aqcj54lzz0rk22gvqgcn8fr5tx4rzwdv5wv5j9dmnacgefvd7wzsy2j2mr","0xB5FB4BE02232B1bBA4dC8f81dc24C26980dE9e3C","2026-08-31T03:56:24Z","2026-08-31T03:56:24Z","2026-08-31T03:57:59Z","95","00:01:35","49504.37603251352","ATH","0","Pending Refund","executed","received","False","False","A717256535FA7CF3D260369B6247BF36261027A3EA09605A041E52D30399EF09","0xa717256535fa7cf3d260369b6247bf36261027a3ea09605a041e52d30399ef09-7095227","Axelar Network (GMP)","https://api.axelarscan.io (public GMP Explorer API)"
"arbitrum : 0xB5FB4BE02232B1bBA4dC8f81dc24C26980dE9e3C","axelar : axelar1aqcj54lzz0rk22gvqgcn8fr5tx4rzwdv5wv5j9dmnacgefvd7wzsy2j2mr","arbitrum","axelar","0xB5FB4BE02232B1bBA4dC8f81dc24C26980dE9e3C","axelar1aqcj54lzz0rk22gvqgcn8fr5tx4rzwdv5wv5j9dmnacgefvd7wzsy2j2mr","2026-08-31T03:55:17Z","2026-08-31T03:55:17Z","2026-08-31T04:15:27Z","1210","00:20:10","121353.74984609406","ATH","606.2020272186891","Not Refunded","executed","received","False","True","0xd5ea3ea8b951fba756df735f9b427beb2fff2f787044da1da70e7841659e0e51","0xd5ea3ea8b951fba756df735f9b427beb2fff2f787044da1da70e7841659e0e51-7","Axelar Network (GMP)","https://api.axelarscan.io (public GMP Explorer API)"
"osmosis : osmo1n6ney9tsf55etz9nrmzyd8wa7e64qd3s06a74fqs30ka8pps6cvqtsycr6","optimism : 0xce16F69375520ab01377ce7B88f5BA8C48F8D666","osmosis","optimism","osmo1n6ney9tsf55etz9nrmzyd8wa7e64qd3s06a74fqs30ka8pps6cvqtsycr6","0xce16F69375520ab01377ce7B88f5BA8C48F8D666","2026-08-31T03:53:25Z","2026-08-31T03:53:25Z","2026-08-31T03:53:53Z","28","00:00:28","6444.675183","axlUSDC","6443.830930551027","Pending Refund","executed","received","False","True","5E0BFB63DCA8FD1C2760137A4F62CE57C662278BD82083E6872642A0C259C607","0xd01b2540555bfe3a0d5b65bdf3fc991fb5594752373f9511ff9488f686c1ffe4-7095221","Axelar Network (GMP)","https://api.axelarscan.io (public GMP Explorer API)"
"osmosis : osmo173adwu8q6xfww53rhwtlxhjyafav74k6qsu9a7","binance : 0x43d090025aAA6C8693B71952B910AC55CcB56bBb","osmosis","binance","osmo173adwu8q6xfww53rhwtlxhjyafav74k6qsu9a7","0x43d090025aAA6C8693B71952B910AC55CcB56bBb","2026-08-31T03:49:27Z","2026-08-31T03:49:27Z","2026-08-31T03:49:53Z","26","00:00:26","5081.692466","AXL","244.1359906916132","Pending Refund","executed","received","False","True","0F4DACFE1DF30501189598E4B009023FC94BF73610B4AC773B8915222BC57875","0xb414b7f8766c5f56ebb6d7639a94224a447f4015c499879da92720030f17f561-7095220","Axelar Network (GMP)","https://api.axelarscan.io (public GMP Explorer API)"
"arbitrum : 0xB5FB4BE02232B1bBA4dC8f81dc24C26980dE9e3C","axelar : axelar1aqcj54lzz0rk22gvqgcn8fr5tx4rzwdv5wv5j9dmnacgefvd7wzsy2j2mr","arbitrum","axelar","0xB5FB4BE02232B1bBA4dC8f81dc24C26980dE9e3C","axelar1aqcj54lzz0rk22gvqgcn8fr5tx4rzwdv5wv5j9dmnacgefvd7wzsy2j2mr","2026-08-31T03:48:18Z","2026-08-31T03:48:18Z","2026-08-31T04:08:36Z","1218","00:20:18","234709.76847678464","ATH","1174.5979950490143","Not Refunded","executed","received","False","True","0x901104e9e5e821564ef02585534dabb64c9200b746ce4d89e3302c102d807363","0x901104e9e5e821564ef02585534dabb64c9200b746ce4d89e3302c102d807363-3","Axelar Network (GMP)","https://api.axelarscan.io (public GMP Explorer API)"
"binance : 0x43d090025aAA6C8693B71952B910AC55CcB56bBb","osmosis : osmo173adwu8q6xfww53rhwtlxhjyafav74k6qsu9a7","binance","osmosis","0x43d090025aAA6C8693B71952B910AC55CcB56bBb","osmo173adwu8q6xfww53rhwtlxhjyafav74k6qsu9a7","2026-08-31T03:47:30Z","2026-08-31T03:47:30Z","2026-08-31T03:47:45Z","15","00:00:15","5083.1","AXL","244.20361180600003","Not Refunded","executed","received","False","True","0x6d30d4405eec1dacd2cb5c67d9e14b28a53b8823a37630b02fec442a1f16f079","0x6d30d4405eec1dacd2cb5c67d9e14b28a53b8823a37630b02fec442a1f16f079-3","Axelar Network (GMP)","https://api.axelarscan.io (public GMP Explorer API)"
"axelar : axelar1aqcj54lzz0rk22gvqgcn8fr5tx4rzwdv5wv5j9dmnacgefvd7wzsy2j2mr","ethereum : 0xB5FB4BE02232B1bBA4dC8f81dc24C26980dE9e3C","axelar","ethereum","axelar1aqcj54lzz0rk22gvqgcn8fr5tx4rzwdv5wv5j9dmnacgefvd7wzsy2j2mr","0xB5FB4BE02232B1bBA4dC8f81dc24C26980dE9e3C","2026-08-31T03:43:26Z","2026-08-31T03:43:26Z","2026-08-31T03:44:23Z","57","00:00:57","239969.56","ATH","0","Pending Refund","executed","received","False","False","868DFFF19D898339245CBD57B45E04C8676EE481D15B624BC073B88A290555C4","0x868dfff19d898339245cbd57b45e04c8676ee481d15b624bc073b88a290555c4-7095219","Axelar Network (GMP)","https://api.axelarscan.io (public GMP Explorer API)"
"osmosis : osmo1n6ney9tsf55etz9nrmzyd8wa7e64qd3s06a74fqs30ka8pps6cvqtsycr6","Ethereum : 0xce16F69375520ab01377ce7B88f5BA8C48F8D666","osmosis","Ethereum","osmo1n6ney9tsf55etz9nrmzyd8wa7e64qd3s06a74fqs30ka8pps6cvqtsycr6","0xce16F69375520ab01377ce7B88f5BA8C48F8D666","2026-08-31T03:41:09Z","2026-08-31T03:41:09Z","2026-08-31T03:42:23Z","74","00:01:14","0.005140722677490729","axlETH","12.427080186112539","Pending Refund","executed","received","False","True","48D50CB01747A13D920C4978758C17AFDB45CE47C75B6B4E922ABDE231BB44C3","0xc1a251a42a3ef69406ba195774dd1ca7c61cfc73cdc8fd87712502c85d51e174-7095213","Axelar Network (GMP)","https://api.axelarscan.io (public GMP Explorer API)"
"osmosis : osmo173adwu8q6xfww53rhwtlxhjyafav74k6qsu9a7","binance : 0x43d090025aAA6C8693B71952B910AC55CcB56bBb","osmosis","binance","osmo173adwu8q6xfww53rhwtlxhjyafav74k6qsu9a7","0x43d090025aAA6C8693B71952B910AC55CcB56bBb","2026-08-31T03:40:08Z","2026-08-31T03:40:08Z","2026-08-31T03:40:33Z","25","00:00:25","5075.859997","AXL","238.23112371959755","Pending Refund","executed","received","False","True","FFAE524B8FCBE0DE607B48FB6FCE177954645BF1B903D62ADF3ED5EE11113BA1","0xe08427dac94f7485fdb5aa938ebf07ad6af2d562c1a1135a3389922ef079ac8a-7095212","Axelar Network (GMP)","https://api.axelarscan.io (public GMP Explorer API)"
"ethereum : 0x4f49B53928A71E553bB1B0F66a5BcB54Fd4E8932","immutable : 0x4f49B53928A71E553bB1B0F66a5BcB54Fd4E8932","ethereum","immutable","0x4f49B53928A71E553bB1B0F66a5BcB54Fd4E8932","0x4f49B53928A71E553bB1B0F66a5BcB54Fd4E8932","2026-08-31T03:38:11Z","2026-08-31T03:38:11Z","2026-08-31T03:55:19Z","1028","00:17:08",,,,"Not Refunded","executed","received","False","True","0xd38e96c16735e15c2f830c5f73e07b426e58ff3c5ff995be7c9324d124a417bd","0xd38e96c16735e15c2f830c5f73e07b426e58ff3c5ff995be7c9324d124a417bd-1","Axelar Network (GMP)","https://api.axelarscan.io (public GMP Explorer API)"
"arbitrum : 0xB5FB4BE02232B1bBA4dC8f81dc24C26980dE9e3C","axelar : axelar1aqcj54lzz0rk22gvqgcn8fr5tx4rzwdv5wv5j9dmnacgefvd7wzsy2j2mr","arbitrum","axelar","0xB5FB4BE02232B1bBA4dC8f81dc24C26980dE9e3C","axelar1aqcj54lzz0rk22gvqgcn8fr5tx4rzwdv5wv5j9dmnacgefvd7wzsy2j2mr","2026-08-31T03:36:40Z","2026-08-31T03:36:40Z","2026-08-31T03:56:24Z","1184","00:19:44","49504.37603251352","ATH","245.3288363043273","Not Refunded","executed","received","False","True","0xdcedd313138fd6e7892428b018d3a6af37e23eb2c2ab78989528cda72b732c13","0xdcedd313138fd6e7892428b018d3a6af37e23eb2c2ab78989528cda72b732c13-12","Axelar Network (GMP)","https://api.axelarscan.io (public GMP Explorer API)"
"binance : 0x43d090025aAA6C8693B71952B910AC55CcB56bBb","osmosis : osmo173adwu8q6xfww53rhwtlxhjyafav74k6qsu9a7","binance","osmosis","0x43d090025aAA6C8693B71952B910AC55CcB56bBb","osmo173adwu8q6xfww53rhwtlxhjyafav74k6qsu9a7","2026-08-31T03:34:09Z","2026-08-31T03:34:09Z","2026-08-31T03:34:27Z","18","00:00:18","5126.56","AXL","242.0591430208","Not Refunded","executed","received","False","True","0xfdfd3beacb56f32edc50abc2a0e3a61cc9ccb16f71af298fd3143ee0527c5e47","0xfdfd3beacb56f32edc50abc2a0e3a61cc9ccb16f71af298fd3143ee0527c5e47-3","Axelar Network (GMP)","https://api.axelarscan.io (public GMP Explorer API)"
"binance : 0x43d090025aAA6C8693B71952B910AC55CcB56bBb","osmosis : osmo173adwu8q6xfww53rhwtlxhjyafav74k6qsu9a7","binance","osmosis","0x43d090025aAA6C8693B71952B910AC55CcB56bBb","osmo173adwu8q6xfww53rhwtlxhjyafav74k6qsu9a7","2026-08-31T03:31:28Z","2026-08-31T03:31:28Z","2026-08-31T03:31:49Z","21","00:00:21","5085.53","AXL","239.87499101419996","Not Refunded","executed","received","False","True","0x4af79ac8068234999be983d6016cb8811e02ec3639d60c9884124c258b7cddc2","0x4af79ac8068234999be983d6016cb8811e02ec3639d60c9884124c258b7cddc2-3","Axelar Network (GMP)","https://api.axelarscan.io (public GMP Explorer API)"
"osmosis : osmo173adwu8q6xfww53rhwtlxhjyafav74k6qsu9a7","binance : 0x43d090025aAA6C8693B71952B910AC55CcB56bBb","osmosis","binance","osmo173adwu8q6xfww53rhwtlxhjyafav74k6qsu9a7","0x43d090025aAA6C8693B71952B910AC55CcB56bBb","2026-08-31T03:27:52Z","2026-08-31T03:27:52Z","2026-08-31T03:28:18Z","26","00:00:26","5086.010039","AXL","239.89763356095744","Pending Refund","executed","received","False","True","2757B4F084DE7DF355BEFDA1F1D71197A809491DEEB3D7D8825F1F62B56B9659","0x94e92b3a1465adc05c753eaa953144b130402999ce111823697f50a48cdafd1a-7095211","Axelar Network (GMP)","https://api.axelarscan.io (public GMP Explorer API)"
"arbitrum : 0xB5FB4BE02232B1bBA4dC8f81dc24C26980dE9e3C","axelar : axelar1aqcj54lzz0rk22gvqgcn8fr5tx4rzwdv5wv5j9dmnacgefvd7wzsy2j2mr","arbitrum","axelar","0xB5FB4BE02232B1bBA4dC8f81dc24C26980dE9e3C","axelar1aqcj54lzz0rk22gvqgcn8fr5tx4rzwdv5wv5j9dmnacgefvd7wzsy2j2mr","2026-08-31T03:23:55Z","2026-08-31T03:23:55Z","2026-08-31T03:43:26Z","1171","00:19:31","239969.56","ATH","1183.8250324788","Not Refunded","executed","received","False","True","0x1dc3792982d2caec7f3c70f6454e9f500b8b85ed61b2f70e67656b26894886a5","0x1dc3792982d2caec7f3c70f6454e9f500b8b85ed61b2f70e67656b26894886a5-7","Axelar Network (GMP)","https://api.axelarscan.io (public GMP Explorer API)"
"binance : 0x43d090025aAA6C8693B71952B910AC55CcB56bBb","osmosis : osmo173adwu8q6xfww53rhwtlxhjyafav74k6qsu9a7","binance","osmosis","0x43d090025aAA6C8693B71952B910AC55CcB56bBb","osmo173adwu8q6xfww53rhwtlxhjyafav74k6qsu9a7","2026-08-31T03:23:05Z","2026-08-31T03:23:05Z","2026-08-31T03:23:21Z","16","00:00:16","5124.03","AXL","242.25527382809997","Not Refunded","executed","received","False","True","0x9ca588bb0cedf39b1fa56526ac87262451c5be3eae869192e0842c193e9de431","0x9ca588bb0cedf39b1fa56526ac87262451c5be3eae869192e0842c193e9de431-3","Axelar Network (GMP)","https://api.axelarscan.io (public GMP Explorer API)"
"binance : 0x43d090025aAA6C8693B71952B910AC55CcB56bBb","osmosis : osmo173adwu8q6xfww53rhwtlxhjyafav74k6qsu9a7","binance","osmosis","0x43d090025aAA6C8693B71952B910AC55CcB56bBb","osmo173adwu8q6xfww53rhwtlxhjyafav74k6qsu9a7","2026-08-31T03:21:24Z","2026-08-31T03:21:24Z","2026-08-31T03:21:41Z","17","00:00:17","5087.95","AXL","230.62690287700002","Not Refunded","executed","received","False","True","0x918e4d87fa9c91ca985e122fcefa64f62339bf327827ff1d3e9ecea5cab279f2","0x918e4d87fa9c91ca985e122fcefa64f62339bf327827ff1d3e9ecea5cab279f2-3","Axelar Network (GMP)","https://api.axelarscan.io (public GMP Explorer API)"
"axelar : axelar1aqcj54lzz0rk22gvqgcn8fr5tx4rzwdv5wv5j9dmnacgefvd7wzsy2j2mr","solana : itsAUdHnV2K99ppbM6d6WUDac8MD54RAE7dUKHnw1Eg","axelar","solana","axelar1aqcj54lzz0rk22gvqgcn8fr5tx4rzwdv5wv5j9dmnacgefvd7wzsy2j2mr","itsAUdHnV2K99ppbM6d6WUDac8MD54RAE7dUKHnw1Eg","2026-08-31T03:21:19Z","2026-08-31T03:21:19Z","2026-08-31T03:21:48Z","29","00:00:29","1.323773478","SOL","0","Pending Refund","executed","received","False","False","A3C539C21881B9D8F714A0640C0FF745E083FE8B1F60C990595F91C5C1041D8A","0xa3c539c21881b9d8f714a0640c0ff745e083fe8b1f60c990595f91c5c1041d8a-7095148","Axelar Network (GMP)","https://api.axelarscan.io (public GMP Explorer API)"
"xrpl : rfmS3zqrQrka8wVyhXifEeyTwe8AMz2Yhw","axelar : axelar1aqcj54lzz0rk22gvqgcn8fr5tx4rzwdv5wv5j9dmnacgefvd7wzsy2j2mr","xrpl","axelar","rfmS3zqrQrka8wVyhXifEeyTwe8AMz2Yhw","axelar1aqcj54lzz0rk22gvqgcn8fr5tx4rzwdv5wv5j9dmnacgefvd7wzsy2j2mr","2026-08-31T03:21:01Z","2026-08-31T03:21:01Z","2026-08-31T03:21:19Z","18","00:00:18","1.323773478","SOL","134.45567216045998","Pending Refund","executed","received","False","True","bd2678b7500de0b5f864134fa9a10a97b76377203332690d4caf7334a6a37c9b","0xbd2678b7500de0b5f864134fa9a10a97b76377203332690d4caf7334a6a37c9b","Axelar Network (GMP)","https://api.axelarscan.io (public GMP Explorer API)"
"osmosis : osmo173adwu8q6xfww53rhwtlxhjyafav74k6qsu9a7","binance : 0x43d090025aAA6C8693B71952B910AC55CcB56bBb","osmosis","binance","osmo173adwu8q6xfww53rhwtlxhjyafav74k6qsu9a7","0x43d090025aAA6C8693B71952B910AC55CcB56bBb","2026-08-31T03:19:00Z","2026-08-31T03:19:00Z","2026-08-31T03:19:27Z","27","00:00:27","5064.215437","AXL","229.55106118126224","Pending Refund","executed","received","False","True","2685433297B4D6BED197EABFD4E230E30328B260A43D73C5D84C200839CD9A9B","0x2aebec714e13f5ffbde1d9ff14fbe55fa1c25208648f9cc58289e3a0cceac5a4-7095116","Axelar Network (GMP)","https://api.axelarscan.io (public GMP Explorer API)"
"osmosis : osmo1n6ney9tsf55etz9nrmzyd8wa7e64qd3s06a74fqs30ka8pps6cvqtsycr6","Ethereum : 0xce16F69375520ab01377ce7B88f5BA8C48F8D666","osmosis","Ethereum","osmo1n6ney9tsf55etz9nrmzyd8wa7e64qd3s06a74fqs30ka8pps6cvqtsycr6","0xce16F69375520ab01377ce7B88f5BA8C48F8D666","2026-08-31T03:18:08Z","2026-08-31T03:18:08Z","2026-08-31T03:19:47Z","99","00:01:39","259627.769846","AXL","11768.42312924568","Not Refunded","executed","received","False","True","6B553EA9356F29AF591D910C96581D6B49E5BD177D3AA1F886C91D039E4C46C2","0x14bfc65888cbc28b170b790ae8afcff0b2fee4ece0ae11ae0ce0963248e923db-7095115","Axelar Network (GMP)","https://api.axelarscan.io (public GMP Explorer API)"
"immutable : 0x4f49B53928A71E553bB1B0F66a5BcB54Fd4E8932","Ethereum : 0x4f49B53928A71E553bB1B0F66a5BcB54Fd4E8932","immutable","Ethereum","0x4f49B53928A71E553bB1B0F66a5BcB54Fd4E8932","0x4f49B53928A71E553bB1B0F66a5BcB54Fd4E8932","2026-08-31T03:17:43Z","2026-08-31T03:17:43Z","2026-08-31T03:19:47Z","124","00:02:04",,,,"Not Refunded","executed","received","False","True","0xa3de47c3fbd6cdff011b058ac8ae224728714a84828edb7160bb6093de141a9c","0xa3de47c3fbd6cdff011b058ac8ae224728714a84828edb7160bb6093de141a9c-2","Axelar Network (GMP)","https://api.axelarscan.io (public GMP Explorer API)"
"osmosis : osmo173adwu8q6xfww53rhwtlxhjyafav74k6qsu9a7","binance : 0x43d090025aAA6C8693B71952B910AC55CcB56bBb","osmosis","binance","osmo173adwu8q6xfww53rhwtlxhjyafav74k6qsu9a7","0x43d090025aAA6C8693B71952B910AC55CcB56bBb","2026-08-31T03:17:26Z","2026-08-31T03:17:26Z","2026-08-31T03:17:48Z","22","00:00:22","5071.755437","AXL","229.8928347536622","Pending Refund","executed","received","False","True","093689C6EBB566878232BBD29F7F5BFE6311CA7ED4CB4B2265CED67BC7DD37C8","0xcaae73a5fd15d9c2499c2cebf045100b1fcaa3b187b9acd19c806a63d495eb20-7095114","Axelar Network (GMP)","https://api.axelarscan.io (public GMP Explorer API)"
"osmosis : osmo173adwu8q6xfww53rhwtlxhjyafav74k6qsu9a7","binance : 0x43d090025aAA6C8693B71952B910AC55CcB56bBb","osmosis","binance","osmo173adwu8q6xfww53rhwtlxhjyafav74k6qsu9a7","0x43d090025aAA6C8693B71952B910AC55CcB56bBb","2026-08-31T03:15:55Z","2026-08-31T03:15:55Z","2026-08-31T03:16:23Z","28","00:00:28","5107.391276","AXL","226.33501480028244","Pending Refund","executed","received","False","True","BB09D9BB0A3D95C2207413648D4FBC8247A250C4E8CE840452438D14F4A56981","0x7078a72b96a58daa3edf008dfb2af2ab910b5c1e833904bb8883cc2abd3aaaff-7095061","Axelar Network (GMP)","https://api.axelarscan.io (public GMP Explorer API)"
"binance : 0x43d090025aAA6C8693B71952B910AC55CcB56bBb","osmosis : osmo173adwu8q6xfww53rhwtlxhjyafav74k6qsu9a7","binance","osmosis","0x43d090025aAA6C8693B71952B910AC55CcB56bBb","osmo173adwu8q6xfww53rhwtlxhjyafav74k6qsu9a7","2026-08-31T03:09:57Z","2026-08-31T03:09:57Z","2026-08-31T03:10:18Z","21","00:00:21","5129.35","AXL","232.71224910600003","Not Refunded","executed","received","False","True","0x5e430730a2481c148dc4bd5432b88ba47bface2b162953f4d4fc5b97a27e1977","0x5e430730a2481c148dc4bd5432b88ba47bface2b162953f4d4fc5b97a27e1977-3","Axelar Network (GMP)","https://api.axelarscan.io (public GMP Explorer API)"
"osmosis : osmo1m8wg4vxkefhs374qxmmqpyusgz289wmulex5qdwpfx7jnrxzer5s9cv83q","Avalanche : 0xBeB12d8861765c850E8426Cc5c6a5207222f2477","osmosis","Avalanche","osmo1m8wg4vxkefhs374qxmmqpyusgz289wmulex5qdwpfx7jnrxzer5s9cv83q","0xBeB12d8861765c850E8426Cc5c6a5207222f2477","2026-08-31T03:08:47Z","2026-08-31T03:08:47Z","2026-08-31T03:09:19Z","32","00:00:32","896.193295","axlUSDC","896.022122080655","Pending Refund","executed","received","False","True","5CFFC696176015A9DFE9900979808780F1270A6B5E4817583BF8D18DE39D417A","0x3e2fad6000792881ef7ad54cf651d0b9a4b49ffdcc8c40e05d55dd1e42b5a2fa-7095060","Axelar Network (GMP)","https://api.axelarscan.io (public GMP Explorer API)"
"osmosis : osmo173adwu8q6xfww53rhwtlxhjyafav74k6qsu9a7","binance : 0x43d090025aAA6C8693B71952B910AC55CcB56bBb","osmosis","binance","osmo173adwu8q6xfww53rhwtlxhjyafav74k6qsu9a7","0x43d090025aAA6C8693B71952B910AC55CcB56bBb","2026-08-31T03:06:58Z","2026-08-31T03:06:58Z","2026-08-31T03:07:18Z","20","00:00:20","5093.355285","AXL","231.0792135198966","Pending Refund","executed","received","False","True","9D22D0FBAF3E19EC542CF13952D7EE7F09A1D3AB4DC37082B33BD7804CC0663A","0xc36cbea5210eba6e32d9fb6cfb5869b6b72324962f2fee7c0b60f581c9f014bd-7095059","Axelar Network (GMP)","https://api.axelarscan.io (public GMP Explorer API)"
"binance : 0x43d090025aAA6C8693B71952B910AC55CcB56bBb","osmosis : osmo173adwu8q6xfww53rhwtlxhjyafav74k6qsu9a7","binance","osmosis","0x43d090025aAA6C8693B71952B910AC55CcB56bBb","osmo173adwu8q6xfww53rhwtlxhjyafav74k6qsu9a7","2026-08-31T03:05:32Z","2026-08-31T03:05:32Z","2026-08-31T03:05:50Z","18","00:00:18","5094.87","AXL","224.59965069630002","Not Refunded","executed","received","False","True","0x60966b275a6f0f56833b8d9c170afd9a0375888f77d49c035e1542980e6e7b63","0x60966b275a6f0f56833b8d9c170afd9a0375888f77d49c035e1542980e6e7b63-3","Axelar Network (GMP)","https://api.axelarscan.io (public GMP Explorer API)"
"optimism : 0xce16F69375520ab01377ce7B88f5BA8C48F8D666","Fantom : 0xce16F69375520ab01377ce7B88f5BA8C48F8D666","optimism","Fantom","0xce16F69375520ab01377ce7B88f5BA8C48F8D666","0xce16F69375520ab01377ce7B88f5BA8C48F8D666","2026-08-31T03:04:39Z","2026-08-31T03:04:39Z","2026-08-31T03:30:28Z","1549","00:25:49","10202.969437680365","RING","22.557439040684393","Not Refunded","executed","received","False","True","0xca49e2c150d9779bf411f1d2e4902e203aa5d541bd06d9153b91caac67db2b6d","0xca49e2c150d9779bf411f1d2e4902e203aa5d541bd06d9153b91caac67db2b6d-4","Axelar Network (GMP)","https://api.axelarscan.io (public GMP Explorer API)"
"osmosis : osmo173adwu8q6xfww53rhwtlxhjyafav74k6qsu9a7","binance : 0x43d090025aAA6C8693B71952B910AC55CcB56bBb","osmosis","binance","osmo173adwu8q6xfww53rhwtlxhjyafav74k6qsu9a7","0x43d090025aAA6C8693B71952B910AC55CcB56bBb","2026-08-31T03:03:29Z","2026-08-31T03:03:29Z","2026-08-31T03:03:58Z","29","00:00:29","5098.806677","AXL","224.7731931574627","Pending Refund","executed","received","False","True","34AF0AE292929AD3233E29ED02F97BEC92638FE9CFA2A8CB0D209FDE766B2ED6","0x5d2a077b229a95c6c1c444eed825d42544e1ba8971582adfac9f60884e141417-7095058","Axelar Network (GMP)","https://api.axelarscan.io (public GMP Explorer API)"
"axelar : axelar1aqcj54lzz0rk22gvqgcn8fr5tx4rzwdv5wv5j9dmnacgefvd7wzsy2j2mr","base : 0xB5FB4BE02232B1bBA4dC8f81dc24C26980dE9e3C","axelar","base","axelar1aqcj54lzz0rk22gvqgcn8fr5tx4rzwdv5wv5j9dmnacgefvd7wzsy2j2mr","0xB5FB4BE02232B1bBA4dC8f81dc24C26980dE9e3C","2026-08-31T02:57:15Z","2026-08-31T02:57:15Z","2026-08-31T02:57:59Z","44","00:00:44","68130505.40881562","DRAGONX",,"Pending Refund","executed","received","False","False","45A9D7D118B01E830E4E0B441F9C1429E3C680CA7D0595F7C1732471DC5E696C","0x45a9d7d118b01e830e4e0b441f9c1429e3c680ca7d0595f7c1732471dc5e696c-7095057","Axelar Network (GMP)","https://api.axelarscan.io (public GMP Explorer API)"
"axelar : axelar1aqcj54lzz0rk22gvqgcn8fr5tx4rzwdv5wv5j9dmnacgefvd7wzsy2j2mr","base : 0xB5FB4BE02232B1bBA4dC8f81dc24C26980dE9e3C","axelar","base","axelar1aqcj54lzz0rk22gvqgcn8fr5tx4rzwdv5wv5j9dmnacgefvd7wzsy2j2mr","0xB5FB4BE02232B1bBA4dC8f81dc24C26980dE9e3C","2026-08-31T02:57:14Z","2026-08-31T02:57:14Z","2026-08-31T02:57:59Z","45","00:00:45","101238168.29941101","DRAGONX",,"Pending Refund","executed","received","False","False","0D07DA7C9981B34A47C149E48080C8582FEC030585EB9BC05DE01C49DBCD305C","0x0d07da7c9981b34a47c149e48080c8582fec030585eb9bc05de01c49dbcd305c-7095054","Axelar Network (GMP)","https://api.axelarscan.io (public GMP Explorer API)"
"ethereum : 0x50beAbe4883981624aEa01F737B040d1e3Fe83FB","monad : 0x50beAbe4883981624aEa01F737B040d1e3Fe83FB","ethereum","monad","0x50beAbe4883981624aEa01F737B040d1e3Fe83FB","0x50beAbe4883981624aEa01F737B040d1e3Fe83FB","2026-08-31T02:56:47Z","2026-08-31T02:56:47Z","2026-08-31T03:16:19Z","1172","00:19:32",,,,"Not Refunded","executed","received","False","True","0x966390f2c393f8ebc2fe6cb8aa621ef7ab5107cd282066bb733fdd93bc0c6016","0x966390f2c393f8ebc2fe6cb8aa621ef7ab5107cd282066bb733fdd93bc0c6016-6","Axelar Network (GMP)","https://api.axelarscan.io (public GMP Explorer API)"
"osmosis : osmo173adwu8q6xfww53rhwtlxhjyafav74k6qsu9a7","binance : 0x43d090025aAA6C8693B71952B910AC55CcB56bBb","osmosis","binance","osmo173adwu8q6xfww53rhwtlxhjyafav74k6qsu9a7","0x43d090025aAA6C8693B71952B910AC55CcB56bBb","2026-08-31T02:55:57Z","2026-08-31T02:55:57Z","2026-08-31T02:56:28Z","31","00:00:31","5111.03916","AXL","225.6480856411056","Pending Refund","executed","received","False","True","7141292C30014DFB82779EF84DB74CDF47D645FECF15624A4F82EAACEFAE7554","0x972444f3b34e50a3c70efaae700ed75c70dcb514bbb43a017a8fc7fac91e3038-7095045","Axelar Network (GMP)","https://api.axelarscan.io (public GMP Explorer API)"
"ethereum : 0xce16F69375520ab01377ce7B88f5BA8C48F8D666","osmosis : osmo1n6ney9tsf55etz9nrmzyd8wa7e64qd3s06a74fqs30ka8pps6cvqtsycr6","ethereum","osmosis","0xce16F69375520ab01377ce7B88f5BA8C48F8D666","osmo1n6ney9tsf55etz9nrmzyd8wa7e64qd3s06a74fqs30ka8pps6cvqtsycr6","2026-08-31T02:54:23Z","2026-08-31T02:54:23Z","2026-08-31T03:10:07Z","944","00:15:44","0.032949722191585235","WETH","79.43288377892027","Not Refunded","executed","received","False","True","0x7cda2f6a31a0be6be8f6af07d337e60e246c49036a763cea4875bd8e1a5d09bf","0x7cda2f6a31a0be6be8f6af07d337e60e246c49036a763cea4875bd8e1a5d09bf-4","Axelar Network (GMP)","https://api.axelarscan.io (public GMP Explorer API)"
"immutable : 0x4f49B53928A71E553bB1B0F66a5BcB54Fd4E8932","Ethereum : 0x4f49B53928A71E553bB1B0F66a5BcB54Fd4E8932","immutable","Ethereum","0x4f49B53928A71E553bB1B0F66a5BcB54Fd4E8932","0x4f49B53928A71E553bB1B0F66a5BcB54Fd4E8932","2026-08-31T02:53:09Z","2026-08-31T02:53:09Z","2026-08-31T02:54:23Z","74","00:01:14",,,,"Not Refunded","executed","received","False","True","0xf7d590fcf27e2a71c8ac1e296703e507cd54f8dc4b6888e3e9f13aa7dbe7fab0","0xf7d590fcf27e2a71c8ac1e296703e507cd54f8dc4b6888e3e9f13aa7dbe7fab0-2","Axelar Network (GMP)","https://api.axelarscan.io (public GMP Explorer API)"
"osmosis : osmo173adwu8q6xfww53rhwtlxhjyafav74k6qsu9a7","binance : 0x43d090025aAA6C8693B71952B910AC55CcB56bBb","osmosis","binance","osmo173adwu8q6xfww53rhwtlxhjyafav74k6qsu9a7","0x43d090025aAA6C8693B71952B910AC55CcB56bBb","2026-08-31T02:52:37Z","2026-08-31T02:52:37Z","2026-08-31T02:53:03Z","26","00:00:26","5099.466627","AXL","225.1371680300833","Pending Refund","executed","received","False","True","E647ACB6A424ECF8582032A942652BD48B8CF7387737EDF1F672B6265055708A","0xf9ae6816f9369364173df81eb03a114cab9f6b2c4385654bd843a29793715e48-7095044","Axelar Network (GMP)","https://api.axelarscan.io (public GMP Explorer API)"
"axelar : axelar1aqcj54lzz0rk22gvqgcn8fr5tx4rzwdv5wv5j9dmnacgefvd7wzsy2j2mr","ethereum : 0xB5FB4BE02232B1bBA4dC8f81dc24C26980dE9e3C","axelar","ethereum","axelar1aqcj54lzz0rk22gvqgcn8fr5tx4rzwdv5wv5j9dmnacgefvd7wzsy2j2mr","0xB5FB4BE02232B1bBA4dC8f81dc24C26980dE9e3C","2026-08-31T02:52:05Z","2026-08-31T02:52:05Z","2026-08-31T02:53:35Z","90","00:01:30","49863.889246921746","ATH","0","Pending Refund","executed","received","False","False","206169A20E49B9301A00B6A67D5F31B9297691DCADCDE43EDF6A070DE9B37627","0x206169a20e49b9301a00b6a67d5f31b9297691dcadcde43edf6a070de9b37627-7095043","Axelar Network (GMP)","https://api.axelarscan.io (public GMP Explorer API)"
"filecoin : 0xce16F69375520ab01377ce7B88f5BA8C48F8D666","binance : 0xce16F69375520ab01377ce7B88f5BA8C48F8D666","filecoin","binance","0xce16F69375520ab01377ce7B88f5BA8C48F8D666","0xce16F69375520ab01377ce7B88f5BA8C48F8D666","2026-08-31T02:51:30Z","2026-08-31T02:51:30Z","2026-08-31T03:08:58Z","1048","00:17:28","662.215325","axlUSDC","662.098112887475","Not Refunded","executed","received","False","True","0x05274b8a116e36fb682307be8349eea9bc90e982c5173b765682be28a5907da8","0x05274b8a116e36fb682307be8349eea9bc90e982c5173b765682be28a5907da8-8","Axelar Network (GMP)","https://api.axelarscan.io (public GMP Explorer API)"
"osmosis : osmo173adwu8q6xfww53rhwtlxhjyafav74k6qsu9a7","binance : 0x43d090025aAA6C8693B71952B910AC55CcB56bBb","osmosis","binance","osmo173adwu8q6xfww53rhwtlxhjyafav74k6qsu9a7","0x43d090025aAA6C8693B71952B910AC55CcB56bBb","2026-08-31T02:49:17Z","2026-08-31T02:49:17Z","2026-08-31T02:49:38Z","21","00:00:21","5098.632307","AXL","223.08305963064757","Pending Refund","executed","received","False","True","6AA8ED8F14C55B63D119650AE37CF0F61EF420452C1EBA776AE68BD80AACBB5A","0x6bd2a323603788ed40c03b96dbc7e31845611ed330d8edb5ec3639d690ebb071-7095037","Axelar Network (GMP)","https://api.axelarscan.io (public GMP Explorer API)"
"base : 0xce16F69375520ab01377ce7B88f5BA8C48F8D666","Ethereum : 0xce16F69375520ab01377ce7B88f5BA8C48F8D666","base","Ethereum","0xce16F69375520ab01377ce7B88f5BA8C48F8D666","0xce16F69375520ab01377ce7B88f5BA8C48F8D666","2026-08-31T02:45:47Z","2026-08-31T02:45:47Z","2026-08-31T03:12:23Z","1596","00:26:36","2.883009","axlUSDC","2.882452579263","Not Refunded","executed","received","False","True","0x7b23f5c128f6d006a2027124dae1e2456abba245ec902808824a973a3ca60917","0x7b23f5c128f6d006a2027124dae1e2456abba245ec902808824a973a3ca60917-26","Axelar Network (GMP)","https://api.axelarscan.io (public GMP Explorer API)"
"osmosis : osmo173adwu8q6xfww53rhwtlxhjyafav74k6qsu9a7","binance : 0x43d090025aAA6C8693B71952B910AC55CcB56bBb","osmosis","binance","osmo173adwu8q6xfww53rhwtlxhjyafav74k6qsu9a7","0x43d090025aAA6C8693B71952B910AC55CcB56bBb","2026-08-31T02:45:42Z","2026-08-31T02:45:42Z","2026-08-31T02:46:13Z","31","00:00:31","5116.718966","AXL","221.9611197231143","Pending Refund","executed","received","False","True","62027820408576CD8015DC9F825D48FBECAA6EC8F2229A3CF361DEE92C3E5948","0xf044c0d92604256b2776ae237c74b5749e5bb73023d6dd26a198ddfe6a14bf9c-7095036","Axelar Network (GMP)","https://api.axelarscan.io (public GMP Explorer API)"
"axelar : axelar1aqcj54lzz0rk22gvqgcn8fr5tx4rzwdv5wv5j9dmnacgefvd7wzsy2j2mr","ethereum : 0xB5FB4BE02232B1bBA4dC8f81dc24C26980dE9e3C","axelar","ethereum","axelar1aqcj54lzz0rk22gvqgcn8fr5tx4rzwdv5wv5j9dmnacgefvd7wzsy2j2mr","0xB5FB4BE02232B1bBA4dC8f81dc24C26980dE9e3C","2026-08-31T02:45:30Z","2026-08-31T02:45:30Z","2026-08-31T02:46:23Z","53","00:00:53","150098.36592","ATH","0","Not Refunded","executed","received","False","False","5793D16209C4505EBAD859D7732B20BC8C68AF3E3C355440A80662A679A377F4","0x5793d16209c4505ebad859d7732b20bc8c68af3e3c355440a80662a679a377f4-7095035","Axelar Network (GMP)","https://api.axelarscan.io (public GMP Explorer API)"
"axelar : axelar1aqcj54lzz0rk22gvqgcn8fr5tx4rzwdv5wv5j9dmnacgefvd7wzsy2j2mr","kava : 0xB5FB4BE02232B1bBA4dC8f81dc24C26980dE9e3C","axelar","kava","axelar1aqcj54lzz0rk22gvqgcn8fr5tx4rzwdv5wv5j9dmnacgefvd7wzsy2j2mr","0xB5FB4BE02232B1bBA4dC8f81dc24C26980dE9e3C","2026-08-31T02:44:48Z","2026-08-31T02:44:48Z","2026-08-31T02:45:33Z","45","00:00:45","5.999807938436417","XRP","0","Pending Refund","executed","received","False","False","79EF0DA2BF5AA69D6C90C6920EB9040C22ED28958BA4ED7D14C0747195F4CADE","0x79ef0da2bf5aa69d6c90c6920eb9040c22ed28958ba4ed7d14c0747195f4cade-7095029","Axelar Network (GMP)","https://api.axelarscan.io (public GMP Explorer API)"
"binance : 0xB5FB4BE02232B1bBA4dC8f81dc24C26980dE9e3C","axelar : axelar1aqcj54lzz0rk22gvqgcn8fr5tx4rzwdv5wv5j9dmnacgefvd7wzsy2j2mr","binance","axelar","0xB5FB4BE02232B1bBA4dC8f81dc24C26980dE9e3C","axelar1aqcj54lzz0rk22gvqgcn8fr5tx4rzwdv5wv5j9dmnacgefvd7wzsy2j2mr","2026-08-31T02:44:31Z","2026-08-31T02:44:31Z","2026-08-31T02:44:48Z","17","00:00:17","5.999807938436417","XRP","8.099740716889164","Not Refunded","executed","received","False","True","0x36d249f2244f81cbd90148eee6b7b7c505dae474f466d8e1ac26802db9cd6062","0x36d249f2244f81cbd90148eee6b7b7c505dae474f466d8e1ac26802db9cd6062-8","Axelar Network (GMP)","https://api.axelarscan.io (public GMP Explorer API)"
"ethereum : 0xB5FB4BE02232B1bBA4dC8f81dc24C26980dE9e3C","axelar : axelar1aqcj54lzz0rk22gvqgcn8fr5tx4rzwdv5wv5j9dmnacgefvd7wzsy2j2mr","ethereum","axelar","0xB5FB4BE02232B1bBA4dC8f81dc24C26980dE9e3C","axelar1aqcj54lzz0rk22gvqgcn8fr5tx4rzwdv5wv5j9dmnacgefvd7wzsy2j2mr","2026-08-31T02:41:59Z","2026-08-31T02:41:59Z","2026-08-31T02:57:15Z","916","00:15:16","68130505.40881562","DRAGONX",,"Not Refunded","executed","received","False","True","0x3f98f63d60631f2a105648260f1beb270910a072a16bbd57bba966151e96e4fa","0x3f98f63d60631f2a105648260f1beb270910a072a16bbd57bba966151e96e4fa-43","Axelar Network (GMP)","https://api.axelarscan.io (public GMP Explorer API)"
"ethereum : 0xB5FB4BE02232B1bBA4dC8f81dc24C26980dE9e3C","axelar : axelar1aqcj54lzz0rk22gvqgcn8fr5tx4rzwdv5wv5j9dmnacgefvd7wzsy2j2mr","ethereum","axelar","0xB5FB4BE02232B1bBA4dC8f81dc24C26980dE9e3C","axelar1aqcj54lzz0rk22gvqgcn8fr5tx4rzwdv5wv5j9dmnacgefvd7wzsy2j2mr","2026-08-31T02:40:47Z","2026-08-31T02:40:47Z","2026-08-31T02:57:14Z","987","00:16:27","101238168.29941101","DRAGONX",,"Not Refunded","executed","received","False","True","0x7a1f4338beab3033148d603f24fc7eb73b04d3767406665d5025e3c5a4035682","0x7a1f4338beab3033148d603f24fc7eb73b04d3767406665d5025e3c5a4035682-27","Axelar Network (GMP)","https://api.axelarscan.io (public GMP Explorer API)"
"ethereum : 0x4f49B53928A71E553bB1B0F66a5BcB54Fd4E8932","immutable : 0x4f49B53928A71E553bB1B0F66a5BcB54Fd4E8932","ethereum","immutable","0x4f49B53928A71E553bB1B0F66a5BcB54Fd4E8932","0x4f49B53928A71E553bB1B0F66a5BcB54Fd4E8932","2026-08-31T02:39:11Z","2026-08-31T02:39:11Z","2026-08-31T02:57:31Z","1100","00:18:20",,,,"Not Refunded","executed","received","False","True","0x3a0c2b96ab7d72deda5ed56877c2f90ad35af2b41b35186be46aeba9aaf643b9","0x3a0c2b96ab7d72deda5ed56877c2f90ad35af2b41b35186be46aeba9aaf643b9-1","Axelar Network (GMP)","https://api.axelarscan.io (public GMP Explorer API)"
"osmosis : osmo173adwu8q6xfww53rhwtlxhjyafav74k6qsu9a7","binance : 0x43d090025aAA6C8693B71952B910AC55CcB56bBb","osmosis","binance","osmo173adwu8q6xfww53rhwtlxhjyafav74k6qsu9a7","0x43d090025aAA6C8693B71952B910AC55CcB56bBb","2026-08-31T02:35:10Z","2026-08-31T02:35:10Z","2026-08-31T02:35:32Z","22","00:00:22","5114.951447","AXL","221.07566936845265","Pending Refund","executed","received","False","True","1D7809D30F7ECB08BB1BA9C38B8DCBEAE08F3AC5A92DF487DEFE175048678AA3","0x9af5244763eaed852f1b29f7f7e22e9f1bb5f7eca95480e3c48ad89ff65ed716-7095023","Axelar Network (GMP)","https://api.axelarscan.io (public GMP Explorer API)"
"osmosis : osmo173adwu8q6xfww53rhwtlxhjyafav74k6qsu9a7","binance : 0x43d090025aAA6C8693B71952B910AC55CcB56bBb","osmosis","binance","osmo173adwu8q6xfww53rhwtlxhjyafav74k6qsu9a7","0x43d090025aAA6C8693B71952B910AC55CcB56bBb","2026-08-31T02:33:30Z","2026-08-31T02:33:30Z","2026-08-31T02:33:53Z","23","00:00:23","5090.222248","AXL","220.0068372830421","Pending Refund","executed","received","False","True","D3CEF792C440A25F0B9629A99EAEFAA75B81C4B407A2EEBA08918DFD25A7F2B4","0x39777e5c14641f31a2f46dfa9b88b1bbd626f38bbb70287f4264863860cdc97f-7095022","Axelar Network (GMP)","https://api.axelarscan.io (public GMP Explorer API)"
"axelar : axelar1aqcj54lzz0rk22gvqgcn8fr5tx4rzwdv5wv5j9dmnacgefvd7wzsy2j2mr","ethereum : 0xB5FB4BE02232B1bBA4dC8f81dc24C26980dE9e3C","axelar","ethereum","axelar1aqcj54lzz0rk22gvqgcn8fr5tx4rzwdv5wv5j9dmnacgefvd7wzsy2j2mr","0xB5FB4BE02232B1bBA4dC8f81dc24C26980dE9e3C","2026-08-31T02:32:56Z","2026-08-31T02:32:56Z","2026-08-31T02:35:23Z","147","00:02:27","49946.12892635344","ATH","0","Pending Refund","executed","received","False","False","A3F49D4848D176F5ECD9504EF24FE6D95A11FDDEC1EB0BA98425B38E61533A0D","0xa3f49d4848d176f5ecd9504ef24fe6d95a11fddec1eb0ba98425b38e61533a0d-7095021","Axelar Network (GMP)","https://api.axelarscan.io (public GMP Explorer API)"
"osmosis : osmo173adwu8q6xfww53rhwtlxhjyafav74k6qsu9a7","binance : 0x43d090025aAA6C8693B71952B910AC55CcB56bBb","osmosis","binance","osmo173adwu8q6xfww53rhwtlxhjyafav74k6qsu9a7","0x43d090025aAA6C8693B71952B910AC55CcB56bBb","2026-08-31T02:31:59Z","2026-08-31T02:31:59Z","2026-08-31T02:32:23Z","24","00:00:24","5081.802248","AXL","219.6429125898421","Pending Refund","executed","received","False","True","B1F59A90ABB10D69ACD4DED094C1EDF9D2A0D596701555B8E6591955E85B0D4A","0xa470dd39b2894cb50add98be683681394adf0c69d012954186831240b6f33f80-7095015","Axelar Network (GMP)","https://api.axelarscan.io (public GMP Explorer API)"
"arbitrum : 0xB5FB4BE02232B1bBA4dC8f81dc24C26980dE9e3C","axelar : axelar1aqcj54lzz0rk22gvqgcn8fr5tx4rzwdv5wv5j9dmnacgefvd7wzsy2j2mr","arbitrum","axelar","0xB5FB4BE02232B1bBA4dC8f81dc24C26980dE9e3C","axelar1aqcj54lzz0rk22gvqgcn8fr5tx4rzwdv5wv5j9dmnacgefvd7wzsy2j2mr","2026-08-31T02:31:04Z","2026-08-31T02:31:04Z","2026-08-31T02:52:05Z","1261","00:21:01","49863.889246921746","ATH","243.44697599799878","Not Refunded","executed","received","False","True","0x881065f93865a444245fbbaa6de418d632de49d8a66dd02b9525e4166ab91c3d","0x881065f93865a444245fbbaa6de418d632de49d8a66dd02b9525e4166ab91c3d-12","Axelar Network (GMP)","https://api.axelarscan.io (public GMP Explorer API)"
"osmosis : osmo173adwu8q6xfww53rhwtlxhjyafav74k6qsu9a7","binance : 0x43d090025aAA6C8693B71952B910AC55CcB56bBb","osmosis","binance","osmo173adwu8q6xfww53rhwtlxhjyafav74k6qsu9a7","0x43d090025aAA6C8693B71952B910AC55CcB56bBb","2026-08-31T02:30:27Z","2026-08-31T02:30:27Z","2026-08-31T02:30:53Z","26","00:00:26","5099.614867","AXL","219.3798220019863","Pending Refund","executed","received","False","True","4F47B3F9523B2E20E7140533531955A8CDC5CB790CF53DB6D8FA7951E2671FF6","0x9ced9ff9416e7ff76439950546d04076c997a96a51955e795a77fc84a819c320-7095014","Axelar Network (GMP)","https://api.axelarscan.io (public GMP Explorer API)"
"binance : 0xce16F69375520ab01377ce7B88f5BA8C48F8D666","celo : 0xce16F69375520ab01377ce7B88f5BA8C48F8D666","binance","celo","0xce16F69375520ab01377ce7B88f5BA8C48F8D666","0xce16F69375520ab01377ce7B88f5BA8C48F8D666","2026-08-31T02:30:19Z","2026-08-31T02:30:19Z","2026-08-31T02:30:57Z","38","00:00:38","19.996043","axlUSDC","19.992423716217","Not Refunded","executed","received","False","True","0x32d458d6d37e9f667245c09a9c242cc37e3429a722e7a8b475088ef8a0c430b4","0x32d458d6d37e9f667245c09a9c242cc37e3429a722e7a8b475088ef8a0c430b4-10","Axelar Network (GMP)","https://api.axelarscan.io (public GMP Explorer API)"
"arbitrum : 0xB5FB4BE02232B1bBA4dC8f81dc24C26980dE9e3C","axelar : axelar1aqcj54lzz0rk22gvqgcn8fr5tx4rzwdv5wv5j9dmnacgefvd7wzsy2j2mr","arbitrum","axelar","0xB5FB4BE02232B1bBA4dC8f81dc24C26980dE9e3C","axelar1aqcj54lzz0rk22gvqgcn8fr5tx4rzwdv5wv5j9dmnacgefvd7wzsy2j2mr","2026-08-31T02:25:30Z","2026-08-31T02:25:30Z","2026-08-31T02:45:30Z","1200","00:20:00","150098.36592","ATH","732.3314283073391","Not Refunded","executed","received","False","True","0x1462a52cfbed40e641449c4e9a47b0e5c1efa9cecb87dac1033534af19f5c7c8","0x1462a52cfbed40e641449c4e9a47b0e5c1efa9cecb87dac1033534af19f5c7c8-3","Axelar Network (GMP)","https://api.axelarscan.io (public GMP Explorer API)"
"osmosis : osmo1n6ney9tsf55etz9nrmzyd8wa7e64qd3s06a74fqs30ka8pps6cvqtsycr6","base : 0xce16F69375520ab01377ce7B88f5BA8C48F8D666","osmosis","base","osmo1n6ney9tsf55etz9nrmzyd8wa7e64qd3s06a74fqs30ka8pps6cvqtsycr6","0xce16F69375520ab01377ce7B88f5BA8C48F8D666","2026-08-31T02:25:26Z","2026-08-31T02:25:26Z","2026-08-31T02:26:03Z","37","00:00:37","81.820079","axlUSDC","81.804860465306","Pending Refund","executed","received","False","True","D3B50CD4CD5CC54B334621A85BAE7A11C44D049E7017880E8500AA2CB450CACC","0x6590b3b258c4e4c5cc54081a23f8e692dc02bcc1af9d27bcc545c343087084e9-7095013","Axelar Network (GMP)","https://api.axelarscan.io (public GMP Explorer API)"
"base : 0xce16F69375520ab01377ce7B88f5BA8C48F8D666","binance : 0xce16F69375520ab01377ce7B88f5BA8C48F8D666","base","binance","0xce16F69375520ab01377ce7B88f5BA8C48F8D666","0xce16F69375520ab01377ce7B88f5BA8C48F8D666","2026-08-31T02:17:59Z","2026-08-31T02:17:59Z","2026-08-31T02:44:48Z","1609","00:26:49","14.071876","axlUSDC","14.069779290476001","Not Refunded","executed","received","False","True","0xdd50f1aac894eeca81782a33d2917f858702d5680adcd807f32d0f09ea7b0bd4","0xdd50f1aac894eeca81782a33d2917f858702d5680adcd807f32d0f09ea7b0bd4-21","Axelar Network (GMP)","https://api.axelarscan.io (public GMP Explorer API)"
"osmosis : osmo173adwu8q6xfww53rhwtlxhjyafav74k6qsu9a7","binance : 0x43d090025aAA6C8693B71952B910AC55CcB56bBb","osmosis","binance","osmo173adwu8q6xfww53rhwtlxhjyafav74k6qsu9a7","0x43d090025aAA6C8693B71952B910AC55CcB56bBb","2026-08-31T02:17:23Z","2026-08-31T02:17:23Z","2026-08-31T02:17:47Z","24","00:00:24","5149.130391","AXL","222.26035964057422","Pending Refund","executed","received","False","True","74D59CC948331EF4DD7FFB1219B0BD57246A6AB873DDA25BC56DCF08A62C124D","0x0905d0e970aa9e5824511da973ca63954ffe9f0a2db23dd503c0ea8c458b8de3-7095012","Axelar Network (GMP)","https://api.axelarscan.io (public GMP Explorer API)"
"arbitrum : 0xB5FB4BE02232B1bBA4dC8f81dc24C26980dE9e3C","axelar : axelar1aqcj54lzz0rk22gvqgcn8fr5tx4rzwdv5wv5j9dmnacgefvd7wzsy2j2mr","arbitrum","axelar","0xB5FB4BE02232B1bBA4dC8f81dc24C26980dE9e3C","axelar1aqcj54lzz0rk22gvqgcn8fr5tx4rzwdv5wv5j9dmnacgefvd7wzsy2j2mr","2026-08-31T02:13:49Z","2026-08-31T02:13:49Z","2026-08-31T02:32:56Z","1147","00:19:07","49946.12892635344","ATH","242.54589398571127","Not Refunded","executed","received","False","True","0x9accc9c4eeb845d116c47dd53d17b0aca396a6db5510115b24f235c0f4781550","0x9accc9c4eeb845d116c47dd53d17b0aca396a6db5510115b24f235c0f4781550-12","Axelar Network (GMP)","https://api.axelarscan.io (public GMP Explorer API)"
"avalanche : 0xce16F69375520ab01377ce7B88f5BA8C48F8D666","osmosis : osmo1n6ney9tsf55etz9nrmzyd8wa7e64qd3s06a74fqs30ka8pps6cvqtsycr6","avalanche","osmosis","0xce16F69375520ab01377ce7B88f5BA8C48F8D666","osmo1n6ney9tsf55etz9nrmzyd8wa7e64qd3s06a74fqs30ka8pps6cvqtsycr6","2026-08-31T02:12:18Z","2026-08-31T02:12:18Z","2026-08-31T02:12:41Z","23","00:00:23","3.547848","axlUSDC","3.547308727104","Not Refunded","executed","received","False","True","0x76498d1d0b7e2088cd35d6d5ad54c6b676a42a986d8132188a2e5fbe03cf161b","0x76498d1d0b7e2088cd35d6d5ad54c6b676a42a986d8132188a2e5fbe03cf161b-14","Axelar Network (GMP)","https://api.axelarscan.io (public GMP Explorer API)"
"osmosis : osmo1m8wg4vxkefhs374qxmmqpyusgz289wmulex5qdwpfx7jnrxzer5s9cv83q","Ethereum : 0xB773bCc5B325ad9AC6B36e1A046AD4466833A16E","osmosis","Ethereum","osmo1m8wg4vxkefhs374qxmmqpyusgz289wmulex5qdwpfx7jnrxzer5s9cv83q","0xB773bCc5B325ad9AC6B36e1A046AD4466833A16E","2026-08-31T02:09:53Z","2026-08-31T02:09:53Z","2026-08-31T02:11:23Z","90","00:01:30","148.013975","axlUSDC","147.990736805925","Pending Refund","executed","received","False","True","02A4B17E46B1A9B10412875A4E84BA5AEE74FFD2397B89B04089118FBEAB5A84","0x99308407c5a29945cb815466a2c574d42e1afcf622fd42c03bf3bcdd9e0c0730-7095011","Axelar Network (GMP)","https://api.axelarscan.io (public GMP Explorer API)"
"axelar : axelar1aqcj54lzz0rk22gvqgcn8fr5tx4rzwdv5wv5j9dmnacgefvd7wzsy2j2mr","ethereum : 0xB5FB4BE02232B1bBA4dC8f81dc24C26980dE9e3C","axelar","ethereum","axelar1aqcj54lzz0rk22gvqgcn8fr5tx4rzwdv5wv5j9dmnacgefvd7wzsy2j2mr","0xB5FB4BE02232B1bBA4dC8f81dc24C26980dE9e3C","2026-08-31T02:07:19Z","2026-08-31T02:07:19Z","2026-08-31T02:08:23Z","64","00:01:04","88725.19529031667","CHRP","0","Pending Refund","executed","received","False","False","B42801248955D83257453DD536B4E2CF3D7955F76037F25F76C098BC416C03F5","0xb42801248955d83257453dd536b4e2cf3d7955f76037f25f76c098bc416c03f5-7095010","Axelar Network (GMP)","https://api.axelarscan.io (public GMP Explorer API)"
"binance : 0xB5FB4BE02232B1bBA4dC8f81dc24C26980dE9e3C","axelar : axelar1aqcj54lzz0rk22gvqgcn8fr5tx4rzwdv5wv5j9dmnacgefvd7wzsy2j2mr","binance","axelar","0xB5FB4BE02232B1bBA4dC8f81dc24C26980dE9e3C","axelar1aqcj54lzz0rk22gvqgcn8fr5tx4rzwdv5wv5j9dmnacgefvd7wzsy2j2mr","2026-08-31T02:07:04Z","2026-08-31T02:07:04Z","2026-08-31T02:07:19Z","15","00:00:15","88725.19529031667","CHRP","7.940017726530439","Not Refunded","executed","received","False","True","0xee2ebaff81684d305aad74b04a3a2866e6d9c2537ba20f070c1eb3bbc53b77e7","0xee2ebaff81684d305aad74b04a3a2866e6d9c2537ba20f070c1eb3bbc53b77e7-6","Axelar Network (GMP)","https://api.axelarscan.io (public GMP Explorer API)"
"axelar : axelar1aqcj54lzz0rk22gvqgcn8fr5tx4rzwdv5wv5j9dmnacgefvd7wzsy2j2mr","hedera : 0xB5FB4BE02232B1bBA4dC8f81dc24C26980dE9e3C","axelar","hedera","axelar1aqcj54lzz0rk22gvqgcn8fr5tx4rzwdv5wv5j9dmnacgefvd7wzsy2j2mr","0xB5FB4BE02232B1bBA4dC8f81dc24C26980dE9e3C","2026-08-31T02:02:28Z","2026-08-31T02:02:28Z","2026-08-31T02:05:10Z","162","00:02:42","0.146462","WBNB","0","Pending Refund","executed","received","False","False","D767D83F295F0CD074BD334F94374085DB5F77473AB57A430BA8FBA6B72D426E","0xd767d83f295f0cd074bd334f94374085db5f77473ab57a430ba8fba6b72d426e-7094957","Axelar Network (GMP)","https://api.axelarscan.io (public GMP Explorer API)"
"binance : 0xB5FB4BE02232B1bBA4dC8f81dc24C26980dE9e3C","axelar : axelar1aqcj54lzz0rk22gvqgcn8fr5tx4rzwdv5wv5j9dmnacgefvd7wzsy2j2mr","binance","axelar","0xB5FB4BE02232B1bBA4dC8f81dc24C26980dE9e3C","axelar1aqcj54lzz0rk22gvqgcn8fr5tx4rzwdv5wv5j9dmnacgefvd7wzsy2j2mr","2026-08-31T02:02:13Z","2026-08-31T02:02:13Z","2026-08-31T02:02:28Z","15","00:00:15","0.1464626605677438","WBNB","99.73814259342217","Not Refunded","executed","received","False","True","0x7146258e6d4e68d4fc849c30a2a5d8b6d1da0320f25a77207087ce1d9f350b6e","0x7146258e6d4e68d4fc849c30a2a5d8b6d1da0320f25a77207087ce1d9f350b6e-6","Axelar Network (GMP)","https://api.axelarscan.io (public GMP Explorer API)"
"cosmoshub : cosmos1rzaqkxj00d4wz56p00a79w7qsqggp8dplmxgq3","Ethereum : 0xB773bCc5B325ad9AC6B36e1A046AD4466833A16E","cosmoshub","Ethereum","cosmos1rzaqkxj00d4wz56p00a79w7qsqggp8dplmxgq3","0xB773bCc5B325ad9AC6B36e1A046AD4466833A16E","2026-08-31T02:01:40Z","2026-08-31T02:01:40Z","2026-08-31T02:03:59Z","139","00:02:19","30874.189442","ATOM","45076.31658532","Pending Refund","executed","received","False","True","40229993DF7A247FB065F1426FE53D1B68F823AEEE7784E62980F845D3C0BA08","0x348601d8e7b162064d3593c4adce3a6bc066f14bf67c6dce9000d851cd8365f1-7094951","Axelar Network (GMP)","https://api.axelarscan.io (public GMP Explorer API)"
"axelar : axelar1aqcj54lzz0rk22gvqgcn8fr5tx4rzwdv5wv5j9dmnacgefvd7wzsy2j2mr","ethereum : 0xB5FB4BE02232B1bBA4dC8f81dc24C26980dE9e3C","axelar","ethereum","axelar1aqcj54lzz0rk22gvqgcn8fr5tx4rzwdv5wv5j9dmnacgefvd7wzsy2j2mr","0xB5FB4BE02232B1bBA4dC8f81dc24C26980dE9e3C","2026-08-31T02:01:22Z","2026-08-31T02:01:22Z","2026-08-31T02:02:23Z","61","00:01:01","50511.33714333542","ATH","0","Pending Refund","executed","received","False","False","8A1ED786DF915DE8D052A2E12EE314D3B8ADD831715B0803DE9D9405BD0B6231","0x8a1ed786df915de8d052a2e12ee314d3b8add831715b0803de9d9405bd0b6231-7094950","Axelar Network (GMP)","https://api.axelarscan.io (public GMP Explorer API)"
"polygon : 0xcbBA104B6CB4960a70E5dfc48E76C536A1f19609","optimism : 0xcbBA104B6CB4960a70E5dfc48E76C536A1f19609","polygon","optimism","0xcbBA104B6CB4960a70E5dfc48E76C536A1f19609","0xcbBA104B6CB4960a70E5dfc48E76C536A1f19609","2026-08-31T02:00:27Z","2026-08-31T02:00:27Z","2026-08-31T02:01:23Z","56","00:00:56",,,,"Not Refunded","executed","received","False","True","0xca48369353efdc90f946a85864a8349ff417e11c98701eab176ed4cf493e3c3f","0xca48369353efdc90f946a85864a8349ff417e11c98701eab176ed4cf493e3c3f-6","Axelar Network (GMP)","https://api.axelarscan.io (public GMP Explorer API)"
"polygon : 0xcbBA104B6CB4960a70E5dfc48E76C536A1f19609","Avalanche : 0xcbBA104B6CB4960a70E5dfc48E76C536A1f19609","polygon","Avalanche","0xcbBA104B6CB4960a70E5dfc48E76C536A1f19609","0xcbBA104B6CB4960a70E5dfc48E76C536A1f19609","2026-08-31T02:00:15Z","2026-08-31T02:00:15Z","2026-08-31T02:00:54Z","39","00:00:39",,,,"Not Refunded","executed","received","False","True","0x7104c52a3c8c576baffcef2ede8bab1d7ca78070df63667483f644663f270065","0x7104c52a3c8c576baffcef2ede8bab1d7ca78070df63667483f644663f270065-6","Axelar Network (GMP)","https://api.axelarscan.io (public GMP Explorer API)"
"osmosis : osmo1n6ney9tsf55etz9nrmzyd8wa7e64qd3s06a74fqs30ka8pps6cvqtsycr6","Polygon : 0xce16F69375520ab01377ce7B88f5BA8C48F8D666","osmosis","Polygon","osmo1n6ney9tsf55etz9nrmzyd8wa7e64qd3s06a74fqs30ka8pps6cvqtsycr6","0xce16F69375520ab01377ce7B88f5BA8C48F8D666","2026-08-31T01:51:43Z","2026-08-31T01:51:43Z","2026-08-31T01:52:22Z","39","00:00:39","4.628006","axlUSDC","4.627209982968","Pending Refund","executed","received","False","True","80ECC490034BE96AB5A38D049C2433FB35866C488DC983145C9FB82841C486B7","0x8d2ebb5acbc98feba58b659c216c5c893ede558a633f783edd1ec6ecce247370-7094944","Axelar Network (GMP)","https://api.axelarscan.io (public GMP Explorer API)"
"filecoin : 0xce16F69375520ab01377ce7B88f5BA8C48F8D666","Ethereum : 0xce16F69375520ab01377ce7B88f5BA8C48F8D666","filecoin","Ethereum","0xce16F69375520ab01377ce7B88f5BA8C48F8D666","0xce16F69375520ab01377ce7B88f5BA8C48F8D666","2026-08-31T01:51:30Z","2026-08-31T01:51:30Z","2026-08-31T02:10:47Z","1157","00:19:17","189.665677","axlUSDC","189.633054503556","Not Refunded","executed","received","False","True","0x3f457f4dc961484c2e14f8739f8a0f4ac0c4a9f65133bfe6471e2d368b754a92","0x3f457f4dc961484c2e14f8739f8a0f4ac0c4a9f65133bfe6471e2d368b754a92-4","Axelar Network (GMP)","https://api.axelarscan.io (public GMP Explorer API)"
"filecoin : 0xce16F69375520ab01377ce7B88f5BA8C48F8D666","Ethereum : 0xce16F69375520ab01377ce7B88f5BA8C48F8D666","filecoin","Ethereum","0xce16F69375520ab01377ce7B88f5BA8C48F8D666","0xce16F69375520ab01377ce7B88f5BA8C48F8D666","2026-08-31T01:49:00Z","2026-08-31T01:49:00Z","2026-08-31T02:07:35Z","1115","00:18:35","2.6769099253617594","axlETH","6480.718622003058","Not Refunded","executed","received","False","True","0xcda07b530fc92f2876fb20f35b878a31071659043722cb7d874165a2eb972cbc","0xcda07b530fc92f2876fb20f35b878a31071659043722cb7d874165a2eb972cbc-4","Axelar Network (GMP)","https://api.axelarscan.io (public GMP Explorer API)"
"arbitrum : 0xB5FB4BE02232B1bBA4dC8f81dc24C26980dE9e3C","axelar : axelar1aqcj54lzz0rk22gvqgcn8fr5tx4rzwdv5wv5j9dmnacgefvd7wzsy2j2mr","arbitrum","axelar","0xB5FB4BE02232B1bBA4dC8f81dc24C26980dE9e3C","axelar1aqcj54lzz0rk22gvqgcn8fr5tx4rzwdv5wv5j9dmnacgefvd7wzsy2j2mr","2026-08-31T01:44:11Z","2026-08-31T01:44:11Z","2026-08-31T02:01:22Z","1031","00:17:11","50511.33714333542","ATH","244.25868325076993","Not Refunded","executed","received","False","True","0xaef2bc6e2607b62642e86d981f2f628c7d4fe390c1afa3eb3e1f7fd4c00ec95c","0xaef2bc6e2607b62642e86d981f2f628c7d4fe390c1afa3eb3e1f7fd4c00ec95c-12","Axelar Network (GMP)","https://api.axelarscan.io (public GMP Explorer API)"
"immutable : 0x4f49B53928A71E553bB1B0F66a5BcB54Fd4E8932","Ethereum : 0x4f49B53928A71E553bB1B0F66a5BcB54Fd4E8932","immutable","Ethereum","0x4f49B53928A71E553bB1B0F66a5BcB54Fd4E8932","0x4f49B53928A71E553bB1B0F66a5BcB54Fd4E8932","2026-08-31T01:40:37Z","2026-08-31T01:40:37Z","2026-08-31T01:42:47Z","130","00:02:10",,,,"Not Refunded","executed","received","False","True","0x60016b01efe87ba4eb0a06c8b4ff710d5987b88edc41ab913e6af9d3774262de","0x60016b01efe87ba4eb0a06c8b4ff710d5987b88edc41ab913e6af9d3774262de-2","Axelar Network (GMP)","https://api.axelarscan.io (public GMP Explorer API)"
"ethereum : 0x4f49B53928A71E553bB1B0F66a5BcB54Fd4E8932","immutable : 0x4f49B53928A71E553bB1B0F66a5BcB54Fd4E8932","ethereum","immutable","0x4f49B53928A71E553bB1B0F66a5BcB54Fd4E8932","0x4f49B53928A71E553bB1B0F66a5BcB54Fd4E8932","2026-08-31T01:37:47Z","2026-08-31T01:37:47Z","2026-08-31T01:53:35Z","948","00:15:48",,,,"Not Refunded","executed","received","False","True","0xe94acd4ecd97b18d3fd7c4cbb24cb8d17458601bcb5a1fb0a55eef71965e4a3b","0xe94acd4ecd97b18d3fd7c4cbb24cb8d17458601bcb5a1fb0a55eef71965e4a3b-4","Axelar Network (GMP)","https://api.axelarscan.io (public GMP Explorer API)"
"ethereum : 0xB773bCc5B325ad9AC6B36e1A046AD4466833A16E","osmosis : osmo10a3k4hvk37cc4hnxctw4p95fhscd2z6h2rmx0aukc6rm8u9qqx9smfsh7u","ethereum","osmosis","0xB773bCc5B325ad9AC6B36e1A046AD4466833A16E","osmo10a3k4hvk37cc4hnxctw4p95fhscd2z6h2rmx0aukc6rm8u9qqx9smfsh7u","2026-08-31T01:35:23Z","2026-08-31T01:35:23Z","2026-08-31T01:53:07Z","1064","00:17:44","0.000401374524848984","WETH","0.9720929754770028","Not Refunded","executed","received","False","True","0x9820386594283eea2162613d909bc9e6dbe1ec2a6455ceb452feddf000843fe8","0x9820386594283eea2162613d909bc9e6dbe1ec2a6455ceb452feddf000843fe8-3","Axelar Network (GMP)","https://api.axelarscan.io (public GMP Explorer API)"
"axelar : axelar1aqcj54lzz0rk22gvqgcn8fr5tx4rzwdv5wv5j9dmnacgefvd7wzsy2j2mr","hedera : 0xB5FB4BE02232B1bBA4dC8f81dc24C26980dE9e3C","axelar","hedera","axelar1aqcj54lzz0rk22gvqgcn8fr5tx4rzwdv5wv5j9dmnacgefvd7wzsy2j2mr","0xB5FB4BE02232B1bBA4dC8f81dc24C26980dE9e3C","2026-08-31T01:33:52Z","2026-08-31T01:33:52Z","2026-08-31T01:36:43Z","171","00:02:51","0.145872","WBNB","0","Pending Refund","executed","received","False","False","7802561BCE1C474E68F49CDF3DD76FA057AC49E4464B1509DB19C97F052583D2","0x7802561bce1c474e68f49cdf3dd76fa057ac49e4464b1509db19c97f052583d2-7094896","Axelar Network (GMP)","https://api.axelarscan.io (public GMP Explorer API)"
"binance : 0xB5FB4BE02232B1bBA4dC8f81dc24C26980dE9e3C","axelar : axelar1aqcj54lzz0rk22gvqgcn8fr5tx4rzwdv5wv5j9dmnacgefvd7wzsy2j2mr","binance","axelar","0xB5FB4BE02232B1bBA4dC8f81dc24C26980dE9e3C","axelar1aqcj54lzz0rk22gvqgcn8fr5tx4rzwdv5wv5j9dmnacgefvd7wzsy2j2mr","2026-08-31T01:33:38Z","2026-08-31T01:33:38Z","2026-08-31T01:33:52Z","14","00:00:14","0.14587220619767718","WBNB","99.69781804786446","Not Refunded","executed","received","False","True","0x1a8599d646f68a1dcf8104dceb90801b458b5d10880c612a6194be90b172da18","0x1a8599d646f68a1dcf8104dceb90801b458b5d10880c612a6194be90b172da18-6","Axelar Network (GMP)","https://api.axelarscan.io (public GMP Explorer API)"
"celo : 0xce16F69375520ab01377ce7B88f5BA8C48F8D666","Ethereum : 0xce16F69375520ab01377ce7B88f5BA8C48F8D666","celo","Ethereum","0xce16F69375520ab01377ce7B88f5BA8C48F8D666","0xce16F69375520ab01377ce7B88f5BA8C48F8D666","2026-08-31T01:30:39Z","2026-08-31T01:30:39Z","2026-08-31T02:01:23Z","1844","00:30:44","751.617261","axlUSDC","751.497753855501","Not Refunded","executed","received","False","True","0x7d058aba4683b88bea5bfa44fc579f715712f0f170e7ffcb67453ce2086ece9f","0x7d058aba4683b88bea5bfa44fc579f715712f0f170e7ffcb67453ce2086ece9f-20","Axelar Network (GMP)","https://api.axelarscan.io (public GMP Explorer API)"
"ethereum : 0x4f49B53928A71E553bB1B0F66a5BcB54Fd4E8932","immutable : 0x4f49B53928A71E553bB1B0F66a5BcB54Fd4E8932","ethereum","immutable","0x4f49B53928A71E553bB1B0F66a5BcB54Fd4E8932","0x4f49B53928A71E553bB1B0F66a5BcB54Fd4E8932","2026-08-31T01:26:23Z","2026-08-31T01:26:23Z","2026-08-31T01:41:01Z","878","00:14:38",,,,"Not Refunded","executed","received","False","True","0xbe70a7b7493fb7e7c7d8f00ef5641b47610de59634c327f5dcfff9eb5ee4a4f5","0xbe70a7b7493fb7e7c7d8f00ef5641b47610de59634c327f5dcfff9eb5ee4a4f5-1","Axelar Network (GMP)","https://api.axelarscan.io (public GMP Explorer API)"
"ethereum : 0x4f49B53928A71E553bB1B0F66a5BcB54Fd4E8932","immutable : 0x4f49B53928A71E553bB1B0F66a5BcB54Fd4E8932","ethereum","immutable","0x4f49B53928A71E553bB1B0F66a5BcB54Fd4E8932","0x4f49B53928A71E553bB1B0F66a5BcB54Fd4E8932","2026-08-31T01:22:47Z","2026-08-31T01:22:47Z","2026-08-31T01:40:51Z","1084","00:18:04",,,,"Not Refunded","executed","received","False","True","0x1b98be75402ba881a3dc267ea0c109e30023fc7d807d91f0056e6d6cc2de693b","0x1b98be75402ba881a3dc267ea0c109e30023fc7d807d91f0056e6d6cc2de693b-1","Axelar Network (GMP)","https://api.axelarscan.io (public GMP Explorer API)"
"immutable : 0xce16F69375520ab01377ce7B88f5BA8C48F8D666","base : 0xce16F69375520ab01377ce7B88f5BA8C48F8D666","immutable","base","0xce16F69375520ab01377ce7B88f5BA8C48F8D666","0xce16F69375520ab01377ce7B88f5BA8C48F8D666","2026-08-31T01:22:45Z","2026-08-31T01:22:45Z","2026-08-31T01:23:29Z","44","00:00:44","0.984812","axlUSDC","0.984628824968","Not Refunded","executed","received","False","True","0xae1203eb8e4949782334c24baf87b7c31d3d38a10a41a5a5e89450327a3170ff","0xae1203eb8e4949782334c24baf87b7c31d3d38a10a41a5a5e89450327a3170ff-12","Axelar Network (GMP)","https://api.axelarscan.io (public GMP Explorer API)"
"osmosis : osmo1n6ney9tsf55etz9nrmzyd8wa7e64qd3s06a74fqs30ka8pps6cvqtsycr6","Ethereum : 0xce16F69375520ab01377ce7B88f5BA8C48F8D666","osmosis","Ethereum","osmo1n6ney9tsf55etz9nrmzyd8wa7e64qd3s06a74fqs30ka8pps6cvqtsycr6","0xce16F69375520ab01377ce7B88f5BA8C48F8D666","2026-08-31T01:22:40Z","2026-08-31T01:22:40Z","2026-08-31T01:24:23Z","103","00:01:43","156.74276","axlUSDC","156.71360584664","Not Refunded","executed","received","False","True","36F26303FB6C6923A5756129C52B318B9C620018961941C6DDB324B5D892D74A","0xd3a340efdd3e5273faa71e417a30f696eb39492fab9999bc1d6d61819c9f0d29-7094890","Axelar Network (GMP)","https://api.axelarscan.io (public GMP Explorer API)"
"arbitrum : 0xce16F69375520ab01377ce7B88f5BA8C48F8D666","base : 0xce16F69375520ab01377ce7B88f5BA8C48F8D666","arbitrum","base","0xce16F69375520ab01377ce7B88f5BA8C48F8D666","0xce16F69375520ab01377ce7B88f5BA8C48F8D666","2026-08-31T01:21:13Z","2026-08-31T01:21:13Z","2026-08-31T01:42:29Z","1276","00:21:16","2343.269316","LAVA","46.49472797959512","Not Refunded","executed","received","False","True","0x29408004e89df5c7c4346ea4f2ba73b6a647184fa28cad9f0e6370f09f0043f3","0x29408004e89df5c7c4346ea4f2ba73b6a647184fa28cad9f0e6370f09f0043f3-3","Axelar Network (GMP)","https://api.axelarscan.io (public GMP Explorer API)"
"axelar : axelar1aqcj54lzz0rk22gvqgcn8fr5tx4rzwdv5wv5j9dmnacgefvd7wzsy2j2mr","kava : 0xB5FB4BE02232B1bBA4dC8f81dc24C26980dE9e3C","axelar","kava","axelar1aqcj54lzz0rk22gvqgcn8fr5tx4rzwdv5wv5j9dmnacgefvd7wzsy2j2mr","0xB5FB4BE02232B1bBA4dC8f81dc24C26980dE9e3C","2026-08-31T01:18:53Z","2026-08-31T01:18:53Z","2026-08-31T01:19:35Z","42","00:00:42","99.985","XRP","0","Pending Refund","executed","received","False","False","588D387402600E28C68131B9C2577FAECC2402060CDF5BB5FB2022F63B58D6FD","0x588d387402600e28c68131b9c2577faecc2402060cdf5bb5fb2022f63b58d6fd-7094889","Axelar Network (GMP)","https://api.axelarscan.io (public GMP Explorer API)"
"binance : 0xB5FB4BE02232B1bBA4dC8f81dc24C26980dE9e3C","axelar : axelar1aqcj54lzz0rk22gvqgcn8fr5tx4rzwdv5wv5j9dmnacgefvd7wzsy2j2mr","binance","axelar","0xB5FB4BE02232B1bBA4dC8f81dc24C26980dE9e3C","axelar1aqcj54lzz0rk22gvqgcn8fr5tx4rzwdv5wv5j9dmnacgefvd7wzsy2j2mr","2026-08-31T01:18:36Z","2026-08-31T01:18:36Z","2026-08-31T01:18:53Z","17","00:00:17","99.985","XRP","134.97975","Not Refunded","executed","received","False","True","0xf4569b1a54670abe980fe2312ab85d4a360d4c491d307337cf5cd79a0cc27ff3","0xf4569b1a54670abe980fe2312ab85d4a360d4c491d307337cf5cd79a0cc27ff3-8","Axelar Network (GMP)","https://api.axelarscan.io (public GMP Explorer API)"
"osmosis : osmo1n6ney9tsf55etz9nrmzyd8wa7e64qd3s06a74fqs30ka8pps6cvqtsycr6","base : 0xce16F69375520ab01377ce7B88f5BA8C48F8D666","osmosis","base","osmo1n6ney9tsf55etz9nrmzyd8wa7e64qd3s06a74fqs30ka8pps6cvqtsycr6","0xce16F69375520ab01377ce7B88f5BA8C48F8D666","2026-08-31T01:09:32Z","2026-08-31T01:09:32Z","2026-08-31T01:10:33Z","61","00:01:01","5.763911","axlUSDC","5.762735162156","Pending Refund","executed","received","False","True","4FF7471BD7F93C2ED5AFB303962403FC898876F8BDEE75C044FFDA5EDC39773D","0x0606558986f7f212f272143b72cca71c1d3c5014d6c676e4d7bda5091e31184f-7094883","Axelar Network (GMP)","https://api.axelarscan.io (public GMP Explorer API)"
"avalanche : 0xce16F69375520ab01377ce7B88f5BA8C48F8D666","Ethereum : 0xce16F69375520ab01377ce7B88f5BA8C48F8D666","avalanche","Ethereum","0xce16F69375520ab01377ce7B88f5BA8C48F8D666","0xce16F69375520ab01377ce7B88f5BA8C48F8D666","2026-08-31T01:06:30Z","2026-08-31T01:06:30Z","2026-08-31T01:09:11Z","161","00:02:41","7.258769","axlUSDC","7.257288211124","Not Refunded","executed","received","False","True","0xaf4d6f2664f9970b65c23a9b05da6b4120ed8d081ef0027ede54178d812536ec","0xaf4d6f2664f9970b65c23a9b05da6b4120ed8d081ef0027ede54178d812536ec-78","Axelar Network (GMP)","https://api.axelarscan.io (public GMP Explorer API)"
"polygon : 0xce16F69375520ab01377ce7B88f5BA8C48F8D666","binance : 0xce16F69375520ab01377ce7B88f5BA8C48F8D666","polygon","binance","0xce16F69375520ab01377ce7B88f5BA8C48F8D666","0xce16F69375520ab01377ce7B88f5BA8C48F8D666","2026-08-31T01:05:16Z","2026-08-31T01:05:16Z","2026-08-31T01:05:53Z","37","00:00:37","0.006008","axlUSDC","0.0060068284400000005","Not Refunded","executed","received","False","True","0x880e9fe93c5b862826d47d677af76ecfb8317653160c5523a05835a0ec372aee","0x880e9fe93c5b862826d47d677af76ecfb8317653160c5523a05835a0ec372aee-10","Axelar Network (GMP)","https://api.axelarscan.io (public GMP Explorer API)"
"base : 0xce16F69375520ab01377ce7B88f5BA8C48F8D666","mantle : 0xce16F69375520ab01377ce7B88f5BA8C48F8D666","base","mantle","0xce16F69375520ab01377ce7B88f5BA8C48F8D666","0xce16F69375520ab01377ce7B88f5BA8C48F8D666","2026-08-31T01:02:17Z","2026-08-31T01:02:17Z","2026-08-31T01:28:26Z","1569","00:26:09","3.632519","axlUSDC","3.631810658795","Not Refunded","executed","received","False","True","0xa1351ae6566f830e822270dbb85edb055978b6377c12f1021b39db49b6b77c27","0xa1351ae6566f830e822270dbb85edb055978b6377c12f1021b39db49b6b77c27-16","Axelar Network (GMP)","https://api.axelarscan.io (public GMP Explorer API)"
"arbitrum : 0xcbBA104B6CB4960a70E5dfc48E76C536A1f19609","binance : 0xcbBA104B6CB4960a70E5dfc48E76C536A1f19609","arbitrum","binance","0xcbBA104B6CB4960a70E5dfc48E76C536A1f19609","0xcbBA104B6CB4960a70E5dfc48E76C536A1f19609","2026-08-31T01:02:02Z","2026-08-31T01:02:02Z","2026-08-31T01:22:47Z","1245","00:20:45",,,,"Not Refunded","executed","received","False","True","0xe79a4ef5a715f2a988a2bbd6902e7305f21e1f05af450427158d291011e394d2","0xe79a4ef5a715f2a988a2bbd6902e7305f21e1f05af450427158d291011e394d2-4","Axelar Network (GMP)","https://api.axelarscan.io (public GMP Explorer API)"
"avalanche : 0xcbBA104B6CB4960a70E5dfc48E76C536A1f19609","optimism : 0xcbBA104B6CB4960a70E5dfc48E76C536A1f19609","avalanche","optimism","0xcbBA104B6CB4960a70E5dfc48E76C536A1f19609","0xcbBA104B6CB4960a70E5dfc48E76C536A1f19609","2026-08-31T01:00:30Z","2026-08-31T01:00:30Z","2026-08-31T01:01:23Z","53","00:00:53",,,,"Not Refunded","executed","received","False","True","0x34233bc8c51571d3c7e58801b9ede14fb8d5fed0e6d57e1e39842a62d8a1bdd5","0x34233bc8c51571d3c7e58801b9ede14fb8d5fed0e6d57e1e39842a62d8a1bdd5-4","Axelar Network (GMP)","https://api.axelarscan.io (public GMP Explorer API)"
"avalanche : 0xcbBA104B6CB4960a70E5dfc48E76C536A1f19609","arbitrum : 0xcbBA104B6CB4960a70E5dfc48E76C536A1f19609","avalanche","arbitrum","0xcbBA104B6CB4960a70E5dfc48E76C536A1f19609","0xcbBA104B6CB4960a70E5dfc48E76C536A1f19609","2026-08-31T01:00:12Z","2026-08-31T01:00:12Z","2026-08-31T01:01:19Z","67","00:01:07",,,,"Not Refunded","executed","received","False","True","0x862cf1d35eb530204aebcccb77622a06cd8370e0c3b437f74289123929c6251d","0x862cf1d35eb530204aebcccb77622a06cd8370e0c3b437f74289123929c6251d-4","Axelar Network (GMP)","https://api.axelarscan.io (public GMP Explorer API)"
"osmosis : osmo1n6ney9tsf55etz9nrmzyd8wa7e64qd3s06a74fqs30ka8pps6cvqtsycr6","Ethereum : 0xce16F69375520ab01377ce7B88f5BA8C48F8D666","osmosis","Ethereum","osmo1n6ney9tsf55etz9nrmzyd8wa7e64qd3s06a74fqs30ka8pps6cvqtsycr6","0xce16F69375520ab01377ce7B88f5BA8C48F8D666","2026-08-31T00:58:20Z","2026-08-31T00:58:20Z","2026-08-31T00:59:47Z","87","00:01:27","14.17287","axlUSDC","14.17007794461","Pending Refund","executed","received","False","True","38016D97DF2A354B62176AE7C3C19CA00A5D73D33E8F46F7C0E0FB736E39C60D","0x0059f1fc3448abc333aa6a9b1c5ae1f349a8dd09977ef336e5f7b10398156307-7094882","Axelar Network (GMP)","https://api.axelarscan.io (public GMP Explorer API)"
"ethereum : 0xB773bCc5B325ad9AC6B36e1A046AD4466833A16E","Base : 0x569594F181ac9AbdE3eBf89954F3D3Af40d63600","ethereum","Base","0xB773bCc5B325ad9AC6B36e1A046AD4466833A16E","0x569594F181ac9AbdE3eBf89954F3D3Af40d63600","2026-08-31T00:49:35Z","2026-08-31T00:49:35Z","2026-08-31T01:08:59Z","1164","00:19:24","4.75402","USDC","4.753140506299999","Not Refunded","executed","received","False","True","0x67d3e1909d29c4e1babc285847aabbc7e5649043568a89092f2150003dc23db9","0x67d3e1909d29c4e1babc285847aabbc7e5649043568a89092f2150003dc23db9-11","Axelar Network (GMP)","https://api.axelarscan.io (public GMP Explorer API)"
"avalanche : 0x77Accd23cC3Ccc5E36a543CEdcD03764BF6AD401","base : 0x77Accd23cC3Ccc5E36a543CEdcD03764BF6AD401","avalanche","base","0x77Accd23cC3Ccc5E36a543CEdcD03764BF6AD401","0x77Accd23cC3Ccc5E36a543CEdcD03764BF6AD401","2026-08-31T00:46:45Z","2026-08-31T00:46:45Z","2026-08-31T00:47:29Z","44","00:00:44","0.00001","axlUSDC","0.00000999815","Not Refunded","executed","received","False","True","0x6e911796a19355bc28e6204bc322cb9334462e5a83a65fcf7207a5e60aa62617","0x6e911796a19355bc28e6204bc322cb9334462e5a83a65fcf7207a5e60aa62617-5","Axelar Network (GMP)","https://api.axelarscan.io (public GMP Explorer API)"
"ethereum : 0xB773bCc5B325ad9AC6B36e1A046AD4466833A16E","osmosis : osmo10a3k4hvk37cc4hnxctw4p95fhscd2z6h2rmx0aukc6rm8u9qqx9smfsh7u","ethereum","osmosis","0xB773bCc5B325ad9AC6B36e1A046AD4466833A16E","osmo10a3k4hvk37cc4hnxctw4p95fhscd2z6h2rmx0aukc6rm8u9qqx9smfsh7u","2026-08-31T00:43:47Z","2026-08-31T00:43:47Z","2026-08-31T01:01:51Z","1084","00:18:04","0.000007","WETH","0.0170317","Not Refunded","executed","received","False","True","0x36d99657d06257b5e418b2b0508880afcafc3a95cf268ffae398de2f0afd5ed9","0x36d99657d06257b5e418b2b0508880afcafc3a95cf268ffae398de2f0afd5ed9-3","Axelar Network (GMP)","https://api.axelarscan.io (public GMP Explorer API)"
"base : 0xce16F69375520ab01377ce7B88f5BA8C48F8D666","celo : 0xce16F69375520ab01377ce7B88f5BA8C48F8D666","base","celo","0xce16F69375520ab01377ce7B88f5BA8C48F8D666","0xce16F69375520ab01377ce7B88f5BA8C48F8D666","2026-08-31T00:37:11Z","2026-08-31T00:37:11Z","2026-08-31T01:02:53Z","1542","00:25:42","0.24155","axlUSDC","0.24151328439999997","Not Refunded","executed","received","False","True","0x4728e70c76d702c6cc746d885edd7672659e54e86700316a28994960b8d474f6","0x4728e70c76d702c6cc746d885edd7672659e54e86700316a28994960b8d474f6-11","Axelar Network (GMP)","https://api.axelarscan.io (public GMP Explorer API)"
"osmosis : osmo173adwu8q6xfww53rhwtlxhjyafav74k6qsu9a7","binance : 0x43d090025aAA6C8693B71952B910AC55CcB56bBb","osmosis","binance","osmo173adwu8q6xfww53rhwtlxhjyafav74k6qsu9a7","0x43d090025aAA6C8693B71952B910AC55CcB56bBb","2026-08-31T00:35:29Z","2026-08-31T00:35:29Z","2026-08-31T00:35:53Z","24","00:00:24","5105.641678","AXL","209.65475119830128","Pending Refund","executed","received","False","True","84A1FFB266B1ABE4E8ED951EE1741838B6815511EF78CF2B545142C1F6A8569A","0x488ac02187bc3a52eb742eee4775c0a7f43f1d636a405687a402f0fe3a8c5a7d-7094881","Axelar Network (GMP)","https://api.axelarscan.io (public GMP Explorer API)"
"osmosis : osmo173adwu8q6xfww53rhwtlxhjyafav74k6qsu9a7","binance : 0x43d090025aAA6C8693B71952B910AC55CcB56bBb","osmosis","binance","osmo173adwu8q6xfww53rhwtlxhjyafav74k6qsu9a7","0x43d090025aAA6C8693B71952B910AC55CcB56bBb","2026-08-31T00:32:29Z","2026-08-31T00:32:29Z","2026-08-31T00:32:57Z","28","00:00:28","5120.720603","AXL","210.27394237320004","Pending Refund","executed","received","False","True","B5615D5B6E9CD45A2FDA9779FD96082A88E88E11D8CFFE316B4D9D8398C24F1A","0x4dbdca5e5b09dde7d39ea2e9059d1cfa4e756c3cb094ed2747f32784722f9b98-7094880","Axelar Network (GMP)","https://api.axelarscan.io (public GMP Explorer API)"
"ethereum : 0x4f49B53928A71E553bB1B0F66a5BcB54Fd4E8932","immutable : 0x4f49B53928A71E553bB1B0F66a5BcB54Fd4E8932","ethereum","immutable","0x4f49B53928A71E553bB1B0F66a5BcB54Fd4E8932","0x4f49B53928A71E553bB1B0F66a5BcB54Fd4E8932","2026-08-31T00:30:59Z","2026-08-31T00:30:59Z","2026-08-31T00:49:35Z","1116","00:18:36",,,,"Not Refunded","executed","received","False","True","0x4034ff152db08388de396041e1d2af8649c81ee953ff7b988d439e1140b2107a","0x4034ff152db08388de396041e1d2af8649c81ee953ff7b988d439e1140b2107a-1","Axelar Network (GMP)","https://api.axelarscan.io (public GMP Explorer API)"
"osmosis : osmo173adwu8q6xfww53rhwtlxhjyafav74k6qsu9a7","binance : 0x43d090025aAA6C8693B71952B910AC55CcB56bBb","osmosis","binance","osmo173adwu8q6xfww53rhwtlxhjyafav74k6qsu9a7","0x43d090025aAA6C8693B71952B910AC55CcB56bBb","2026-08-31T00:30:25Z","2026-08-31T00:30:25Z","2026-08-31T00:30:58Z","33","00:00:33","5113.783212","AXL","209.04654847467648","Pending Refund","executed","received","False","True","8710E5C58D6ED4413FEA1CE62D0520BFD2D23A6E08BFB6978E660311DBA0B898","0xbb8a4aa6f0f5eecd278d732402127c8d9d4cdc1f4d616c0036ef728f1c6aff91-7094879","Axelar Network (GMP)","https://api.axelarscan.io (public GMP Explorer API)"
"ethereum : 0x4f49B53928A71E553bB1B0F66a5BcB54Fd4E8932","immutable : 0x4f49B53928A71E553bB1B0F66a5BcB54Fd4E8932","ethereum","immutable","0x4f49B53928A71E553bB1B0F66a5BcB54Fd4E8932","0x4f49B53928A71E553bB1B0F66a5BcB54Fd4E8932","2026-08-31T00:19:47Z","2026-08-31T00:19:47Z","2026-08-31T00:37:01Z","1034","00:17:14",,,,"Not Refunded","executed","received","False","True","0xc01d458e8541bea8c17ff2468cb08971fa1fb3cb096dbbdee8d8cd3b93c86fb8","0xc01d458e8541bea8c17ff2468cb08971fa1fb3cb096dbbdee8d8cd3b93c86fb8-1","Axelar Network (GMP)","https://api.axelarscan.io (public GMP Explorer API)"
"base : 0xce16F69375520ab01377ce7B88f5BA8C48F8D666","osmosis : osmo1n6ney9tsf55etz9nrmzyd8wa7e64qd3s06a74fqs30ka8pps6cvqtsycr6","base","osmosis","0xce16F69375520ab01377ce7B88f5BA8C48F8D666","osmo1n6ney9tsf55etz9nrmzyd8wa7e64qd3s06a74fqs30ka8pps6cvqtsycr6","2026-08-31T00:19:35Z","2026-08-31T00:19:35Z","2026-08-31T00:44:01Z","1466","00:24:26","9.352258","axlUSDC","9.351201194846","Not Refunded","executed","received","False","True","0xe9f5f8a0f738af395acc5f2b6bc30daa71bf5d38563b53b08d16b41b401e1cb5","0xe9f5f8a0f738af395acc5f2b6bc30daa71bf5d38563b53b08d16b41b401e1cb5-13","Axelar Network (GMP)","https://api.axelarscan.io (public GMP Explorer API)"
"binance : 0xce16F69375520ab01377ce7B88f5BA8C48F8D666","osmosis : osmo1n6ney9tsf55etz9nrmzyd8wa7e64qd3s06a74fqs30ka8pps6cvqtsycr6","binance","osmosis","0xce16F69375520ab01377ce7B88f5BA8C48F8D666","osmo1n6ney9tsf55etz9nrmzyd8wa7e64qd3s06a74fqs30ka8pps6cvqtsycr6","2026-08-31T00:17:48Z","2026-08-31T00:17:48Z","2026-08-31T00:18:02Z","14","00:00:14","1.409417","axlUSDC","1.409257735879","Not Refunded","executed","received","False","True","0xd9111e0a8fffeaa7acdc5e44d26a7e96e2354b64fa25bc0deaa67172989aa16a","0xd9111e0a8fffeaa7acdc5e44d26a7e96e2354b64fa25bc0deaa67172989aa16a-14","Axelar Network (GMP)","https://api.axelarscan.io (public GMP Explorer API)"
"mantle : 0xce16F69375520ab01377ce7B88f5BA8C48F8D666","base : 0xce16F69375520ab01377ce7B88f5BA8C48F8D666","mantle","base","0xce16F69375520ab01377ce7B88f5BA8C48F8D666","0xce16F69375520ab01377ce7B88f5BA8C48F8D666","2026-08-31T00:15:38Z","2026-08-31T00:15:38Z","2026-08-31T01:07:29Z","3111","00:51:51","56.830823","axlUSDC","56.824401117001","Not Refunded","executed","received","False","True","0xc913fa8433cdfdd6bf3fdaa4c4264445588bc89fc6b75458b450549e5b75a249","0xc913fa8433cdfdd6bf3fdaa4c4264445588bc89fc6b75458b450549e5b75a249-13","Axelar Network (GMP)","https://api.axelarscan.io (public GMP Explorer API)"
"axelar : axelar1aqcj54lzz0rk22gvqgcn8fr5tx4rzwdv5wv5j9dmnacgefvd7wzsy2j2mr","avalanche : 0xB5FB4BE02232B1bBA4dC8f81dc24C26980dE9e3C","axelar","avalanche","axelar1aqcj54lzz0rk22gvqgcn8fr5tx4rzwdv5wv5j9dmnacgefvd7wzsy2j2mr","0xB5FB4BE02232B1bBA4dC8f81dc24C26980dE9e3C","2026-08-31T00:14:13Z","2026-08-31T00:14:13Z","2026-08-31T00:14:35Z","22","00:00:22","39173097040810840000","TIGEROG",,"Not Refunded","executed","received","False","False","A4AC6E3EEA87593A8EFDDF4B18DE0FD0A6686279CA804DFB1E2EAEE507A940F6","0xa4ac6e3eea87593a8efddf4b18de0fd0a6686279ca804dfb1e2eaee507a940f6-7094826","Axelar Network (GMP)","https://api.axelarscan.io (public GMP Explorer API)"
"axelar : axelar1aqcj54lzz0rk22gvqgcn8fr5tx4rzwdv5wv5j9dmnacgefvd7wzsy2j2mr","base : 0xB5FB4BE02232B1bBA4dC8f81dc24C26980dE9e3C","axelar","base","axelar1aqcj54lzz0rk22gvqgcn8fr5tx4rzwdv5wv5j9dmnacgefvd7wzsy2j2mr","0xB5FB4BE02232B1bBA4dC8f81dc24C26980dE9e3C","2026-08-31T00:14:11Z","2026-08-31T00:14:11Z","2026-08-31T00:14:59Z","48","00:00:48","82823902079130810000","TIGEROG",,"Pending Refund","executed","received","False","False","1B8FA94064D7B8E91650F6DBF07937BF9057257F3F4A461120FDB25551387C59","0x1b8fa94064d7b8e91650f6dbf07937bf9057257f3f4a461120fdb25551387c59-7094823","Axelar Network (GMP)","https://api.axelarscan.io (public GMP Explorer API)"
"binance : 0xB5FB4BE02232B1bBA4dC8f81dc24C26980dE9e3C","axelar : axelar1aqcj54lzz0rk22gvqgcn8fr5tx4rzwdv5wv5j9dmnacgefvd7wzsy2j2mr","binance","axelar","0xB5FB4BE02232B1bBA4dC8f81dc24C26980dE9e3C","axelar1aqcj54lzz0rk22gvqgcn8fr5tx4rzwdv5wv5j9dmnacgefvd7wzsy2j2mr","2026-08-31T00:13:54Z","2026-08-31T00:13:54Z","2026-08-31T00:14:13Z","19","00:00:19","39173097040810840000","TIGEROG",,"Not Refunded","executed","received","False","True","0x2efe221ceb9e09e2b8599dd40e65526b7cdff368ba077ef27cde67b623d6446b","0x2efe221ceb9e09e2b8599dd40e65526b7cdff368ba077ef27cde67b623d6446b-54","Axelar Network (GMP)","https://api.axelarscan.io (public GMP Explorer API)"
"binance : 0xB5FB4BE02232B1bBA4dC8f81dc24C26980dE9e3C","axelar : axelar1aqcj54lzz0rk22gvqgcn8fr5tx4rzwdv5wv5j9dmnacgefvd7wzsy2j2mr","binance","axelar","0xB5FB4BE02232B1bBA4dC8f81dc24C26980dE9e3C","axelar1aqcj54lzz0rk22gvqgcn8fr5tx4rzwdv5wv5j9dmnacgefvd7wzsy2j2mr","2026-08-31T00:13:54Z","2026-08-31T00:13:54Z","2026-08-31T00:14:11Z","17","00:00:17","82823902079130810000","TIGEROG",,"Not Refunded","executed","received","False","True","0xc651239843feb8b015a27e9a5eb602fe0808cf3a5e596eb0a93db05a83c8a0ad","0xc651239843feb8b015a27e9a5eb602fe0808cf3a5e596eb0a93db05a83c8a0ad-8","Axelar Network (GMP)","https://api.axelarscan.io (public GMP Explorer API)"
"osmosis : osmo1n6ney9tsf55etz9nrmzyd8wa7e64qd3s06a74fqs30ka8pps6cvqtsycr6","base : 0xce16F69375520ab01377ce7B88f5BA8C48F8D666","osmosis","base","osmo1n6ney9tsf55etz9nrmzyd8wa7e64qd3s06a74fqs30ka8pps6cvqtsycr6","0xce16F69375520ab01377ce7B88f5BA8C48F8D666","2026-08-31T00:09:51Z","2026-08-31T00:09:51Z","2026-08-31T00:10:29Z","38","00:00:38","42.785978","axlUSDC","42.78041582286","Pending Refund","executed","received","False","True","861030F49630AC34A1E9E33263C3303A1BB710CF053B894F98B37FDBABC692DC","0x1fd810537299250a816584948d2227f1586b07a4a9c58bd534686b90e572123b-7094814","Axelar Network (GMP)","https://api.axelarscan.io (public GMP Explorer API)"
"base : 0xce16F69375520ab01377ce7B88f5BA8C48F8D666","osmosis : osmo1n6ney9tsf55etz9nrmzyd8wa7e64qd3s06a74fqs30ka8pps6cvqtsycr6","base","osmosis","0xce16F69375520ab01377ce7B88f5BA8C48F8D666","osmo1n6ney9tsf55etz9nrmzyd8wa7e64qd3s06a74fqs30ka8pps6cvqtsycr6","2026-08-31T00:07:43Z","2026-08-31T00:07:43Z","2026-08-31T00:31:54Z","1451","00:24:11","3.247931","axlUSDC","3.24750876897","Not Refunded","executed","received","False","True","0x5ca729907001eb3302dfebab84d5f575e60783b7abc555ac8f6525af6e13eece","0x5ca729907001eb3302dfebab84d5f575e60783b7abc555ac8f6525af6e13eece-7","Axelar Network (GMP)","https://api.axelarscan.io (public GMP Explorer API)"
"ethereum : 0x50beAbe4883981624aEa01F737B040d1e3Fe83FB","monad : 0x50beAbe4883981624aEa01F737B040d1e3Fe83FB","ethereum","monad","0x50beAbe4883981624aEa01F737B040d1e3Fe83FB","0x50beAbe4883981624aEa01F737B040d1e3Fe83FB","2026-08-31T00:04:35Z","2026-08-31T00:04:35Z","2026-08-31T00:23:34Z","1139","00:18:59",,,,"Not Refunded","executed","received","False","True","0xaf42c03ad198ff57754ddb4fe28eba26fe7d36caf7c7a4dd8bab10440a904e1c","0xaf42c03ad198ff57754ddb4fe28eba26fe7d36caf7c7a4dd8bab10440a904e1c-6","Axelar Network (GMP)","https://api.axelarscan.io (public GMP Explorer API)"
"base : 0xce16F69375520ab01377ce7B88f5BA8C48F8D666","Ethereum : 0xce16F69375520ab01377ce7B88f5BA8C48F8D666","base","Ethereum","0xce16F69375520ab01377ce7B88f5BA8C48F8D666","0xce16F69375520ab01377ce7B88f5BA8C48F8D666","2026-08-31T00:04:25Z","2026-08-31T00:04:25Z","2026-08-31T00:32:23Z","1678","00:27:58","46.82324","axlUSDC","46.81794897388","Not Refunded","executed","received","False","True","0xbf798fd6bd2f63b79d87b5ea621eb9298c929022c1c49528cccb5d9463fb887a","0xbf798fd6bd2f63b79d87b5ea621eb9298c929022c1c49528cccb5d9463fb887a-22","Axelar Network (GMP)","https://api.axelarscan.io (public GMP Explorer API)"
"celo : 0xce16F69375520ab01377ce7B88f5BA8C48F8D666","base : 0xce16F69375520ab01377ce7B88f5BA8C48F8D666","celo","base","0xce16F69375520ab01377ce7B88f5BA8C48F8D666","0xce16F69375520ab01377ce7B88f5BA8C48F8D666","2026-08-31T00:04:23Z","2026-08-31T00:04:23Z","2026-08-31T00:31:29Z","1626","00:27:06","0.071121","axlUSDC","0.071112963327","Not Refunded","executed","received","False","True","0xc48e702fa47f0f5f8012563e013d8acf7c2dcf4308296ffc6675f299dac83b11","0xc48e702fa47f0f5f8012563e013d8acf7c2dcf4308296ffc6675f299dac83b11-18","Axelar Network (GMP)","https://api.axelarscan.io (public GMP Explorer API)"
"avalanche : 0xce16F69375520ab01377ce7B88f5BA8C48F8D666","Ethereum : 0xce16F69375520ab01377ce7B88f5BA8C48F8D666","avalanche","Ethereum","0xce16F69375520ab01377ce7B88f5BA8C48F8D666","0xce16F69375520ab01377ce7B88f5BA8C48F8D666","2026-08-31T00:02:46Z","2026-08-31T00:02:46Z","2026-08-31T00:04:35Z","109","00:01:49","173.160107","axlUSDC","173.14053990790902","Not Refunded","executed","received","False","True","0xff2c9152a9f4dcd203df5ee959a6bdc43af11c684a5caddbcfdc20f22f698393","0xff2c9152a9f4dcd203df5ee959a6bdc43af11c684a5caddbcfdc20f22f698393-21","Axelar Network (GMP)","https://api.axelarscan.io (public GMP Explorer API)"
"axelar : axelar1aqcj54lzz0rk22gvqgcn8fr5tx4rzwdv5wv5j9dmnacgefvd7wzsy2j2mr","xrpl : rfmS3zqrQrka8wVyhXifEeyTwe8AMz2Yhw","axelar","xrpl","axelar1aqcj54lzz0rk22gvqgcn8fr5tx4rzwdv5wv5j9dmnacgefvd7wzsy2j2mr","rfmS3zqrQrka8wVyhXifEeyTwe8AMz2Yhw","2026-08-31T00:02:03Z","2026-08-31T00:02:03Z","2026-08-31T00:02:33Z","30","00:00:30","2057.01","SOIL","0","Pending Refund","executed","received","False","False","633EEDD9911F35BCEF72442301EBFA72E601FC307FC99A971406DE97B0FEC7F6","0x633eedd9911f35bcef72442301ebfa72e601fc307fc99a971406de97b0fec7f6-7094684","Axelar Network (GMP)","https://api.axelarscan.io (public GMP Explorer API)"
"polygon : 0xB5FB4BE02232B1bBA4dC8f81dc24C26980dE9e3C","axelar : axelar1aqcj54lzz0rk22gvqgcn8fr5tx4rzwdv5wv5j9dmnacgefvd7wzsy2j2mr","polygon","axelar","0xB5FB4BE02232B1bBA4dC8f81dc24C26980dE9e3C","axelar1aqcj54lzz0rk22gvqgcn8fr5tx4rzwdv5wv5j9dmnacgefvd7wzsy2j2mr","2026-08-31T00:01:45Z","2026-08-31T00:01:45Z","2026-08-31T00:02:03Z","18","00:00:18","2057.01","SOIL","197.60460864","Not Refunded","executed","received","False","True","0x9ee324d9c03b1c348b2a2983357cdfe641475aad661de3ade64eac207d0c1363","0x9ee324d9c03b1c348b2a2983357cdfe641475aad661de3ade64eac207d0c1363-10","Axelar Network (GMP)","https://api.axelarscan.io (public GMP Explorer API)"
"binance : 0x43d090025aAA6C8693B71952B910AC55CcB56bBb","osmosis : osmo173adwu8q6xfww53rhwtlxhjyafav74k6qsu9a7","binance","osmosis","0x43d090025aAA6C8693B71952B910AC55CcB56bBb","osmo173adwu8q6xfww53rhwtlxhjyafav74k6qsu9a7","2026-08-31T00:00:47Z","2026-08-31T00:00:47Z","2026-08-31T00:01:00Z","13","00:00:13","5153.29","AXL","205.1237195418","Not Refunded","executed","received","False","True","0xae1cd250690bdc05743db5cc5c245fbab44e263211fe0af6439bb2caba396e32","0xae1cd250690bdc05743db5cc5c245fbab44e263211fe0af6439bb2caba396e32-3","Axelar Network (GMP)","https://api.axelarscan.io (public GMP Explorer API)"
"ethereum : 0x4f49B53928A71E553bB1B0F66a5BcB54Fd4E8932","immutable : 0x4f49B53928A71E553bB1B0F66a5BcB54Fd4E8932","ethereum","immutable","0x4f49B53928A71E553bB1B0F66a5BcB54Fd4E8932","0x4f49B53928A71E553bB1B0F66a5BcB54Fd4E8932","2026-08-30T23:58:59Z","2026-08-30T23:58:59Z","2026-08-31T00:17:31Z","1112","00:18:32",,,,"Not Refunded","executed","received","False","True","0x2d3581825d0b606d148dc5dbeeaa23dab3e5a83da36719b7d347abfbdfd22111","0x2d3581825d0b606d148dc5dbeeaa23dab3e5a83da36719b7d347abfbdfd22111-1","Axelar Network (GMP)","https://api.axelarscan.io (public GMP Explorer API)"
"base : 0xce16F69375520ab01377ce7B88f5BA8C48F8D666","Arbitrum : 0xce16F69375520ab01377ce7B88f5BA8C48F8D666","base","Arbitrum","0xce16F69375520ab01377ce7B88f5BA8C48F8D666","0xce16F69375520ab01377ce7B88f5BA8C48F8D666","2026-08-30T23:56:19Z","2026-08-30T23:56:19Z","2026-08-31T00:19:19Z","1380","00:23:00","595.093311","axlUSDC","594.995715696996","Not Refunded","executed","received","False","True","0x010ade3ca7534021eb4e08c2eb8bc7369874a7a0b57d2657ff53e257f0fa67a7","0x010ade3ca7534021eb4e08c2eb8bc7369874a7a0b57d2657ff53e257f0fa67a7-7","Axelar Network (GMP)","https://api.axelarscan.io (public GMP Explorer API)"
"axelar : axelar1aqcj54lzz0rk22gvqgcn8fr5tx4rzwdv5wv5j9dmnacgefvd7wzsy2j2mr","solana : itsAUdHnV2K99ppbM6d6WUDac8MD54RAE7dUKHnw1Eg","axelar","solana","axelar1aqcj54lzz0rk22gvqgcn8fr5tx4rzwdv5wv5j9dmnacgefvd7wzsy2j2mr","itsAUdHnV2K99ppbM6d6WUDac8MD54RAE7dUKHnw1Eg","2026-08-30T23:52:56Z","2026-08-30T23:52:56Z","2026-08-30T23:53:18Z","22","00:00:22","147996.57","SHX","0","Pending Refund","executed","received","False","False","07258C55714F02EB7FD89F76F7870182C6A94BC8BC581650263F34FF2E96A769","0x07258c55714f02eb7fd89f76f7870182c6a94bc8bc581650263f34ff2e96a769-7094617","Axelar Network (GMP)","https://api.axelarscan.io (public GMP Explorer API)"
"stellar : CBDBMIOFHGWUFRYH3D3STI2DHBOWGDDBCRKQEUB4RGQEBVG74SEED6C6","axelar : axelar1aqcj54lzz0rk22gvqgcn8fr5tx4rzwdv5wv5j9dmnacgefvd7wzsy2j2mr","stellar","axelar","CBDBMIOFHGWUFRYH3D3STI2DHBOWGDDBCRKQEUB4RGQEBVG74SEED6C6","axelar1aqcj54lzz0rk22gvqgcn8fr5tx4rzwdv5wv5j9dmnacgefvd7wzsy2j2mr","2026-08-30T23:52:38Z","2026-08-30T23:52:38Z","2026-08-30T23:52:56Z","18","00:00:18","147996.57","SHX","501.9570065376001","Not Refunded","executed","received","False","True","005d056b95e20652e94b822affc95a8702cc1eb5e1c86bda2a7afc45374162f6","0x005d056b95e20652e94b822affc95a8702cc1eb5e1c86bda2a7afc45374162f6-4","Axelar Network (GMP)","https://api.axelarscan.io (public GMP Explorer API)"
"ethereum : 0x4f49B53928A71E553bB1B0F66a5BcB54Fd4E8932","immutable : 0x4f49B53928A71E553bB1B0F66a5BcB54Fd4E8932","ethereum","immutable","0x4f49B53928A71E553bB1B0F66a5BcB54Fd4E8932","0x4f49B53928A71E553bB1B0F66a5BcB54Fd4E8932","2026-08-30T23:51:11Z","2026-08-30T23:51:11Z","2026-08-31T00:10:59Z","1188","00:19:48",,,,"Not Refunded","executed","received","False","True","0xa53d073ddac53faf9cdf7fc0cdc6c3eac097545ee31a3edd77379352569b29d3","0xa53d073ddac53faf9cdf7fc0cdc6c3eac097545ee31a3edd77379352569b29d3-1","Axelar Network (GMP)","https://api.axelarscan.io (public GMP Explorer API)"
"ethereum : 0xce16F69375520ab01377ce7B88f5BA8C48F8D666","base : 0xce16F69375520ab01377ce7B88f5BA8C48F8D666","ethereum","base","0xce16F69375520ab01377ce7B88f5BA8C48F8D666","0xce16F69375520ab01377ce7B88f5BA8C48F8D666","2026-08-30T23:49:35Z","2026-08-30T23:49:35Z","2026-08-31T00:05:29Z","954","00:15:54","393.255058","USDC","393.20393484246006","Not Refunded","executed","received","False","True","0xddc80cd2571961598150dadfa7e9df711db6e32789dcb80c56dc95a42aacc29a","0xddc80cd2571961598150dadfa7e9df711db6e32789dcb80c56dc95a42aacc29a-138","Axelar Network (GMP)","https://api.axelarscan.io (public GMP Explorer API)"
"axelar : axelar1aqcj54lzz0rk22gvqgcn8fr5tx4rzwdv5wv5j9dmnacgefvd7wzsy2j2mr","stellar : CBDBMIOFHGWUFRYH3D3STI2DHBOWGDDBCRKQEUB4RGQEBVG74SEED6C6","axelar","stellar","axelar1aqcj54lzz0rk22gvqgcn8fr5tx4rzwdv5wv5j9dmnacgefvd7wzsy2j2mr","CBDBMIOFHGWUFRYH3D3STI2DHBOWGDDBCRKQEUB4RGQEBVG74SEED6C6","2026-08-30T23:48:02Z","2026-08-30T23:48:02Z","2026-08-30T23:48:45Z","43","00:00:43","60223.8240214","SHX","0","Pending Refund","executed","received","False","False","9833E2ED645744AEEF84E2555C2CA8B9EE8574B4AB39B183FFCCF3879FECE20A","0x9833e2ed645744aeef84e2555c2ca8b9ee8574b4ab39b183ffccf3879fece20a-7094518","Axelar Network (GMP)","https://api.axelarscan.io (public GMP Explorer API)"
"binance : 0x43d090025aAA6C8693B71952B910AC55CcB56bBb","osmosis : osmo173adwu8q6xfww53rhwtlxhjyafav74k6qsu9a7","binance","osmosis","0x43d090025aAA6C8693B71952B910AC55CcB56bBb","osmo173adwu8q6xfww53rhwtlxhjyafav74k6qsu9a7","2026-08-30T23:47:55Z","2026-08-30T23:47:55Z","2026-08-30T23:48:08Z","13","00:00:13","5151.49","AXL","206.6236366401","Not Refunded","executed","received","False","True","0xdcbbaf2eee43e4fbe5851f1ec90dccd4a0ccb2873852f8b2fb6c549214ef30cb","0xdcbbaf2eee43e4fbe5851f1ec90dccd4a0ccb2873852f8b2fb6c549214ef30cb-3","Axelar Network (GMP)","https://api.axelarscan.io (public GMP Explorer API)"
"xrpl : rfmS3zqrQrka8wVyhXifEeyTwe8AMz2Yhw","axelar : axelar1aqcj54lzz0rk22gvqgcn8fr5tx4rzwdv5wv5j9dmnacgefvd7wzsy2j2mr","xrpl","axelar","rfmS3zqrQrka8wVyhXifEeyTwe8AMz2Yhw","axelar1aqcj54lzz0rk22gvqgcn8fr5tx4rzwdv5wv5j9dmnacgefvd7wzsy2j2mr","2026-08-30T23:47:41Z","2026-08-30T23:47:41Z","2026-08-30T23:48:02Z","21","00:00:21","60223.8240214","SHX","204.25993945690198","Pending Refund","executed","received","False","True","0d29bc47610a91633eb2d904e8dfa33940132f7706da1f776d9b528a49d4a5ba","0x0d29bc47610a91633eb2d904e8dfa33940132f7706da1f776d9b528a49d4a5ba","Axelar Network (GMP)","https://api.axelarscan.io (public GMP Explorer API)"
"celo : 0xce16F69375520ab01377ce7B88f5BA8C48F8D666","Polygon : 0xce16F69375520ab01377ce7B88f5BA8C48F8D666","celo","Polygon","0xce16F69375520ab01377ce7B88f5BA8C48F8D666","0xce16F69375520ab01377ce7B88f5BA8C48F8D666","2026-08-30T23:47:34Z","2026-08-30T23:47:34Z","2026-08-31T00:12:03Z","1469","00:24:29","482.010695","axlUSDC","481.94803360965","Not Refunded","executed","received","False","True","0xd3db2f08c341d616f2ef5b5583152e31f22d7fd82fe3b0edd1c74747b56552d8","0xd3db2f08c341d616f2ef5b5583152e31f22d7fd82fe3b0edd1c74747b56552d8-18","Axelar Network (GMP)","https://api.axelarscan.io (public GMP Explorer API)"
"axelar : axelar1aqcj54lzz0rk22gvqgcn8fr5tx4rzwdv5wv5j9dmnacgefvd7wzsy2j2mr","optimism : 0xB5FB4BE02232B1bBA4dC8f81dc24C26980dE9e3C","axelar","optimism","axelar1aqcj54lzz0rk22gvqgcn8fr5tx4rzwdv5wv5j9dmnacgefvd7wzsy2j2mr","0xB5FB4BE02232B1bBA4dC8f81dc24C26980dE9e3C","2026-08-30T23:47:06Z","2026-08-30T23:47:06Z","2026-08-30T23:47:53Z","47","00:00:47","244.83192426066535","FNX",,"Pending Refund","executed","received","False","False","DA54ECA9EFACE3443F3D750D9017DF94416A89FCC083C2094040E7805FEEC6C7","0xda54eca9eface3443f3d750d9017df94416a89fcc083c2094040e7805feec6c7-7094486","Axelar Network (GMP)","https://api.axelarscan.io (public GMP Explorer API)"
"binance : 0xB5FB4BE02232B1bBA4dC8f81dc24C26980dE9e3C","axelar : axelar1aqcj54lzz0rk22gvqgcn8fr5tx4rzwdv5wv5j9dmnacgefvd7wzsy2j2mr","binance","axelar","0xB5FB4BE02232B1bBA4dC8f81dc24C26980dE9e3C","axelar1aqcj54lzz0rk22gvqgcn8fr5tx4rzwdv5wv5j9dmnacgefvd7wzsy2j2mr","2026-08-30T23:46:51Z","2026-08-30T23:46:51Z","2026-08-30T23:47:06Z","15","00:00:15","244.83192426066535","FNX",,"Not Refunded","executed","received","False","True","0xbb379a7e6cc4bd1edc7e8c5b532987e36cf74f85e1a6e6827d0d8623fbfd161c","0xbb379a7e6cc4bd1edc7e8c5b532987e36cf74f85e1a6e6827d0d8623fbfd161c-3","Axelar Network (GMP)","https://api.axelarscan.io (public GMP Explorer API)"
"osmosis : osmo1n6ney9tsf55etz9nrmzyd8wa7e64qd3s06a74fqs30ka8pps6cvqtsycr6","binance : 0xce16F69375520ab01377ce7B88f5BA8C48F8D666","osmosis","binance","osmo1n6ney9tsf55etz9nrmzyd8wa7e64qd3s06a74fqs30ka8pps6cvqtsycr6","0xce16F69375520ab01377ce7B88f5BA8C48F8D666","2026-08-30T23:43:17Z","2026-08-30T23:43:17Z","2026-08-30T23:43:43Z","26","00:00:26","0.000754635289060558","axlBNB","0.5161780840703123","Pending Refund","executed","received","False","True","04C80C53A48767DC4AF0C51F342D9052D5D699230304CB4D3DD812DDAF6FAA5B","0x8e24ff9a7d075ecf1f7d88895d38246539333caace2813d2d3d4e050e23ee509-7094480","Axelar Network (GMP)","https://api.axelarscan.io (public GMP Explorer API)"
"immutable : 0x4f49B53928A71E553bB1B0F66a5BcB54Fd4E8932","Ethereum : 0x4f49B53928A71E553bB1B0F66a5BcB54Fd4E8932","immutable","Ethereum","0x4f49B53928A71E553bB1B0F66a5BcB54Fd4E8932","0x4f49B53928A71E553bB1B0F66a5BcB54Fd4E8932","2026-08-30T23:43:15Z","2026-08-30T23:43:15Z","2026-08-30T23:44:35Z","80","00:01:20",,,,"Not Refunded","executed","received","False","True","0x3b6e6a759e8d984a9f64d2c56fd1971961331fdea8f712fdbfdd0bf464e680e2","0x3b6e6a759e8d984a9f64d2c56fd1971961331fdea8f712fdbfdd0bf464e680e2-3","Axelar Network (GMP)","https://api.axelarscan.io (public GMP Explorer API)"
"base : 0xce16F69375520ab01377ce7B88f5BA8C48F8D666","binance : 0xce16F69375520ab01377ce7B88f5BA8C48F8D666","base","binance","0xce16F69375520ab01377ce7B88f5BA8C48F8D666","0xce16F69375520ab01377ce7B88f5BA8C48F8D666","2026-08-30T23:40:41Z","2026-08-30T23:40:41Z","2026-08-31T00:06:12Z","1531","00:25:31","32.5669428061678","axlDEUS","100.30618384299683","Not Refunded","executed","received","False","True","0x4056852dc681945c01b8af62897057b0dad870914c821fb29237b1ac33281566","0x4056852dc681945c01b8af62897057b0dad870914c821fb29237b1ac33281566-4","Axelar Network (GMP)","https://api.axelarscan.io (public GMP Explorer API)"
"optimism : 0xce16F69375520ab01377ce7B88f5BA8C48F8D666","celo : 0xce16F69375520ab01377ce7B88f5BA8C48F8D666","optimism","celo","0xce16F69375520ab01377ce7B88f5BA8C48F8D666","0xce16F69375520ab01377ce7B88f5BA8C48F8D666","2026-08-30T23:37:17Z","2026-08-30T23:37:17Z","2026-08-31T00:04:58Z","1661","00:27:41","0.11018","axlUSDC","0.11016633768","Not Refunded","executed","received","False","True","0x59aedaea3e9aaf364b6eff62843cbcb875797b69e7e529a221bd3a419b7e0785","0x59aedaea3e9aaf364b6eff62843cbcb875797b69e7e529a221bd3a419b7e0785-23","Axelar Network (GMP)","https://api.axelarscan.io (public GMP Explorer API)"
"base : 0xce16F69375520ab01377ce7B88f5BA8C48F8D666","immutable : 0xce16F69375520ab01377ce7B88f5BA8C48F8D666","base","immutable","0xce16F69375520ab01377ce7B88f5BA8C48F8D666","0xce16F69375520ab01377ce7B88f5BA8C48F8D666","2026-08-30T23:36:11Z","2026-08-30T23:36:11Z","2026-08-30T23:59:39Z","1408","00:23:28","10.001532","axlUSDC","10.000291810032","Not Refunded","executed","received","False","True","0x21c73c83a8744ffd14f82bdd347424e7da997d3b637f2f75de6b75189c13b4b5","0x21c73c83a8744ffd14f82bdd347424e7da997d3b637f2f75de6b75189c13b4b5-7","Axelar Network (GMP)","https://api.axelarscan.io (public GMP Explorer API)"
"osmosis : osmo1n6ney9tsf55etz9nrmzyd8wa7e64qd3s06a74fqs30ka8pps6cvqtsycr6","Ethereum : 0xce16F69375520ab01377ce7B88f5BA8C48F8D666","osmosis","Ethereum","osmo1n6ney9tsf55etz9nrmzyd8wa7e64qd3s06a74fqs30ka8pps6cvqtsycr6","0xce16F69375520ab01377ce7B88f5BA8C48F8D666","2026-08-30T23:35:47Z","2026-08-30T23:35:47Z","2026-08-30T23:37:47Z","120","00:02:00","985.848221","axlUSDC","985.725975820596","Pending Refund","executed","received","False","True","9CA49E2247D22D3F4EFB5C3F352EABD006DD704CC05710FF7F1720101FC3FB28","0x1c8939558416d4985d24377bd779229f668e7ad6baa1c289098370da524b66ae-7094479","Axelar Network (GMP)","https://api.axelarscan.io (public GMP Explorer API)"
"osmosis : osmo1n6ney9tsf55etz9nrmzyd8wa7e64qd3s06a74fqs30ka8pps6cvqtsycr6","binance : 0xce16F69375520ab01377ce7B88f5BA8C48F8D666","osmosis","binance","osmo1n6ney9tsf55etz9nrmzyd8wa7e64qd3s06a74fqs30ka8pps6cvqtsycr6","0xce16F69375520ab01377ce7B88f5BA8C48F8D666","2026-08-30T23:33:04Z","2026-08-30T23:33:04Z","2026-08-30T23:33:32Z","28","00:00:28","0.608367","axlUSDC","0.608273919849","Pending Refund","executed","received","False","True","378D9989CADC505C41EE0D13877B9821AC46A69D58E2ECF2461A09982A9675B0","0xeeafca864b8b1d2688ec10975515cc2021193310d4c44c1aaee2e8a02a32b3b9-7094478","Axelar Network (GMP)","https://api.axelarscan.io (public GMP Explorer API)"
"axelar : axelar1aqcj54lzz0rk22gvqgcn8fr5tx4rzwdv5wv5j9dmnacgefvd7wzsy2j2mr","optimism : 0xB5FB4BE02232B1bBA4dC8f81dc24C26980dE9e3C","axelar","optimism","axelar1aqcj54lzz0rk22gvqgcn8fr5tx4rzwdv5wv5j9dmnacgefvd7wzsy2j2mr","0xB5FB4BE02232B1bBA4dC8f81dc24C26980dE9e3C","2026-08-30T23:30:36Z","2026-08-30T23:30:36Z","2026-08-30T23:31:23Z","47","00:00:47","326.20304473903946","FNX",,"Not Refunded","executed","received","False","False","887B4538D3B5E72240C2AE08B52FB3235132511304B014D17F2BE0786B087431","0x887b4538d3b5e72240c2ae08b52fb3235132511304b014d17f2be0786b087431-7094477","Axelar Network (GMP)","https://api.axelarscan.io (public GMP Explorer API)"
"polygon : 0xB5FB4BE02232B1bBA4dC8f81dc24C26980dE9e3C","axelar : axelar1aqcj54lzz0rk22gvqgcn8fr5tx4rzwdv5wv5j9dmnacgefvd7wzsy2j2mr","polygon","axelar","0xB5FB4BE02232B1bBA4dC8f81dc24C26980dE9e3C","axelar1aqcj54lzz0rk22gvqgcn8fr5tx4rzwdv5wv5j9dmnacgefvd7wzsy2j2mr","2026-08-30T23:30:19Z","2026-08-30T23:30:19Z","2026-08-30T23:30:36Z","17","00:00:17","326.20304473903946","FNX",,"Not Refunded","executed","received","False","True","0x4fa497cf0bef991b0ab3a6e5916cd3a55bbbdd0303a69b6adcee92ae8a13d5f0","0x4fa497cf0bef991b0ab3a6e5916cd3a55bbbdd0303a69b6adcee92ae8a13d5f0-6","Axelar Network (GMP)","https://api.axelarscan.io (public GMP Explorer API)"
"axelar : axelar1aqcj54lzz0rk22gvqgcn8fr5tx4rzwdv5wv5j9dmnacgefvd7wzsy2j2mr","optimism : 0xB5FB4BE02232B1bBA4dC8f81dc24C26980dE9e3C","axelar","optimism","axelar1aqcj54lzz0rk22gvqgcn8fr5tx4rzwdv5wv5j9dmnacgefvd7wzsy2j2mr","0xB5FB4BE02232B1bBA4dC8f81dc24C26980dE9e3C","2026-08-30T23:28:53Z","2026-08-30T23:28:53Z","2026-08-30T23:29:23Z","30","00:00:30","326.4218705937333","FNX",,"Not Refunded","executed","received","False","False","DED49B9AAA53B64ADB21B50CB2A1C05A0222FBA6001CBB6D2CDD73B6CB70390B","0xded49b9aaa53b64adb21b50cb2a1c05a0222fba6001cbb6d2cdd73b6cb70390b-7094471","Axelar Network (GMP)","https://api.axelarscan.io (public GMP Explorer API)"
"polygon : 0xB5FB4BE02232B1bBA4dC8f81dc24C26980dE9e3C","axelar : axelar1aqcj54lzz0rk22gvqgcn8fr5tx4rzwdv5wv5j9dmnacgefvd7wzsy2j2mr","polygon","axelar","0xB5FB4BE02232B1bBA4dC8f81dc24C26980dE9e3C","axelar1aqcj54lzz0rk22gvqgcn8fr5tx4rzwdv5wv5j9dmnacgefvd7wzsy2j2mr","2026-08-30T23:28:36Z","2026-08-30T23:28:36Z","2026-08-30T23:28:53Z","17","00:00:17","326.4218705937333","FNX",,"Not Refunded","executed","received","False","True","0x9ec3f913aaa30cb9dac0fc2c2497d04bbc8ddf54a17306a8e0849a0760b5a15d","0x9ec3f913aaa30cb9dac0fc2c2497d04bbc8ddf54a17306a8e0849a0760b5a15d-6","Axelar Network (GMP)","https://api.axelarscan.io (public GMP Explorer API)"
"filecoin : 0xce16F69375520ab01377ce7B88f5BA8C48F8D666","binance : 0xce16F69375520ab01377ce7B88f5BA8C48F8D666","filecoin","binance","0xce16F69375520ab01377ce7B88f5BA8C48F8D666","0xce16F69375520ab01377ce7B88f5BA8C48F8D666","2026-08-30T23:24:00Z","2026-08-30T23:24:00Z","2026-08-30T23:41:43Z","1063","00:17:43","670.860513","axlUSDC","670.7880600645959","Not Refunded","executed","received","False","True","0xd44d1cc83779a9b906c8069ec9897bbcb6e92931bf968532f805aab0cc92f648","0xd44d1cc83779a9b906c8069ec9897bbcb6e92931bf968532f805aab0cc92f648-8","Axelar Network (GMP)","https://api.axelarscan.io (public GMP Explorer API)"
"polygon : 0xce16F69375520ab01377ce7B88f5BA8C48F8D666","base : 0xce16F69375520ab01377ce7B88f5BA8C48F8D666","polygon","base","0xce16F69375520ab01377ce7B88f5BA8C48F8D666","0xce16F69375520ab01377ce7B88f5BA8C48F8D666","2026-08-30T23:22:19Z","2026-08-30T23:22:19Z","2026-08-30T23:23:31Z","72","00:01:12","999.880554","axlUSDC","999.744570244656","Not Refunded","executed","received","False","True","0x4dadf8f478ab02c19d6aab5130a7f48de96ff9734e31ab5a1f08244971c337cd","0x4dadf8f478ab02c19d6aab5130a7f48de96ff9734e31ab5a1f08244971c337cd-15","Axelar Network (GMP)","https://api.axelarscan.io (public GMP Explorer API)"
"osmosis : osmo1n6ney9tsf55etz9nrmzyd8wa7e64qd3s06a74fqs30ka8pps6cvqtsycr6","binance : 0xce16F69375520ab01377ce7B88f5BA8C48F8D666","osmosis","binance","osmo1n6ney9tsf55etz9nrmzyd8wa7e64qd3s06a74fqs30ka8pps6cvqtsycr6","0xce16F69375520ab01377ce7B88f5BA8C48F8D666","2026-08-30T23:21:42Z","2026-08-30T23:21:42Z","2026-08-30T23:22:07Z","25","00:00:25","0.003084832563543652","axlBNB","2.1320511779675595","Not Refunded","executed","received","False","False","","0x6efde1116eb9e24e0e0f6daf95288373c72f10bca67a8c643e1aa5b57da1306b-7094465","Axelar Network (GMP)","https://api.axelarscan.io (public GMP Explorer API)"
"osmosis : osmo1m8wg4vxkefhs374qxmmqpyusgz289wmulex5qdwpfx7jnrxzer5s9cv83q","base : 0x569594F181ac9AbdE3eBf89954F3D3Af40d63600","osmosis","base","osmo1m8wg4vxkefhs374qxmmqpyusgz289wmulex5qdwpfx7jnrxzer5s9cv83q","0x569594F181ac9AbdE3eBf89954F3D3Af40d63600","2026-08-30T23:21:30Z","2026-08-30T23:21:30Z","2026-08-30T23:22:29Z","59","00:00:59","29.97348","axlUSDC","29.969403606719997","Not Refunded","executed","received","False","False","","0xbf1a7e88655322f2df2628074313c017fda055920e6d98b6105129ce9d2947a6-7094464","Axelar Network (GMP)","https://api.axelarscan.io (public GMP Explorer API)"
"binance : 0xcbBA104B6CB4960a70E5dfc48E76C536A1f19609","base : 0xcbBA104B6CB4960a70E5dfc48E76C536A1f19609","binance","base","0xcbBA104B6CB4960a70E5dfc48E76C536A1f19609","0xcbBA104B6CB4960a70E5dfc48E76C536A1f19609","2026-08-30T23:18:03Z","2026-08-30T23:18:03Z","2026-08-30T23:18:59Z","56","00:00:56",,,,"Not Refunded","executed","received","False","True","0xc61a021eb074a9a4630d1a36a7a482d16bc152c0bde33b5ec300d3eb6b4977fa","0xc61a021eb074a9a4630d1a36a7a482d16bc152c0bde33b5ec300d3eb6b4977fa-4","Axelar Network (GMP)","https://api.axelarscan.io (public GMP Explorer API)"
"binance : 0x43d090025aAA6C8693B71952B910AC55CcB56bBb","osmosis : osmo173adwu8q6xfww53rhwtlxhjyafav74k6qsu9a7","binance","osmosis","0x43d090025aAA6C8693B71952B910AC55CcB56bBb","osmo173adwu8q6xfww53rhwtlxhjyafav74k6qsu9a7","2026-08-30T23:17:44Z","2026-08-30T23:17:44Z","2026-08-30T23:17:55Z","11","00:00:11","5132","AXL","211.41787200000002","Not Refunded","executed","received","False","True","0x437f95db058f4cff3d4f968ed4bd58855f51cf187e60ddcf40df7f65c40ed7d1","0x437f95db058f4cff3d4f968ed4bd58855f51cf187e60ddcf40df7f65c40ed7d1-3","Axelar Network (GMP)","https://api.axelarscan.io (public GMP Explorer API)"
"axelar : axelar1aqcj54lzz0rk22gvqgcn8fr5tx4rzwdv5wv5j9dmnacgefvd7wzsy2j2mr","base : 0xB5FB4BE02232B1bBA4dC8f81dc24C26980dE9e3C","axelar","base","axelar1aqcj54lzz0rk22gvqgcn8fr5tx4rzwdv5wv5j9dmnacgefvd7wzsy2j2mr","0xB5FB4BE02232B1bBA4dC8f81dc24C26980dE9e3C","2026-08-30T23:17:06Z","2026-08-30T23:17:06Z","2026-08-30T23:17:59Z","53","00:00:53","25372.7768699","ALVA","0","Not Refunded","executed","received","False","False","3C941912109C10AC496BDC168CC4137FF972270152CAFC90C27648EA225764D0","0x3c941912109c10ac496bdc168cc4137ff972270152cafc90c27648ea225764d0-7094463","Axelar Network (GMP)","https://api.axelarscan.io (public GMP Explorer API)"
"avalanche : 0xB5FB4BE02232B1bBA4dC8f81dc24C26980dE9e3C","axelar : axelar1aqcj54lzz0rk22gvqgcn8fr5tx4rzwdv5wv5j9dmnacgefvd7wzsy2j2mr","avalanche","axelar","0xB5FB4BE02232B1bBA4dC8f81dc24C26980dE9e3C","axelar1aqcj54lzz0rk22gvqgcn8fr5tx4rzwdv5wv5j9dmnacgefvd7wzsy2j2mr","2026-08-30T23:16:44Z","2026-08-30T23:16:44Z","2026-08-30T23:17:06Z","22","00:00:22","25372.7768699","ALVA","62.98462011853366","Not Refunded","executed","received","False","True","0xe64de63f4dc11471fabc5644746e29895386457c252d26602784c01476f30e06","0xe64de63f4dc11471fabc5644746e29895386457c252d26602784c01476f30e06-3","Axelar Network (GMP)","https://api.axelarscan.io (public GMP Explorer API)"
"axelar : axelar1aqcj54lzz0rk22gvqgcn8fr5tx4rzwdv5wv5j9dmnacgefvd7wzsy2j2mr","kava : 0xB5FB4BE02232B1bBA4dC8f81dc24C26980dE9e3C","axelar","kava","axelar1aqcj54lzz0rk22gvqgcn8fr5tx4rzwdv5wv5j9dmnacgefvd7wzsy2j2mr","0xB5FB4BE02232B1bBA4dC8f81dc24C26980dE9e3C","2026-08-30T23:11:14Z","2026-08-30T23:11:14Z","2026-08-30T23:11:42Z","28","00:00:28","30.93099445819801","XRP","0","Pending Refund","executed","received","False","False","ED48A3985DD0486394A22E6616F947CA8A18C72679F4BA024D8846CFCA118124","0xed48a3985dd0486394a22e6616f947ca8a18c72679f4ba024d8846cfca118124-7094457","Axelar Network (GMP)","https://api.axelarscan.io (public GMP Explorer API)"
"binance : 0xB5FB4BE02232B1bBA4dC8f81dc24C26980dE9e3C","axelar : axelar1aqcj54lzz0rk22gvqgcn8fr5tx4rzwdv5wv5j9dmnacgefvd7wzsy2j2mr","binance","axelar","0xB5FB4BE02232B1bBA4dC8f81dc24C26980dE9e3C","axelar1aqcj54lzz0rk22gvqgcn8fr5tx4rzwdv5wv5j9dmnacgefvd7wzsy2j2mr","2026-08-30T23:10:59Z","2026-08-30T23:10:59Z","2026-08-30T23:11:14Z","15","00:00:15","30.93099445819801","XRP","42.68477235231325","Not Refunded","executed","received","False","True","0xdc179c59fb9332db432c95f5b8e20577e62826412bbb6d451fdb05e9b4f73609","0xdc179c59fb9332db432c95f5b8e20577e62826412bbb6d451fdb05e9b4f73609-8","Axelar Network (GMP)","https://api.axelarscan.io (public GMP Explorer API)"
"binance : 0xcbBA104B6CB4960a70E5dfc48E76C536A1f19609","base : 0xcbBA104B6CB4960a70E5dfc48E76C536A1f19609","binance","base","0xcbBA104B6CB4960a70E5dfc48E76C536A1f19609","0xcbBA104B6CB4960a70E5dfc48E76C536A1f19609","2026-08-30T23:08:54Z","2026-08-30T23:08:54Z","2026-08-30T23:09:59Z","65","00:01:05",,,,"Not Refunded","executed","received","False","True","0x8233d2bc55a6e1cd76e23d84eae423b9f3d223cfadf5fae592e7c2257644447b","0x8233d2bc55a6e1cd76e23d84eae423b9f3d223cfadf5fae592e7c2257644447b-4","Axelar Network (GMP)","https://api.axelarscan.io (public GMP Explorer API)"
"ethereum : 0x4f49B53928A71E553bB1B0F66a5BcB54Fd4E8932","immutable : 0x4f49B53928A71E553bB1B0F66a5BcB54Fd4E8932","ethereum","immutable","0x4f49B53928A71E553bB1B0F66a5BcB54Fd4E8932","0x4f49B53928A71E553bB1B0F66a5BcB54Fd4E8932","2026-08-30T23:07:11Z","2026-08-30T23:07:11Z","2026-08-30T23:26:15Z","1144","00:19:04",,,,"Not Refunded","executed","received","False","True","0x6f5cf9409b248c24463dde1e0c730094718a8ee1c7ee7d3abea9f40b2c60fa72","0x6f5cf9409b248c24463dde1e0c730094718a8ee1c7ee7d3abea9f40b2c60fa72-1","Axelar Network (GMP)","https://api.axelarscan.io (public GMP Explorer API)"
"polygon : 0xce16F69375520ab01377ce7B88f5BA8C48F8D666","base : 0xce16F69375520ab01377ce7B88f5BA8C48F8D666","polygon","base","0xce16F69375520ab01377ce7B88f5BA8C48F8D666","0xce16F69375520ab01377ce7B88f5BA8C48F8D666","2026-08-30T23:07:03Z","2026-08-30T23:07:03Z","2026-08-30T23:07:59Z","56","00:00:56","999.826114","axlUSDC","999.6941369529519","Not Refunded","executed","received","False","True","0x9d4b08b3a9d3118ff13065943906965125bd2b8d00ff9e03ba711780170b3737","0x9d4b08b3a9d3118ff13065943906965125bd2b8d00ff9e03ba711780170b3737-15","Axelar Network (GMP)","https://api.axelarscan.io (public GMP Explorer API)"
"ethereum : 0x4f49B53928A71E553bB1B0F66a5BcB54Fd4E8932","immutable : 0x4f49B53928A71E553bB1B0F66a5BcB54Fd4E8932","ethereum","immutable","0x4f49B53928A71E553bB1B0F66a5BcB54Fd4E8932","0x4f49B53928A71E553bB1B0F66a5BcB54Fd4E8932","2026-08-30T23:01:11Z","2026-08-30T23:01:11Z","2026-08-30T23:20:01Z","1130","00:18:50",,,,"Not Refunded","executed","received","False","True","0x053d3420cd6637fd4e631db5a17c99c050ca80bb269d8374dd45e628ac367bc8","0x053d3420cd6637fd4e631db5a17c99c050ca80bb269d8374dd45e628ac367bc8-4","Axelar Network (GMP)","https://api.axelarscan.io (public GMP Explorer API)"
"base : 0xce16F69375520ab01377ce7B88f5BA8C48F8D666","Arbitrum : 0xce16F69375520ab01377ce7B88f5BA8C48F8D666","base","Arbitrum","0xce16F69375520ab01377ce7B88f5BA8C48F8D666","0xce16F69375520ab01377ce7B88f5BA8C48F8D666","2026-08-30T23:00:13Z","2026-08-30T23:00:13Z","2026-08-30T23:27:19Z","1626","00:27:06","0.860823","axlUSDC","0.860740360992","Not Refunded","executed","received","False","True","0xd8a5d527c504055ad45fab0a890ce73db1a87c5683d772c1f6ca319b955fa570","0xd8a5d527c504055ad45fab0a890ce73db1a87c5683d772c1f6ca319b955fa570-11","Axelar Network (GMP)","https://api.axelarscan.io (public GMP Explorer API)"
"ethereum : 0x4f49B53928A71E553bB1B0F66a5BcB54Fd4E8932","immutable : 0x4f49B53928A71E553bB1B0F66a5BcB54Fd4E8932","ethereum","immutable","0x4f49B53928A71E553bB1B0F66a5BcB54Fd4E8932","0x4f49B53928A71E553bB1B0F66a5BcB54Fd4E8932","2026-08-30T22:59:47Z","2026-08-30T22:59:47Z","2026-08-30T23:19:45Z","1198","00:19:58",,,,"Not Refunded","executed","received","False","True","0xf533d77dc727cc2708b37e11f8da6b6889ee71a3b6d78057f28a7559d1244837","0xf533d77dc727cc2708b37e11f8da6b6889ee71a3b6d78057f28a7559d1244837-1","Axelar Network (GMP)","https://api.axelarscan.io (public GMP Explorer API)"
"arbitrum : 0xce16F69375520ab01377ce7B88f5BA8C48F8D666","base : 0xce16F69375520ab01377ce7B88f5BA8C48F8D666","arbitrum","base","0xce16F69375520ab01377ce7B88f5BA8C48F8D666","0xce16F69375520ab01377ce7B88f5BA8C48F8D666","2026-08-30T22:53:59Z","2026-08-30T22:53:59Z","2026-08-30T23:15:29Z","1290","00:21:30","0.996757","axlUSDC","0.9966234345620001","Not Refunded","executed","received","False","True","0xc8a2050d4ca1788b5204709437ac2b8854e84ec69c810ac0fbfa756eae641d11","0xc8a2050d4ca1788b5204709437ac2b8854e84ec69c810ac0fbfa756eae641d11-13","Axelar Network (GMP)","https://api.axelarscan.io (public GMP Explorer API)"
"immutable : 0x4f49B53928A71E553bB1B0F66a5BcB54Fd4E8932","Ethereum : 0x4f49B53928A71E553bB1B0F66a5BcB54Fd4E8932","immutable","Ethereum","0x4f49B53928A71E553bB1B0F66a5BcB54Fd4E8932","0x4f49B53928A71E553bB1B0F66a5BcB54Fd4E8932","2026-08-30T22:50:11Z","2026-08-30T22:50:11Z","2026-08-30T22:51:23Z","72","00:01:12",,,,"Not Refunded","executed","received","False","True","0x87af6746de8d9533d0d2158380d0d4060fd9f34ca29eaba4f5ebb3715dc7f742","0x87af6746de8d9533d0d2158380d0d4060fd9f34ca29eaba4f5ebb3715dc7f742-5","Axelar Network (GMP)","https://api.axelarscan.io (public GMP Explorer API)"
"osmosis : osmo1n6ney9tsf55etz9nrmzyd8wa7e64qd3s06a74fqs30ka8pps6cvqtsycr6","base : 0xce16F69375520ab01377ce7B88f5BA8C48F8D666","osmosis","base","osmo1n6ney9tsf55etz9nrmzyd8wa7e64qd3s06a74fqs30ka8pps6cvqtsycr6","0xce16F69375520ab01377ce7B88f5BA8C48F8D666","2026-08-30T22:50:00Z","2026-08-30T22:50:00Z","2026-08-30T22:50:59Z","59","00:00:59","1092.899704","axlUSDC","1092.753255439664","Pending Refund","executed","received","False","True","9BAE0F28BE3CB6E7D8643B5254921787AB33242EA5ECD3CD0F3DB3763E000570","0x5108b0a4ebbc897c24c546791af4817de238019c387f56737dc01c71b5cff18d-7094451","Axelar Network (GMP)","https://api.axelarscan.io (public GMP Explorer API)"
"axelar : axelar1aqcj54lzz0rk22gvqgcn8fr5tx4rzwdv5wv5j9dmnacgefvd7wzsy2j2mr","ethereum : 0xB5FB4BE02232B1bBA4dC8f81dc24C26980dE9e3C","axelar","ethereum","axelar1aqcj54lzz0rk22gvqgcn8fr5tx4rzwdv5wv5j9dmnacgefvd7wzsy2j2mr","0xB5FB4BE02232B1bBA4dC8f81dc24C26980dE9e3C","2026-08-30T22:49:04Z","2026-08-30T22:49:04Z","2026-08-30T22:50:23Z","79","00:01:19","103301.28898535708","STASH",,"Pending Refund","executed","received","False","False","5525B89D3F88713CADB658AB32CA8DFF43037B36D217327AD267D55DC8D5496A","0x5525b89d3f88713cadb658ab32ca8dff43037b36d217327ad267d55dc8d5496a-7094450","Axelar Network (GMP)","https://api.axelarscan.io (public GMP Explorer API)"
"binance : 0xB5FB4BE02232B1bBA4dC8f81dc24C26980dE9e3C","axelar : axelar1aqcj54lzz0rk22gvqgcn8fr5tx4rzwdv5wv5j9dmnacgefvd7wzsy2j2mr","binance","axelar","0xB5FB4BE02232B1bBA4dC8f81dc24C26980dE9e3C","axelar1aqcj54lzz0rk22gvqgcn8fr5tx4rzwdv5wv5j9dmnacgefvd7wzsy2j2mr","2026-08-30T22:48:49Z","2026-08-30T22:48:49Z","2026-08-30T22:49:04Z","15","00:00:15","103301.28898535708","STASH",,"Not Refunded","executed","received","False","True","0x14b3a1b3c98e0a0d12ea4d93bc74cf66e456e142281ac5b819c6b94429365bef","0x14b3a1b3c98e0a0d12ea4d93bc74cf66e456e142281ac5b819c6b94429365bef-14","Axelar Network (GMP)","https://api.axelarscan.io (public GMP Explorer API)"
"ethereum : 0xce16F69375520ab01377ce7B88f5BA8C48F8D666","osmosis : osmo1n6ney9tsf55etz9nrmzyd8wa7e64qd3s06a74fqs30ka8pps6cvqtsycr6","ethereum","osmosis","0xce16F69375520ab01377ce7B88f5BA8C48F8D666","osmo1n6ney9tsf55etz9nrmzyd8wa7e64qd3s06a74fqs30ka8pps6cvqtsycr6","2026-08-30T22:48:23Z","2026-08-30T22:48:23Z","2026-08-30T23:06:39Z","1096","00:18:16","6549.414887","AXL","270.2956622694674","Not Refunded","executed","received","False","True","0xfbda3c01074a5a6462e8833182149658fbe9ca7b37d5ae13559a00847023d18a","0xfbda3c01074a5a6462e8833182149658fbe9ca7b37d5ae13559a00847023d18a-4","Axelar Network (GMP)","https://api.axelarscan.io (public GMP Explorer API)"
"osmosis : osmo1m8wg4vxkefhs374qxmmqpyusgz289wmulex5qdwpfx7jnrxzer5s9cv83q","base : 0x569594F181ac9AbdE3eBf89954F3D3Af40d63600","osmosis","base","osmo1m8wg4vxkefhs374qxmmqpyusgz289wmulex5qdwpfx7jnrxzer5s9cv83q","0x569594F181ac9AbdE3eBf89954F3D3Af40d63600","2026-08-30T22:47:31Z","2026-08-30T22:47:31Z","2026-08-30T22:48:29Z","58","00:00:58","1.820436","axlUSDC","1.8201847798319999","Pending Refund","executed","received","False","True","70255D5E37B2092741C2F3047A0EF8367078A54AEDDDC43C1C0535E508161FB2","0xdc70346372b5f854d7107a4f237194d10b9e211edc4d7974da6937d3a0ed3f68-7094444","Axelar Network (GMP)","https://api.axelarscan.io (public GMP Explorer API)"
"immutable : 0xce16F69375520ab01377ce7B88f5BA8C48F8D666","optimism : 0xce16F69375520ab01377ce7B88f5BA8C48F8D666","immutable","optimism","0xce16F69375520ab01377ce7B88f5BA8C48F8D666","0xce16F69375520ab01377ce7B88f5BA8C48F8D666","2026-08-30T22:46:47Z","2026-08-30T22:46:47Z","2026-08-30T22:47:49Z","62","00:01:02","13.032857","axlUSDC","13.031058465734","Not Refunded","executed","received","False","True","0x83af5d26e0c078e2d223c4d4fe3bf68212eb55bc540e1a73fa7ab593cdf5428a","0x83af5d26e0c078e2d223c4d4fe3bf68212eb55bc540e1a73fa7ab593cdf5428a-16","Axelar Network (GMP)","https://api.axelarscan.io (public GMP Explorer API)"
"axelar : axelar1aqcj54lzz0rk22gvqgcn8fr5tx4rzwdv5wv5j9dmnacgefvd7wzsy2j2mr","base : 0xB5FB4BE02232B1bBA4dC8f81dc24C26980dE9e3C","axelar","base","axelar1aqcj54lzz0rk22gvqgcn8fr5tx4rzwdv5wv5j9dmnacgefvd7wzsy2j2mr","0xB5FB4BE02232B1bBA4dC8f81dc24C26980dE9e3C","2026-08-30T22:46:14Z","2026-08-30T22:46:14Z","2026-08-30T22:46:59Z","45","00:00:45","26864.41942537659","STASH",,"Pending Refund","executed","received","False","False","B5CEEEDE156DEEABF3F96911787023031CC71FC4B5DA8DEED31FF493BD0745D8","0xb5ceeede156deeabf3f96911787023031cc71fc4b5da8deed31ff493bd0745d8-7094443","Axelar Network (GMP)","https://api.axelarscan.io (public GMP Explorer API)"
"binance : 0xB5FB4BE02232B1bBA4dC8f81dc24C26980dE9e3C","axelar : axelar1aqcj54lzz0rk22gvqgcn8fr5tx4rzwdv5wv5j9dmnacgefvd7wzsy2j2mr","binance","axelar","0xB5FB4BE02232B1bBA4dC8f81dc24C26980dE9e3C","axelar1aqcj54lzz0rk22gvqgcn8fr5tx4rzwdv5wv5j9dmnacgefvd7wzsy2j2mr","2026-08-30T22:45:59Z","2026-08-30T22:45:59Z","2026-08-30T22:46:14Z","15","00:00:15","26864.41942537659","STASH",,"Not Refunded","executed","received","False","True","0x567587e544e6e27f361d8abaa6ff2d9ed4945a8fe3efbd321944a2c2f855f3f1","0x567587e544e6e27f361d8abaa6ff2d9ed4945a8fe3efbd321944a2c2f855f3f1-7","Axelar Network (GMP)","https://api.axelarscan.io (public GMP Explorer API)"
"osmosis : osmo1n6ney9tsf55etz9nrmzyd8wa7e64qd3s06a74fqs30ka8pps6cvqtsycr6","base : 0xce16F69375520ab01377ce7B88f5BA8C48F8D666","osmosis","base","osmo1n6ney9tsf55etz9nrmzyd8wa7e64qd3s06a74fqs30ka8pps6cvqtsycr6","0xce16F69375520ab01377ce7B88f5BA8C48F8D666","2026-08-30T22:45:25Z","2026-08-30T22:45:25Z","2026-08-30T22:46:29Z","64","00:01:04","1287.061926","axlUSDC","1286.8843114542121","Pending Refund","executed","received","False","True","708959FF8428AF181792EDD21466F83A8B0621292972984C830808C150CA8C78","0xfff3d73b50e4f87876f5f64bc0b5444e95eaca93ec6cc42293620859766b4813-7094437","Axelar Network (GMP)","https://api.axelarscan.io (public GMP Explorer API)"
"polygon : 0xce16F69375520ab01377ce7B88f5BA8C48F8D666","Arbitrum : 0xce16F69375520ab01377ce7B88f5BA8C48F8D666","polygon","Arbitrum","0xce16F69375520ab01377ce7B88f5BA8C48F8D666","0xce16F69375520ab01377ce7B88f5BA8C48F8D666","2026-08-30T22:41:27Z","2026-08-30T22:41:27Z","2026-08-30T22:42:19Z","52","00:00:52","988.134583","axlUSDC","988.018971253789","Not Refunded","executed","received","False","True","0x68df33af1105de37e1d183b5e8f07ea7249b1ede755357a0c9fc7c0a3e7fc401","0x68df33af1105de37e1d183b5e8f07ea7249b1ede755357a0c9fc7c0a3e7fc401-16","Axelar Network (GMP)","https://api.axelarscan.io (public GMP Explorer API)"
"base : 0xce16F69375520ab01377ce7B88f5BA8C48F8D666","binance : 0xce16F69375520ab01377ce7B88f5BA8C48F8D666","base","binance","0xce16F69375520ab01377ce7B88f5BA8C48F8D666","0xce16F69375520ab01377ce7B88f5BA8C48F8D666","2026-08-30T22:39:13Z","2026-08-30T22:39:13Z","2026-08-30T23:02:08Z","1375","00:22:55","47.86856370060603","axlDEUS","148.87123310888475","Not Refunded","executed","received","False","True","0x2064db50574bf6e17f207bfa7e76156366adac759e4f05bcfeae0a0cad4dbcb2","0x2064db50574bf6e17f207bfa7e76156366adac759e4f05bcfeae0a0cad4dbcb2-4","Axelar Network (GMP)","https://api.axelarscan.io (public GMP Explorer API)"
"osmosis : osmo1n6ney9tsf55etz9nrmzyd8wa7e64qd3s06a74fqs30ka8pps6cvqtsycr6","arbitrum : 0xce16F69375520ab01377ce7B88f5BA8C48F8D666","osmosis","arbitrum","osmo1n6ney9tsf55etz9nrmzyd8wa7e64qd3s06a74fqs30ka8pps6cvqtsycr6","0xce16F69375520ab01377ce7B88f5BA8C48F8D666","2026-08-30T22:38:52Z","2026-08-30T22:38:52Z","2026-08-30T22:39:48Z","56","00:00:56","1453.908141","axlUSDC","1453.7060477684008","Pending Refund","executed","received","False","True","FEFB449C79A7674DF6DE8EABBA0B5941EA2680A92BF3BEFB12950C182E715528","0x38c7dc83cc661e3544bea2c145df1e412eb9beee10495f7c9a7ae80461bf19c1-7094436","Axelar Network (GMP)","https://api.axelarscan.io (public GMP Explorer API)"
"binance : 0xcbBA104B6CB4960a70E5dfc48E76C536A1f19609","base : 0xcbBA104B6CB4960a70E5dfc48E76C536A1f19609","binance","base","0xcbBA104B6CB4960a70E5dfc48E76C536A1f19609","0xcbBA104B6CB4960a70E5dfc48E76C536A1f19609","2026-08-30T22:38:21Z","2026-08-30T22:38:21Z","2026-08-30T22:39:29Z","68","00:01:08",,,,"Not Refunded","executed","received","False","True","0xabc3443f48cd008e4f24bee4d8af05424b7fde87affb0a8ede604af4009a7e9c","0xabc3443f48cd008e4f24bee4d8af05424b7fde87affb0a8ede604af4009a7e9c-4","Axelar Network (GMP)","https://api.axelarscan.io (public GMP Explorer API)"
"osmosis : osmo1n6ney9tsf55etz9nrmzyd8wa7e64qd3s06a74fqs30ka8pps6cvqtsycr6","arbitrum : 0xce16F69375520ab01377ce7B88f5BA8C48F8D666","osmosis","arbitrum","osmo1n6ney9tsf55etz9nrmzyd8wa7e64qd3s06a74fqs30ka8pps6cvqtsycr6","0xce16F69375520ab01377ce7B88f5BA8C48F8D666","2026-08-30T22:34:37Z","2026-08-30T22:34:37Z","2026-08-30T22:35:19Z","42","00:00:42","53.949034","axlUSDC","53.941912727512","Pending Refund","executed","received","False","True","EA29EA43A0A7B058AA2D28E86DE024B296B2025635F9578286BE2015978F5971","0xceb200bcdcc15e23f6debf3335bf736345b9e60cdb23d16eeb0d1f39eab7b207-7094435","Axelar Network (GMP)","https://api.axelarscan.io (public GMP Explorer API)"
"osmosis : osmo1m8wg4vxkefhs374qxmmqpyusgz289wmulex5qdwpfx7jnrxzer5s9cv83q","base : 0x569594F181ac9AbdE3eBf89954F3D3Af40d63600","osmosis","base","osmo1m8wg4vxkefhs374qxmmqpyusgz289wmulex5qdwpfx7jnrxzer5s9cv83q","0x569594F181ac9AbdE3eBf89954F3D3Af40d63600","2026-08-30T22:32:27Z","2026-08-30T22:32:27Z","2026-08-30T22:33:29Z","62","00:01:02","3.307663","axlUSDC","3.3072263884839996","Pending Refund","executed","received","False","True","7488FAAE0603E7AF8CF19CED229787617B4F87E24E49934BD6589F8EBC9CED43","0x6b46e9892026495b10f882ee6c04623d793bba23d172aa7c47c1a933465663b0-7094434","Axelar Network (GMP)","https://api.axelarscan.io (public GMP Explorer API)"
"osmosis : osmo1n6ney9tsf55etz9nrmzyd8wa7e64qd3s06a74fqs30ka8pps6cvqtsycr6","arbitrum : 0xce16F69375520ab01377ce7B88f5BA8C48F8D666","osmosis","arbitrum","osmo1n6ney9tsf55etz9nrmzyd8wa7e64qd3s06a74fqs30ka8pps6cvqtsycr6","0xce16F69375520ab01377ce7B88f5BA8C48F8D666","2026-08-30T22:30:33Z","2026-08-30T22:30:33Z","2026-08-30T22:31:19Z","46","00:00:46","4.330435","axlUSDC","4.329863382579999","Pending Refund","executed","received","False","True","ADF100CBAC523F26802DA3DBEECCC35098C060BEAF4A24472C566DF8F24DFFC9","0x92b78dc611196f425158f1e8459b20c5f136b8cfae7070530225f1702aa725ff-7094433","Axelar Network (GMP)","https://api.axelarscan.io (public GMP Explorer API)"
"axelar : axelar1aqcj54lzz0rk22gvqgcn8fr5tx4rzwdv5wv5j9dmnacgefvd7wzsy2j2mr","ethereum : 0xB5FB4BE02232B1bBA4dC8f81dc24C26980dE9e3C","axelar","ethereum","axelar1aqcj54lzz0rk22gvqgcn8fr5tx4rzwdv5wv5j9dmnacgefvd7wzsy2j2mr","0xB5FB4BE02232B1bBA4dC8f81dc24C26980dE9e3C","2026-08-30T22:29:59Z","2026-08-30T22:29:59Z","2026-08-30T22:31:47Z","108","00:01:48","50434.05898983871","ATH","0","Pending Refund","executed","received","False","False","4279C8F38F7B93F7A4B8035B9B163026B463A07788D133BC0A1044DC9DE24708","0x4279c8f38f7b93f7a4b8035b9b163026b463a07788d133bc0a1044dc9de24708-7094432","Axelar Network (GMP)","https://api.axelarscan.io (public GMP Explorer API)"
"ethereum : 0x4f49B53928A71E553bB1B0F66a5BcB54Fd4E8932","immutable : 0x4f49B53928A71E553bB1B0F66a5BcB54Fd4E8932","ethereum","immutable","0x4f49B53928A71E553bB1B0F66a5BcB54Fd4E8932","0x4f49B53928A71E553bB1B0F66a5BcB54Fd4E8932","2026-08-30T22:27:47Z","2026-08-30T22:27:47Z","2026-08-30T22:47:51Z","1204","00:20:04",,,,"Not Refunded","executed","received","False","True","0xeca00196d4b1884d4f9b85aaeee7521d4b4a2d9e49ba9665f2dacd0750622d70","0xeca00196d4b1884d4f9b85aaeee7521d4b4a2d9e49ba9665f2dacd0750622d70-1","Axelar Network (GMP)","https://api.axelarscan.io (public GMP Explorer API)"
"ethereum : 0xce16F69375520ab01377ce7B88f5BA8C48F8D666","binance : 0xce16F69375520ab01377ce7B88f5BA8C48F8D666","ethereum","binance","0xce16F69375520ab01377ce7B88f5BA8C48F8D666","0xce16F69375520ab01377ce7B88f5BA8C48F8D666","2026-08-30T22:25:59Z","2026-08-30T22:25:59Z","2026-08-30T22:41:33Z","934","00:15:34","428.795525","USDC","428.746213514625","Not Refunded","executed","received","False","True","0x8f17395b4ded0aa644498ae72e8fa87ca92d0400945b5e6d613faa05d43ac14c","0x8f17395b4ded0aa644498ae72e8fa87ca92d0400945b5e6d613faa05d43ac14c-113","Axelar Network (GMP)","https://api.axelarscan.io (public GMP Explorer API)"
"binance : 0xcbBA104B6CB4960a70E5dfc48E76C536A1f19609","base : 0xcbBA104B6CB4960a70E5dfc48E76C536A1f19609","binance","base","0xcbBA104B6CB4960a70E5dfc48E76C536A1f19609","0xcbBA104B6CB4960a70E5dfc48E76C536A1f19609","2026-08-30T22:25:17Z","2026-08-30T22:25:17Z","2026-08-30T22:26:29Z","72","00:01:12",,,,"Not Refunded","executed","received","False","True","0xacba63791b0b6a147ece3d08efec88c4f4ab79dd3fe7d7fcce60b2b24f945cfe","0xacba63791b0b6a147ece3d08efec88c4f4ab79dd3fe7d7fcce60b2b24f945cfe-4","Axelar Network (GMP)","https://api.axelarscan.io (public GMP Explorer API)"
"binance : 0xcbBA104B6CB4960a70E5dfc48E76C536A1f19609","base : 0xcbBA104B6CB4960a70E5dfc48E76C536A1f19609","binance","base","0xcbBA104B6CB4960a70E5dfc48E76C536A1f19609","0xcbBA104B6CB4960a70E5dfc48E76C536A1f19609","2026-08-30T22:24:16Z","2026-08-30T22:24:16Z","2026-08-30T22:24:59Z","43","00:00:43",,,,"Not Refunded","executed","received","False","True","0x7cbd3dcd3834ef6d54578ba681964a8b7dfed9c027289dc0ac605a7e277f8eb5","0x7cbd3dcd3834ef6d54578ba681964a8b7dfed9c027289dc0ac605a7e277f8eb5-4","Axelar Network (GMP)","https://api.axelarscan.io (public GMP Explorer API)"
"base : 0xce16F69375520ab01377ce7B88f5BA8C48F8D666","osmosis : osmo1n6ney9tsf55etz9nrmzyd8wa7e64qd3s06a74fqs30ka8pps6cvqtsycr6","base","osmosis","0xce16F69375520ab01377ce7B88f5BA8C48F8D666","osmo1n6ney9tsf55etz9nrmzyd8wa7e64qd3s06a74fqs30ka8pps6cvqtsycr6","2026-08-30T22:24:09Z","2026-08-30T22:24:09Z","2026-08-30T23:00:23Z","2174","00:36:14","26.721832","AXL","1.10440049008064","Not Refunded","executed","received","False","True","0x5a7b421c681ff611cb8e6e6adb79d36e1ac4be2096df17b80be4182de87a8c89","0x5a7b421c681ff611cb8e6e6adb79d36e1ac4be2096df17b80be4182de87a8c89-7","Axelar Network (GMP)","https://api.axelarscan.io (public GMP Explorer API)"
"immutable : 0x4f49B53928A71E553bB1B0F66a5BcB54Fd4E8932","Ethereum : 0x4f49B53928A71E553bB1B0F66a5BcB54Fd4E8932","immutable","Ethereum","0x4f49B53928A71E553bB1B0F66a5BcB54Fd4E8932","0x4f49B53928A71E553bB1B0F66a5BcB54Fd4E8932","2026-08-30T22:16:43Z","2026-08-30T22:16:43Z","2026-08-30T22:18:23Z","100","00:01:40",,,,"Not Refunded","executed","received","False","True","0xab08e1889b4a25be0dd695ea474cbaebdcdcbadd00670d1804bad105da52753d","0xab08e1889b4a25be0dd695ea474cbaebdcdcbadd00670d1804bad105da52753d-5","Axelar Network (GMP)","https://api.axelarscan.io (public GMP Explorer API)"
"arbitrum : 0xce16F69375520ab01377ce7B88f5BA8C48F8D666","osmosis : osmo1n6ney9tsf55etz9nrmzyd8wa7e64qd3s06a74fqs30ka8pps6cvqtsycr6","arbitrum","osmosis","0xce16F69375520ab01377ce7B88f5BA8C48F8D666","osmo1n6ney9tsf55etz9nrmzyd8wa7e64qd3s06a74fqs30ka8pps6cvqtsycr6","2026-08-30T22:15:12Z","2026-08-30T22:15:12Z","2026-08-30T22:35:49Z","1237","00:20:37","0.997846","axlUSDC","0.997712288636","Not Refunded","executed","received","False","True","0xb64384e22caf5a39bc8095d6847babafb2487325e431e0163b387c1f5e204625","0xb64384e22caf5a39bc8095d6847babafb2487325e431e0163b387c1f5e204625-14","Axelar Network (GMP)","https://api.axelarscan.io (public GMP Explorer API)"
"immutable : 0x4f49B53928A71E553bB1B0F66a5BcB54Fd4E8932","Ethereum : 0x4f49B53928A71E553bB1B0F66a5BcB54Fd4E8932","immutable","Ethereum","0x4f49B53928A71E553bB1B0F66a5BcB54Fd4E8932","0x4f49B53928A71E553bB1B0F66a5BcB54Fd4E8932","2026-08-30T22:14:53Z","2026-08-30T22:14:53Z","2026-08-30T22:16:23Z","90","00:01:30",,,,"Not Refunded","executed","received","False","True","0xfb6ee00536d639ec1e213115c5ed22465f5e2e899b23e21770fe61a34e45732e","0xfb6ee00536d639ec1e213115c5ed22465f5e2e899b23e21770fe61a34e45732e-2","Axelar Network (GMP)","https://api.axelarscan.io (public GMP Explorer API)"
"base : 0xce16F69375520ab01377ce7B88f5BA8C48F8D666","binance : 0xce16F69375520ab01377ce7B88f5BA8C48F8D666","base","binance","0xce16F69375520ab01377ce7B88f5BA8C48F8D666","0xce16F69375520ab01377ce7B88f5BA8C48F8D666","2026-08-30T22:14:43Z","2026-08-30T22:14:43Z","2026-08-30T22:54:43Z","2400","00:40:00","991.543206","axlUSDC","991.410339210396","Not Refunded","executed","received","False","True","0x50db5efbfe1fbb37cdde388d985a151dfcaf4e30c67df2f0cc1308ec3c87985e","0x50db5efbfe1fbb37cdde388d985a151dfcaf4e30c67df2f0cc1308ec3c87985e-15","Axelar Network (GMP)","https://api.axelarscan.io (public GMP Explorer API)"
"ethereum : 0x4f49B53928A71E553bB1B0F66a5BcB54Fd4E8932","immutable : 0x4f49B53928A71E553bB1B0F66a5BcB54Fd4E8932","ethereum","immutable","0x4f49B53928A71E553bB1B0F66a5BcB54Fd4E8932","0x4f49B53928A71E553bB1B0F66a5BcB54Fd4E8932","2026-08-30T22:13:11Z","2026-08-30T22:13:11Z","2026-08-30T22:28:59Z","948","00:15:48",,,,"Not Refunded","executed","received","False","True","0xf8db81ed31f701b9ada649aa6c846b6319b66cdd99940e045bbf7642e9e89110","0xf8db81ed31f701b9ada649aa6c846b6319b66cdd99940e045bbf7642e9e89110-1","Axelar Network (GMP)","https://api.axelarscan.io (public GMP Explorer API)"
"binance : 0xcbBA104B6CB4960a70E5dfc48E76C536A1f19609","base : 0xcbBA104B6CB4960a70E5dfc48E76C536A1f19609","binance","base","0xcbBA104B6CB4960a70E5dfc48E76C536A1f19609","0xcbBA104B6CB4960a70E5dfc48E76C536A1f19609","2026-08-30T22:13:10Z","2026-08-30T22:13:10Z","2026-08-30T22:13:59Z","49","00:00:49",,,,"Not Refunded","executed","received","False","True","0x5b11d6ba9e85ad14cbd4b75edc2ffac85865a5c4ef6445f4dcc3ed00fa8e0c56","0x5b11d6ba9e85ad14cbd4b75edc2ffac85865a5c4ef6445f4dcc3ed00fa8e0c56-4","Axelar Network (GMP)","https://api.axelarscan.io (public GMP Explorer API)"
"arbitrum : 0xB5FB4BE02232B1bBA4dC8f81dc24C26980dE9e3C","axelar : axelar1aqcj54lzz0rk22gvqgcn8fr5tx4rzwdv5wv5j9dmnacgefvd7wzsy2j2mr","arbitrum","axelar","0xB5FB4BE02232B1bBA4dC8f81dc24C26980dE9e3C","axelar1aqcj54lzz0rk22gvqgcn8fr5tx4rzwdv5wv5j9dmnacgefvd7wzsy2j2mr","2026-08-30T22:11:13Z","2026-08-30T22:11:13Z","2026-08-30T22:29:59Z","1126","00:18:46","50434.05898983871","ATH","250.65576015772868","Not Refunded","executed","received","False","True","0x9a691b9ffeac8f502b4be6fbdaebf38ac39bdeb66fe4af9f7385ed5f050e5e83","0x9a691b9ffeac8f502b4be6fbdaebf38ac39bdeb66fe4af9f7385ed5f050e5e83-12","Axelar Network (GMP)","https://api.axelarscan.io (public GMP Explorer API)"
"osmosis : osmo1n6ney9tsf55etz9nrmzyd8wa7e64qd3s06a74fqs30ka8pps6cvqtsycr6","base : 0xce16F69375520ab01377ce7B88f5BA8C48F8D666","osmosis","base","osmo1n6ney9tsf55etz9nrmzyd8wa7e64qd3s06a74fqs30ka8pps6cvqtsycr6","0xce16F69375520ab01377ce7B88f5BA8C48F8D666","2026-08-30T22:07:50Z","2026-08-30T22:07:50Z","2026-08-30T22:08:29Z","39","00:00:39","44.296681","axlUSDC","44.291852661770996","Pending Refund","executed","received","False","True","FFE65CDFC4A4CBAFC4FDDEE84FC8AED4134BF931532E69540349CB613185B1FF","0xd240f27eff32bf6ab804c3cefa051917d286751b6142ffd637ac51946fff998a-7094324","Axelar Network (GMP)","https://api.axelarscan.io (public GMP Explorer API)"
"arbitrum : 0xce16F69375520ab01377ce7B88f5BA8C48F8D666","base : 0xce16F69375520ab01377ce7B88f5BA8C48F8D666","arbitrum","base","0xce16F69375520ab01377ce7B88f5BA8C48F8D666","0xce16F69375520ab01377ce7B88f5BA8C48F8D666","2026-08-30T22:07:42Z","2026-08-30T22:07:42Z","2026-08-30T22:29:53Z","1331","00:22:11","0.109971","axlUSDC","0.109959013161","Not Refunded","executed","received","False","True","0xbd3d1c26bf346ff80333b01240e347ac2a0303fe6cce311f9be6f130cdef81e8","0xbd3d1c26bf346ff80333b01240e347ac2a0303fe6cce311f9be6f130cdef81e8-7","Axelar Network (GMP)","https://api.axelarscan.io (public GMP Explorer API)"
"arbitrum : 0xaD6Cea45f98444a922a2b4fE96b8C90F0862D2F4","binance : 0xce16F69375520ab01377ce7B88f5BA8C48F8D666","arbitrum","binance","0xaD6Cea45f98444a922a2b4fE96b8C90F0862D2F4","0xce16F69375520ab01377ce7B88f5BA8C48F8D666","2026-08-30T22:05:14Z","2026-08-30T22:05:14Z","2026-08-30T22:23:57Z","1123","00:18:43","5970.334105","axlUSDC","5969.683338582555","Not Refunded","executed","received","False","True","0x734234747494fa8feae2108ec0358d672c0fee1d5fb6360dcbe9aa5085cf0c10","0x734234747494fa8feae2108ec0358d672c0fee1d5fb6360dcbe9aa5085cf0c10-15","Axelar Network (GMP)","https://api.axelarscan.io (public GMP Explorer API)"
"axelar : axelar1aqcj54lzz0rk22gvqgcn8fr5tx4rzwdv5wv5j9dmnacgefvd7wzsy2j2mr","xrpl : rfmS3zqrQrka8wVyhXifEeyTwe8AMz2Yhw","axelar","xrpl","axelar1aqcj54lzz0rk22gvqgcn8fr5tx4rzwdv5wv5j9dmnacgefvd7wzsy2j2mr","rfmS3zqrQrka8wVyhXifEeyTwe8AMz2Yhw","2026-08-30T22:04:31Z","2026-08-30T22:04:31Z","2026-08-30T22:04:59Z","28","00:00:28","154.339999","XRP","0","Pending Refund","executed","received","False","False","6FA8977747DDE4EF4F2AE8F24DE61EAA49B5C05F9DEA8EC608A6061F8489262F","0x6fa8977747dde4ef4f2ae8f24de61eaa49b5c05f9dea8ec608a6061f8489262f-7094219","Axelar Network (GMP)","https://api.axelarscan.io (public GMP Explorer API)"
"xrpl-evm : 0xB5FB4BE02232B1bBA4dC8f81dc24C26980dE9e3C","axelar : axelar1aqcj54lzz0rk22gvqgcn8fr5tx4rzwdv5wv5j9dmnacgefvd7wzsy2j2mr","xrpl-evm","axelar","0xB5FB4BE02232B1bBA4dC8f81dc24C26980dE9e3C","axelar1aqcj54lzz0rk22gvqgcn8fr5tx4rzwdv5wv5j9dmnacgefvd7wzsy2j2mr","2026-08-30T22:03:46Z","2026-08-30T22:03:46Z","2026-08-30T22:04:31Z","45","00:00:45","154.33999999999997","XRP","216.07599999999996","Not Refunded","executed","received","False","True","0xbf045c009aae5059121db684e1d38e2d12ae4732121cde9553e24eac9e2b79ca","0xbf045c009aae5059121db684e1d38e2d12ae4732121cde9553e24eac9e2b79ca-3","Axelar Network (GMP)","https://api.axelarscan.io (public GMP Explorer API)"
"immutable : 0x4f49B53928A71E553bB1B0F66a5BcB54Fd4E8932","Ethereum : 0x4f49B53928A71E553bB1B0F66a5BcB54Fd4E8932","immutable","Ethereum","0x4f49B53928A71E553bB1B0F66a5BcB54Fd4E8932","0x4f49B53928A71E553bB1B0F66a5BcB54Fd4E8932","2026-08-30T21:54:41Z","2026-08-30T21:54:41Z","2026-08-30T21:56:35Z","114","00:01:54",,,,"Not Refunded","executed","received","False","True","0x69f4e0122744ed3fe4c31105e3019608d281ebc5cbc77f0e360b07c8e3d76732","0x69f4e0122744ed3fe4c31105e3019608d281ebc5cbc77f0e360b07c8e3d76732-5","Axelar Network (GMP)","https://api.axelarscan.io (public GMP Explorer API)"
"binance : 0xce16F69375520ab01377ce7B88f5BA8C48F8D666","base : 0xce16F69375520ab01377ce7B88f5BA8C48F8D666","binance","base","0xce16F69375520ab01377ce7B88f5BA8C48F8D666","0xce16F69375520ab01377ce7B88f5BA8C48F8D666","2026-08-30T21:54:00Z","2026-08-30T21:54:00Z","2026-08-30T21:54:59Z","59","00:00:59","10.996724","axlUSDC","10.995437383292","Not Refunded","executed","received","False","True","0x25cc73981d3c3675c8a25663b1c8de5b84fa04b648e5fb18dca3cbae93939000","0x25cc73981d3c3675c8a25663b1c8de5b84fa04b648e5fb18dca3cbae93939000-15","Axelar Network (GMP)","https://api.axelarscan.io (public GMP Explorer API)"
"ethereum : 0x4f49B53928A71E553bB1B0F66a5BcB54Fd4E8932","immutable : 0x4f49B53928A71E553bB1B0F66a5BcB54Fd4E8932","ethereum","immutable","0x4f49B53928A71E553bB1B0F66a5BcB54Fd4E8932","0x4f49B53928A71E553bB1B0F66a5BcB54Fd4E8932","2026-08-30T21:49:59Z","2026-08-30T21:49:59Z","2026-08-30T22:09:19Z","1160","00:19:20",,,,"Not Refunded","executed","received","False","True","0xf6761f5f12f290c76edcf5a382d91e082d0d03d3f1e348e4d1eacd6e939c60ca","0xf6761f5f12f290c76edcf5a382d91e082d0d03d3f1e348e4d1eacd6e939c60ca-1","Axelar Network (GMP)","https://api.axelarscan.io (public GMP Explorer API)"
"ethereum : 0x50beAbe4883981624aEa01F737B040d1e3Fe83FB","monad : 0x50beAbe4883981624aEa01F737B040d1e3Fe83FB","ethereum","monad","0x50beAbe4883981624aEa01F737B040d1e3Fe83FB","0x50beAbe4883981624aEa01F737B040d1e3Fe83FB","2026-08-30T21:49:59Z","2026-08-30T21:49:59Z","2026-08-30T22:09:05Z","1146","00:19:06",,,,"Not Refunded","executed","received","False","True","0xa5d8cb50896705ec56b6bea17d392b8c3fb9c0a0d3a4f7ac21f3aa066eb1e1df","0xa5d8cb50896705ec56b6bea17d392b8c3fb9c0a0d3a4f7ac21f3aa066eb1e1df-6","Axelar Network (GMP)","https://api.axelarscan.io (public GMP Explorer API)"
"axelar : axelar1aqcj54lzz0rk22gvqgcn8fr5tx4rzwdv5wv5j9dmnacgefvd7wzsy2j2mr","avalanche : 0xB5FB4BE02232B1bBA4dC8f81dc24C26980dE9e3C","axelar","avalanche","axelar1aqcj54lzz0rk22gvqgcn8fr5tx4rzwdv5wv5j9dmnacgefvd7wzsy2j2mr","0xB5FB4BE02232B1bBA4dC8f81dc24C26980dE9e3C","2026-08-30T21:43:58Z","2026-08-30T21:43:58Z","2026-08-30T21:44:20Z","22","00:00:22","34232.02458227","ALVA","0","Not Refunded","executed","received","False","False","FB42CB8646D7F22544CE3CD40198BD0A1787D20B8B1C77F8B8958E2CDCA38773","0xfb42cb8646d7f22544ce3cd40198bd0a1787d20b8b1c77f8b8958e2cdca38773-7094187","Axelar Network (GMP)","https://api.axelarscan.io (public GMP Explorer API)"
"axelar : axelar1aqcj54lzz0rk22gvqgcn8fr5tx4rzwdv5wv5j9dmnacgefvd7wzsy2j2mr","ethereum : 0xB5FB4BE02232B1bBA4dC8f81dc24C26980dE9e3C","axelar","ethereum","axelar1aqcj54lzz0rk22gvqgcn8fr5tx4rzwdv5wv5j9dmnacgefvd7wzsy2j2mr","0xB5FB4BE02232B1bBA4dC8f81dc24C26980dE9e3C","2026-08-30T21:43:56Z","2026-08-30T21:43:56Z","2026-08-30T21:45:23Z","87","00:01:27","18732.051384249535","ALVA","0","Pending Refund","executed","received","False","False","92C377A82B9910D4D88F84049B56E9118CEF09AB2E1C3E11807EF292DACF5059","0x92c377a82b9910d4d88f84049b56e9118cef09ab2e1c3e11807ef292dacf5059-7094184","Axelar Network (GMP)","https://api.axelarscan.io (public GMP Explorer API)"
"axelar : axelar1aqcj54lzz0rk22gvqgcn8fr5tx4rzwdv5wv5j9dmnacgefvd7wzsy2j2mr","avalanche : 0xB5FB4BE02232B1bBA4dC8f81dc24C26980dE9e3C","axelar","avalanche","axelar1aqcj54lzz0rk22gvqgcn8fr5tx4rzwdv5wv5j9dmnacgefvd7wzsy2j2mr","0xB5FB4BE02232B1bBA4dC8f81dc24C26980dE9e3C","2026-08-30T21:43:56Z","2026-08-30T21:43:56Z","2026-08-30T21:44:20Z","24","00:00:24","1001.1153449221373","ALVA","0","Not Refunded","executed","received","False","False","017760BCD43B3856EFC348A4B273546D12C20D805388CFB9A73BAF75F0982412","0x017760bcd43b3856efc348a4b273546d12c20d805388cfb9a73baf75f0982412-7094181","Axelar Network (GMP)","https://api.axelarscan.io (public GMP Explorer API)"
"binance : 0xce16F69375520ab01377ce7B88f5BA8C48F8D666","Polygon : 0xce16F69375520ab01377ce7B88f5BA8C48F8D666","binance","Polygon","0xce16F69375520ab01377ce7B88f5BA8C48F8D666","0xce16F69375520ab01377ce7B88f5BA8C48F8D666","2026-08-30T21:41:32Z","2026-08-30T21:41:32Z","2026-08-30T21:42:18Z","46","00:00:46","28.557741","axlUSDC","28.553885704965","Not Refunded","executed","received","False","True","0x8fffd56c56b40b3f92056496a71e8dc3ee2f61ed5fb62c6ba4a54104520ba9b1","0x8fffd56c56b40b3f92056496a71e8dc3ee2f61ed5fb62c6ba4a54104520ba9b1-13","Axelar Network (GMP)","https://api.axelarscan.io (public GMP Explorer API)"
"axelar : axelar1aqcj54lzz0rk22gvqgcn8fr5tx4rzwdv5wv5j9dmnacgefvd7wzsy2j2mr","avalanche : 0xB5FB4BE02232B1bBA4dC8f81dc24C26980dE9e3C","axelar","avalanche","axelar1aqcj54lzz0rk22gvqgcn8fr5tx4rzwdv5wv5j9dmnacgefvd7wzsy2j2mr","0xB5FB4BE02232B1bBA4dC8f81dc24C26980dE9e3C","2026-08-30T21:36:58Z","2026-08-30T21:36:58Z","2026-08-30T21:37:19Z","21","00:00:21","12795.454304378594","ALVA","0","Not Refunded","executed","received","False","False","06BA94E1AD601DAD2E73B49C6E93DE6724C5EA6A03763CC56C96417B81979148","0x06ba94e1ad601dad2e73b49c6e93de6724c5ea6a03763cc56c96417b81979148-7094168","Axelar Network (GMP)","https://api.axelarscan.io (public GMP Explorer API)"
"osmosis : osmo1n6ney9tsf55etz9nrmzyd8wa7e64qd3s06a74fqs30ka8pps6cvqtsycr6","arbitrum : 0xce16F69375520ab01377ce7B88f5BA8C48F8D666","osmosis","arbitrum","osmo1n6ney9tsf55etz9nrmzyd8wa7e64qd3s06a74fqs30ka8pps6cvqtsycr6","0xce16F69375520ab01377ce7B88f5BA8C48F8D666","2026-08-30T21:36:56Z","2026-08-30T21:36:56Z","2026-08-30T21:37:44Z","48","00:00:48","3.073641","axlUSDC","3.073183027491","Pending Refund","executed","received","False","True","2894B70CACF98F44A46A906595BBDA6FCE55F1E0688AD6CE643C349C0DD985F6","0xc50b2664bfd36899a66af882b3b93e4b825a5c26aaf358a457ea712f6592e663-7094169","Axelar Network (GMP)","https://api.axelarscan.io (public GMP Explorer API)"
"binance : 0xce16F69375520ab01377ce7B88f5BA8C48F8D666","celo : 0xce16F69375520ab01377ce7B88f5BA8C48F8D666","binance","celo","0xce16F69375520ab01377ce7B88f5BA8C48F8D666","0xce16F69375520ab01377ce7B88f5BA8C48F8D666","2026-08-30T21:32:18Z","2026-08-30T21:32:18Z","2026-08-30T21:32:57Z","39","00:00:39","121.889932","axlUSDC","121.87603654775201","Not Refunded","executed","received","False","True","0x8e3d57cd69690dad8fff607daf3924b95916f1b5236a93a0543a6d5b1a437b8f","0x8e3d57cd69690dad8fff607daf3924b95916f1b5236a93a0543a6d5b1a437b8f-13","Axelar Network (GMP)","https://api.axelarscan.io (public GMP Explorer API)"
"monad : 0x50beAbe4883981624aEa01F737B040d1e3Fe83FB","ethereum : 0x50beAbe4883981624aEa01F737B040d1e3Fe83FB","monad","ethereum","0x50beAbe4883981624aEa01F737B040d1e3Fe83FB","0x50beAbe4883981624aEa01F737B040d1e3Fe83FB","2026-08-30T21:32:05Z","2026-08-30T21:32:05Z","2026-08-30T21:33:23Z","78","00:01:18",,,,"Not Refunded","executed","received","False","True","0x84ca0d18e271fdfa2c9e9a8a876e92491f3a52427aa8ee3c10780b8f378e7932","0x84ca0d18e271fdfa2c9e9a8a876e92491f3a52427aa8ee3c10780b8f378e7932-8","Axelar Network (GMP)","https://api.axelarscan.io (public GMP Explorer API)"
"binance : 0xcbBA104B6CB4960a70E5dfc48E76C536A1f19609","base : 0xcbBA104B6CB4960a70E5dfc48E76C536A1f19609","binance","base","0xcbBA104B6CB4960a70E5dfc48E76C536A1f19609","0xcbBA104B6CB4960a70E5dfc48E76C536A1f19609","2026-08-30T21:30:48Z","2026-08-30T21:30:48Z","2026-08-30T21:31:29Z","41","00:00:41",,,,"Not Refunded","executed","received","False","True","0x9bfefe990414b4b8964b3f7945d8ffabf11e8b3cc5c3756011b3b9fc44d37202","0x9bfefe990414b4b8964b3f7945d8ffabf11e8b3cc5c3756011b3b9fc44d37202-4","Axelar Network (GMP)","https://api.axelarscan.io (public GMP Explorer API)"
"base : 0xB5FB4BE02232B1bBA4dC8f81dc24C26980dE9e3C","axelar : axelar1aqcj54lzz0rk22gvqgcn8fr5tx4rzwdv5wv5j9dmnacgefvd7wzsy2j2mr","base","axelar","0xB5FB4BE02232B1bBA4dC8f81dc24C26980dE9e3C","axelar1aqcj54lzz0rk22gvqgcn8fr5tx4rzwdv5wv5j9dmnacgefvd7wzsy2j2mr","2026-08-30T21:18:11Z","2026-08-30T21:18:11Z","2026-08-30T21:43:58Z","1547","00:25:47","34232.02458227","ALVA","85.13675673733461","Not Refunded","executed","received","False","True","0x4e937cabe5d0f8f6492c2c554b634aa18edc1703fbc8aece4985a7840fa6e18d","0x4e937cabe5d0f8f6492c2c554b634aa18edc1703fbc8aece4985a7840fa6e18d-3","Axelar Network (GMP)","https://api.axelarscan.io (public GMP Explorer API)"
"base : 0xB5FB4BE02232B1bBA4dC8f81dc24C26980dE9e3C","axelar : axelar1aqcj54lzz0rk22gvqgcn8fr5tx4rzwdv5wv5j9dmnacgefvd7wzsy2j2mr","base","axelar","0xB5FB4BE02232B1bBA4dC8f81dc24C26980dE9e3C","axelar1aqcj54lzz0rk22gvqgcn8fr5tx4rzwdv5wv5j9dmnacgefvd7wzsy2j2mr","2026-08-30T21:18:05Z","2026-08-30T21:18:05Z","2026-08-30T21:43:56Z","1551","00:25:51","18732.051384249535","ALVA","46.58754839519781","Not Refunded","executed","received","False","True","0x39074d2ca28b550a8d597e2400055346bfe24d8aaa8879ff0eff91ef6194d895","0x39074d2ca28b550a8d597e2400055346bfe24d8aaa8879ff0eff91ef6194d895-13","Axelar Network (GMP)","https://api.axelarscan.io (public GMP Explorer API)"
"ethereum : 0xB5FB4BE02232B1bBA4dC8f81dc24C26980dE9e3C","axelar : axelar1aqcj54lzz0rk22gvqgcn8fr5tx4rzwdv5wv5j9dmnacgefvd7wzsy2j2mr","ethereum","axelar","0xB5FB4BE02232B1bBA4dC8f81dc24C26980dE9e3C","axelar1aqcj54lzz0rk22gvqgcn8fr5tx4rzwdv5wv5j9dmnacgefvd7wzsy2j2mr","2026-08-30T21:17:59Z","2026-08-30T21:17:59Z","2026-08-30T21:36:58Z","1139","00:18:59","12795.454304378594","ALVA","31.822934627704786","Not Refunded","executed","received","False","True","0x3fe03297a62d461c71f1d093698de5d14f07b3bc8c07e334c0b0aa07f26cf383","0x3fe03297a62d461c71f1d093698de5d14f07b3bc8c07e334c0b0aa07f26cf383-11","Axelar Network (GMP)","https://api.axelarscan.io (public GMP Explorer API)"
"base : 0xB5FB4BE02232B1bBA4dC8f81dc24C26980dE9e3C","axelar : axelar1aqcj54lzz0rk22gvqgcn8fr5tx4rzwdv5wv5j9dmnacgefvd7wzsy2j2mr","base","axelar","0xB5FB4BE02232B1bBA4dC8f81dc24C26980dE9e3C","axelar1aqcj54lzz0rk22gvqgcn8fr5tx4rzwdv5wv5j9dmnacgefvd7wzsy2j2mr","2026-08-30T21:17:57Z","2026-08-30T21:17:57Z","2026-08-30T21:43:56Z","1559","00:25:59","1001.1153449221373","ALVA","2.489823918588602","Not Refunded","executed","received","False","True","0x3fd039b3126940a29f972b8d4e16fc2b76f8594d802fe2e538ea6b854e39f869","0x3fd039b3126940a29f972b8d4e16fc2b76f8594d802fe2e538ea6b854e39f869-13","Axelar Network (GMP)","https://api.axelarscan.io (public GMP Explorer API)"
"ethereum : 0xce16F69375520ab01377ce7B88f5BA8C48F8D666","Arbitrum : 0xce16F69375520ab01377ce7B88f5BA8C48F8D666","ethereum","Arbitrum","0xce16F69375520ab01377ce7B88f5BA8C48F8D666","0xce16F69375520ab01377ce7B88f5BA8C48F8D666","2026-08-30T21:16:59Z","2026-08-30T21:16:59Z","2026-08-30T21:31:49Z","890","00:14:50","3116.814601","USDC","3116.477985023092","Not Refunded","executed","received","False","True","0x97eba162b7cb6fc6d1292c2aafdb20e6fd7d188fc99a2178b6111d4adc68bf57","0x97eba162b7cb6fc6d1292c2aafdb20e6fd7d188fc99a2178b6111d4adc68bf57-15","Axelar Network (GMP)","https://api.axelarscan.io (public GMP Explorer API)"
"arbitrum : 0xce16F69375520ab01377ce7B88f5BA8C48F8D666","base : 0xce16F69375520ab01377ce7B88f5BA8C48F8D666","arbitrum","base","0xce16F69375520ab01377ce7B88f5BA8C48F8D666","0xce16F69375520ab01377ce7B88f5BA8C48F8D666","2026-08-30T21:16:16Z","2026-08-30T21:16:16Z","2026-08-30T21:33:27Z","1031","00:17:11","698.947358","axlUSDC","698.871871685336","Not Refunded","executed","received","False","True","0x22ed81ae8ffe3a6c1485cfd404888401e7e01079ef7a71603ed44a97c5818535","0x22ed81ae8ffe3a6c1485cfd404888401e7e01079ef7a71603ed44a97c5818535-9","Axelar Network (GMP)","https://api.axelarscan.io (public GMP Explorer API)"
"axelar : axelar1aqcj54lzz0rk22gvqgcn8fr5tx4rzwdv5wv5j9dmnacgefvd7wzsy2j2mr","stellar : CBDBMIOFHGWUFRYH3D3STI2DHBOWGDDBCRKQEUB4RGQEBVG74SEED6C6","axelar","stellar","axelar1aqcj54lzz0rk22gvqgcn8fr5tx4rzwdv5wv5j9dmnacgefvd7wzsy2j2mr","CBDBMIOFHGWUFRYH3D3STI2DHBOWGDDBCRKQEUB4RGQEBVG74SEED6C6","2026-08-30T21:13:59Z","2026-08-30T21:13:59Z","2026-08-30T21:14:41Z","42","00:00:42","58362.9198046","SHX","0","Pending Refund","executed","received","False","False","597F4FD02CA38529110DEB0DF3AB3C19E2D9EE9E754BF069FEDD52D5B750D0E9","0x597f4fd02ca38529110deb0df3ab3c19e2d9ee9e754bf069fedd52d5b750d0e9-7094042","Axelar Network (GMP)","https://api.axelarscan.io (public GMP Explorer API)"
"xrpl : rfmS3zqrQrka8wVyhXifEeyTwe8AMz2Yhw","axelar : axelar1aqcj54lzz0rk22gvqgcn8fr5tx4rzwdv5wv5j9dmnacgefvd7wzsy2j2mr","xrpl","axelar","rfmS3zqrQrka8wVyhXifEeyTwe8AMz2Yhw","axelar1aqcj54lzz0rk22gvqgcn8fr5tx4rzwdv5wv5j9dmnacgefvd7wzsy2j2mr","2026-08-30T21:13:41Z","2026-08-30T21:13:41Z","2026-08-30T21:13:59Z","18","00:00:18","58362.9198046","SHX","203.15198577264385","Pending Refund","executed","received","False","True","4f040b44879b7641628183bed72bf5e506f5332a259db9aedafda84856a2ab24","0x4f040b44879b7641628183bed72bf5e506f5332a259db9aedafda84856a2ab24","Axelar Network (GMP)","https://api.axelarscan.io (public GMP Explorer API)"
"binance : 0xcbBA104B6CB4960a70E5dfc48E76C536A1f19609","base : 0xcbBA104B6CB4960a70E5dfc48E76C536A1f19609","binance","base","0xcbBA104B6CB4960a70E5dfc48E76C536A1f19609","0xcbBA104B6CB4960a70E5dfc48E76C536A1f19609","2026-08-30T21:12:59Z","2026-08-30T21:12:59Z","2026-08-30T21:13:57Z","58","00:00:58",,,,"Not Refunded","executed","received","False","True","0x674a8483e1da976f4b802b4b636364c70c6e6f4845793c9687bf0e862c3bc762","0x674a8483e1da976f4b802b4b636364c70c6e6f4845793c9687bf0e862c3bc762-4","Axelar Network (GMP)","https://api.axelarscan.io (public GMP Explorer API)"
"polygon : 0xce16F69375520ab01377ce7B88f5BA8C48F8D666","Arbitrum : 0xce16F69375520ab01377ce7B88f5BA8C48F8D666","polygon","Arbitrum","0xce16F69375520ab01377ce7B88f5BA8C48F8D666","0xce16F69375520ab01377ce7B88f5BA8C48F8D666","2026-08-30T21:12:49Z","2026-08-30T21:12:49Z","2026-08-30T21:13:18Z","29","00:00:29","1489.499196","axlUSDC","1489.315987598892","Not Refunded","executed","received","False","True","0xe09a8c034a20db3984fbd34c23dad94209c127c0d7253b517dabdcc6e90ddf9b","0xe09a8c034a20db3984fbd34c23dad94209c127c0d7253b517dabdcc6e90ddf9b-16","Axelar Network (GMP)","https://api.axelarscan.io (public GMP Explorer API)"
"polygon : 0xce16F69375520ab01377ce7B88f5BA8C48F8D666","base : 0xce16F69375520ab01377ce7B88f5BA8C48F8D666","polygon","base","0xce16F69375520ab01377ce7B88f5BA8C48F8D666","0xce16F69375520ab01377ce7B88f5BA8C48F8D666","2026-08-30T21:11:58Z","2026-08-30T21:11:58Z","2026-08-30T21:12:59Z","61","00:01:01","999.73381","axlUSDC","999.61084274137","Not Refunded","executed","received","False","True","0x04a468b4d575ef534acca9f04cc33a942962d750fa7327d92973bad10c86f193","0x04a468b4d575ef534acca9f04cc33a942962d750fa7327d92973bad10c86f193-15","Axelar Network (GMP)","https://api.axelarscan.io (public GMP Explorer API)"
"axelar : axelar1aqcj54lzz0rk22gvqgcn8fr5tx4rzwdv5wv5j9dmnacgefvd7wzsy2j2mr","binance : 0xB5FB4BE02232B1bBA4dC8f81dc24C26980dE9e3C","axelar","binance","axelar1aqcj54lzz0rk22gvqgcn8fr5tx4rzwdv5wv5j9dmnacgefvd7wzsy2j2mr","0xB5FB4BE02232B1bBA4dC8f81dc24C26980dE9e3C","2026-08-30T21:10:34Z","2026-08-30T21:10:34Z","2026-08-30T21:10:53Z","19","00:00:19","0.00299222","BTCB","0","Pending Refund","executed","received","False","False","AF122E6F11BEFB31FB24C5B7F990AE0066721E73021FE0F12BDB326994C2261D","0xaf122e6f11befb31fb24c5b7f990ae0066721e73021fe0f12bdb326994c2261d-7094010","Axelar Network (GMP)","https://api.axelarscan.io (public GMP Explorer API)"
"kava : 0xB5FB4BE02232B1bBA4dC8f81dc24C26980dE9e3C","axelar : axelar1aqcj54lzz0rk22gvqgcn8fr5tx4rzwdv5wv5j9dmnacgefvd7wzsy2j2mr","kava","axelar","0xB5FB4BE02232B1bBA4dC8f81dc24C26980dE9e3C","axelar1aqcj54lzz0rk22gvqgcn8fr5tx4rzwdv5wv5j9dmnacgefvd7wzsy2j2mr","2026-08-30T21:08:00Z","2026-08-30T21:08:00Z","2026-08-30T21:10:34Z","154","00:02:34","0.00299222","BTCB","235.22140642","Not Refunded","executed","received","False","True","0x5c484478958380f8535da9fc7d07dd6169c2a0bbaa463a268764caeafcf8b777","0x5c484478958380f8535da9fc7d07dd6169c2a0bbaa463a268764caeafcf8b777-7","Axelar Network (GMP)","https://api.axelarscan.io (public GMP Explorer API)"
"arbitrum : 0xce16F69375520ab01377ce7B88f5BA8C48F8D666","osmosis : osmo1n6ney9tsf55etz9nrmzyd8wa7e64qd3s06a74fqs30ka8pps6cvqtsycr6","arbitrum","osmosis","0xce16F69375520ab01377ce7B88f5BA8C48F8D666","osmo1n6ney9tsf55etz9nrmzyd8wa7e64qd3s06a74fqs30ka8pps6cvqtsycr6","2026-08-30T21:06:53Z","2026-08-30T21:06:53Z","2026-08-30T21:26:09Z","1156","00:19:16","0.013506","axlUSDC","0.013504244220000001","Not Refunded","executed","received","False","True","0xe8e9308534747294d0ef65b42cdf19c26da42ad797b954537fbaf73a913f87a1","0xe8e9308534747294d0ef65b42cdf19c26da42ad797b954537fbaf73a913f87a1-13","Axelar Network (GMP)","https://api.axelarscan.io (public GMP Explorer API)"
"polygon : 0xce16F69375520ab01377ce7B88f5BA8C48F8D666","Ethereum : 0xce16F69375520ab01377ce7B88f5BA8C48F8D666","polygon","Ethereum","0xce16F69375520ab01377ce7B88f5BA8C48F8D666","0xce16F69375520ab01377ce7B88f5BA8C48F8D666","2026-08-30T21:05:51Z","2026-08-30T21:05:51Z","2026-08-30T21:07:23Z","92","00:01:32","32.012047","axlUSDC","32.00788543389","Not Refunded","executed","received","False","True","0x6ec9a7a0cc6a02ad7c01fb5da25722aa2b2b21bd51c4f93f16cab516071c0d1d","0x6ec9a7a0cc6a02ad7c01fb5da25722aa2b2b21bd51c4f93f16cab516071c0d1d-20","Axelar Network (GMP)","https://api.axelarscan.io (public GMP Explorer API)"
"osmosis : osmo1n6ney9tsf55etz9nrmzyd8wa7e64qd3s06a74fqs30ka8pps6cvqtsycr6","arbitrum : 0xce16F69375520ab01377ce7B88f5BA8C48F8D666","osmosis","arbitrum","osmo1n6ney9tsf55etz9nrmzyd8wa7e64qd3s06a74fqs30ka8pps6cvqtsycr6","0xce16F69375520ab01377ce7B88f5BA8C48F8D666","2026-08-30T21:05:08Z","2026-08-30T21:05:08Z","2026-08-30T21:05:44Z","36","00:00:36","1.064377","axlUSDC","1.06423863099","Pending Refund","executed","received","False","True","55775A8CBA5EDC326218CF71B94901073C375B7592DDBC7D894E8841954EBC8A","0x678a66f27c90c340095f758b05312e145e1d667c4718e8bfa73eda0f3a4847c5-7094004","Axelar Network (GMP)","https://api.axelarscan.io (public GMP Explorer API)"
"mantle : 0xce16F69375520ab01377ce7B88f5BA8C48F8D666","base : 0xce16F69375520ab01377ce7B88f5BA8C48F8D666","mantle","base","0xce16F69375520ab01377ce7B88f5BA8C48F8D666","0xce16F69375520ab01377ce7B88f5BA8C48F8D666","2026-08-30T21:01:14Z","2026-08-30T21:01:14Z","2026-08-30T21:54:59Z","3225","00:53:45","0.635663","axlUSDC","0.635581635136","Not Refunded","executed","received","False","True","0xc38d5dd463ebea4158cfa9cac87ed9cfeed7e611b049cfab09b933fafdde5849","0xc38d5dd463ebea4158cfa9cac87ed9cfeed7e611b049cfab09b933fafdde5849-14","Axelar Network (GMP)","https://api.axelarscan.io (public GMP Explorer API)"
"ethereum : 0x4f49B53928A71E553bB1B0F66a5BcB54Fd4E8932","immutable : 0x4f49B53928A71E553bB1B0F66a5BcB54Fd4E8932","ethereum","immutable","0x4f49B53928A71E553bB1B0F66a5BcB54Fd4E8932","0x4f49B53928A71E553bB1B0F66a5BcB54Fd4E8932","2026-08-30T20:57:11Z","2026-08-30T20:57:11Z","2026-08-30T21:12:11Z","900","00:15:00",,,,"Not Refunded","executed","received","False","True","0xf088871df377ddc3a9545475953d3217beb3322f73d502cccc71aa36fae40930","0xf088871df377ddc3a9545475953d3217beb3322f73d502cccc71aa36fae40930-1","Axelar Network (GMP)","https://api.axelarscan.io (public GMP Explorer API)"
"osmosis : osmo1n6ney9tsf55etz9nrmzyd8wa7e64qd3s06a74fqs30ka8pps6cvqtsycr6","Ethereum : 0xce16F69375520ab01377ce7B88f5BA8C48F8D666","osmosis","Ethereum","osmo1n6ney9tsf55etz9nrmzyd8wa7e64qd3s06a74fqs30ka8pps6cvqtsycr6","0xce16F69375520ab01377ce7B88f5BA8C48F8D666","2026-08-30T20:53:23Z","2026-08-30T20:53:23Z","2026-08-30T20:54:23Z","60","00:01:00","114.254196","axlUSDC","114.242427817812","Pending Refund","executed","received","False","True","6A83FAFA097C6990F5BCBC0A8A43C98DBC48B11A5B087D8A85880F7B67655162","0x13e35d04048a5193743a724ff98d7de1d962b30ffa55252092556c577d9e3147-7094003","Axelar Network (GMP)","https://api.axelarscan.io (public GMP Explorer API)"
"blast : 0x492751eC3c57141deb205eC2da8bFcb410738630","Ethereum : 0xce16F69375520ab01377ce7B88f5BA8C48F8D666","blast","Ethereum","0x492751eC3c57141deb205eC2da8bFcb410738630","0xce16F69375520ab01377ce7B88f5BA8C48F8D666","2026-08-30T20:52:55Z","2026-08-30T20:52:55Z","2026-08-30T21:32:23Z","2368","00:39:28","0.737303","axlUSDC","0.7372270577910001","Not Refunded","executed","received","False","True","0xa8fe28364fa4d87dcc35f73bb2390e9a0fe8abd84f076e6770c66cb74e72d419","0xa8fe28364fa4d87dcc35f73bb2390e9a0fe8abd84f076e6770c66cb74e72d419-16","Axelar Network (GMP)","https://api.axelarscan.io (public GMP Explorer API)"
"arbitrum : 0xaD6Cea45f98444a922a2b4fE96b8C90F0862D2F4","base : 0xce16F69375520ab01377ce7B88f5BA8C48F8D666","arbitrum","base","0xaD6Cea45f98444a922a2b4fE96b8C90F0862D2F4","0xce16F69375520ab01377ce7B88f5BA8C48F8D666","2026-08-30T20:52:32Z","2026-08-30T20:52:32Z","2026-08-30T21:13:29Z","1257","00:20:57","92.231877","axlUSDC","92.222377116669","Not Refunded","executed","received","False","True","0xbfd2658ba29242c3e2c65ecb735035974d435e93ec9a22a48c5ca23ba027dc24","0xbfd2658ba29242c3e2c65ecb735035974d435e93ec9a22a48c5ca23ba027dc24-15","Axelar Network (GMP)","https://api.axelarscan.io (public GMP Explorer API)"
"polygon : 0xce16F69375520ab01377ce7B88f5BA8C48F8D666","Ethereum : 0xce16F69375520ab01377ce7B88f5BA8C48F8D666","polygon","Ethereum","0xce16F69375520ab01377ce7B88f5BA8C48F8D666","0xce16F69375520ab01377ce7B88f5BA8C48F8D666","2026-08-30T20:48:19Z","2026-08-30T20:48:19Z","2026-08-30T20:49:23Z","64","00:01:04","63.979829","axlUSDC","63.971511622230004","Not Refunded","executed","received","False","True","0x796d42212d167292ac4f0d16b6856bb9273585380605a2d868b00ddc1ca68f3e","0x796d42212d167292ac4f0d16b6856bb9273585380605a2d868b00ddc1ca68f3e-30","Axelar Network (GMP)","https://api.axelarscan.io (public GMP Explorer API)"
"binance : 0xcbBA104B6CB4960a70E5dfc48E76C536A1f19609","base : 0xcbBA104B6CB4960a70E5dfc48E76C536A1f19609","binance","base","0xcbBA104B6CB4960a70E5dfc48E76C536A1f19609","0xcbBA104B6CB4960a70E5dfc48E76C536A1f19609","2026-08-30T20:46:49Z","2026-08-30T20:46:49Z","2026-08-30T20:47:53Z","64","00:01:04",,,,"Not Refunded","executed","received","False","True","0xf2c9bf9379dcb137afa0bb15187add11bd9da27e0a8afe509696245cd649ec7d","0xf2c9bf9379dcb137afa0bb15187add11bd9da27e0a8afe509696245cd649ec7d-4","Axelar Network (GMP)","https://api.axelarscan.io (public GMP Explorer API)"
"immutable : 0xce16F69375520ab01377ce7B88f5BA8C48F8D666","base : 0xce16F69375520ab01377ce7B88f5BA8C48F8D666","immutable","base","0xce16F69375520ab01377ce7B88f5BA8C48F8D666","0xce16F69375520ab01377ce7B88f5BA8C48F8D666","2026-08-30T20:46:37Z","2026-08-30T20:46:37Z","2026-08-30T20:47:29Z","52","00:00:52","61.894687","axlUSDC","61.88664069069","Not Refunded","executed","received","False","True","0x17385753f5b35951971811d0fa523e655606ae7a50ed2526dec61c90c9af6612","0x17385753f5b35951971811d0fa523e655606ae7a50ed2526dec61c90c9af6612-16","Axelar Network (GMP)","https://api.axelarscan.io (public GMP Explorer API)"
"ethereum : 0xce16F69375520ab01377ce7B88f5BA8C48F8D666","binance : 0xce16F69375520ab01377ce7B88f5BA8C48F8D666","ethereum","binance","0xce16F69375520ab01377ce7B88f5BA8C48F8D666","0xce16F69375520ab01377ce7B88f5BA8C48F8D666","2026-08-30T20:46:11Z","2026-08-30T20:46:11Z","2026-08-30T21:05:17Z","1146","00:19:06","68.476722","USDC","68.46782002614","Not Refunded","executed","received","False","True","0xb20fc452a9bd6131e324ef7d366be9bb5d29229d1f442d8f4f1b4d4463b30dac","0xb20fc452a9bd6131e324ef7d366be9bb5d29229d1f442d8f4f1b4d4463b30dac-46","Axelar Network (GMP)","https://api.axelarscan.io (public GMP Explorer API)"
"binance : 0x43d090025aAA6C8693B71952B910AC55CcB56bBb","osmosis : osmo173adwu8q6xfww53rhwtlxhjyafav74k6qsu9a7","binance","osmosis","0x43d090025aAA6C8693B71952B910AC55CcB56bBb","osmo173adwu8q6xfww53rhwtlxhjyafav74k6qsu9a7","2026-08-30T20:45:32Z","2026-08-30T20:45:32Z","2026-08-30T20:45:51Z","19","00:00:19","5157.52","AXL","214.1454394952","Not Refunded","executed","received","False","True","0xf0d770d915c93f21cf9f905b328ca6e931fc15f6fd15125a40896e4a6839529d","0xf0d770d915c93f21cf9f905b328ca6e931fc15f6fd15125a40896e4a6839529d-3","Axelar Network (GMP)","https://api.axelarscan.io (public GMP Explorer API)"
"polygon : 0xce16F69375520ab01377ce7B88f5BA8C48F8D666","Ethereum : 0xce16F69375520ab01377ce7B88f5BA8C48F8D666","polygon","Ethereum","0xce16F69375520ab01377ce7B88f5BA8C48F8D666","0xce16F69375520ab01377ce7B88f5BA8C48F8D666","2026-08-30T20:43:52Z","2026-08-30T20:43:52Z","2026-08-30T20:45:35Z","103","00:01:43","14.027733","axlUSDC","14.02590939471","Not Refunded","executed","received","False","True","0xec400618bd84fc50a7d9cd012fef6376098ee1456744b02512d55dc675cc7158","0xec400618bd84fc50a7d9cd012fef6376098ee1456744b02512d55dc675cc7158-30","Axelar Network (GMP)","https://api.axelarscan.io (public GMP Explorer API)"
"osmosis : osmo1n6ney9tsf55etz9nrmzyd8wa7e64qd3s06a74fqs30ka8pps6cvqtsycr6","blast : 0x492751eC3c57141deb205eC2da8bFcb410738630","osmosis","blast","osmo1n6ney9tsf55etz9nrmzyd8wa7e64qd3s06a74fqs30ka8pps6cvqtsycr6","0x492751eC3c57141deb205eC2da8bFcb410738630","2026-08-30T20:42:32Z","2026-08-30T20:42:32Z","2026-08-30T20:43:25Z","53","00:00:53","1.053704","axlUSDC","1.053580716632","Pending Refund","executed","received","False","True","73425A960627BCDA0761019D7ACEC2CAA52EC1590CCB1441D99E67DD4A505B8E","0xcfcaadea496c75cb357e1728ba7da8d1e09c3e0dd76a22138ab291297ad90ec0-7094002","Axelar Network (GMP)","https://api.axelarscan.io (public GMP Explorer API)"
"ethereum : 0xce16F69375520ab01377ce7B88f5BA8C48F8D666","immutable : 0xce16F69375520ab01377ce7B88f5BA8C48F8D666","ethereum","immutable","0xce16F69375520ab01377ce7B88f5BA8C48F8D666","0xce16F69375520ab01377ce7B88f5BA8C48F8D666","2026-08-30T20:42:23Z","2026-08-30T20:42:23Z","2026-08-30T20:59:19Z","1016","00:16:56","2.492736","USDC","2.492444349888","Not Refunded","executed","received","False","True","0x4be4c7a9e18e4e7dadef651040cbedb2854099c9681c4a49c128020792b16865","0x4be4c7a9e18e4e7dadef651040cbedb2854099c9681c4a49c128020792b16865-7","Axelar Network (GMP)","https://api.axelarscan.io (public GMP Explorer API)"
"axelar : axelar1aqcj54lzz0rk22gvqgcn8fr5tx4rzwdv5wv5j9dmnacgefvd7wzsy2j2mr","ethereum : 0xB5FB4BE02232B1bBA4dC8f81dc24C26980dE9e3C","axelar","ethereum","axelar1aqcj54lzz0rk22gvqgcn8fr5tx4rzwdv5wv5j9dmnacgefvd7wzsy2j2mr","0xB5FB4BE02232B1bBA4dC8f81dc24C26980dE9e3C","2026-08-30T20:40:40Z","2026-08-30T20:40:40Z","2026-08-30T20:42:23Z","103","00:01:43","55339.37634520762","ATH","0","Pending Refund","executed","received","False","False","B7D1D4A19EAC691BC09F0D12DDC83B8AE5BFD3BE43F606C590BEB3BD280598AB","0xb7d1d4a19eac691bc09f0d12ddc83b8ae5bfd3be43f606c590beb3bd280598ab-7094001","Axelar Network (GMP)","https://api.axelarscan.io (public GMP Explorer API)"
"osmosis : osmo1m8wg4vxkefhs374qxmmqpyusgz289wmulex5qdwpfx7jnrxzer5s9cv83q","Ethereum : 0xB773bCc5B325ad9AC6B36e1A046AD4466833A16E","osmosis","Ethereum","osmo1m8wg4vxkefhs374qxmmqpyusgz289wmulex5qdwpfx7jnrxzer5s9cv83q","0xB773bCc5B325ad9AC6B36e1A046AD4466833A16E","2026-08-30T20:39:15Z","2026-08-30T20:39:15Z","2026-08-30T20:40:23Z","68","00:01:08","986.366352","axlUSDC","986.250947136816","Pending Refund","executed","received","False","True","74B8000F9DEE1B86DBAC4263DB713D3DD15BE4A66A6621FAC04D8CA61CFDFB94","0x200e5122b01e1c11a60579544037fc1b5f37e2342b0a88c2daa0cd3b74deff9e-7093995","Axelar Network (GMP)","https://api.axelarscan.io (public GMP Explorer API)"
"polygon : 0xce16F69375520ab01377ce7B88f5BA8C48F8D666","Ethereum : 0xce16F69375520ab01377ce7B88f5BA8C48F8D666","polygon","Ethereum","0xce16F69375520ab01377ce7B88f5BA8C48F8D666","0xce16F69375520ab01377ce7B88f5BA8C48F8D666","2026-08-30T20:37:27Z","2026-08-30T20:37:27Z","2026-08-30T20:39:23Z","116","00:01:56","39.030368","axlUSDC","39.025215991424005","Not Refunded","executed","received","False","True","0xcaf10bada52a7912bb8510e4149a90aa0e2a8a1787078de70c6db90053ee9ac8","0xcaf10bada52a7912bb8510e4149a90aa0e2a8a1787078de70c6db90053ee9ac8-20","Axelar Network (GMP)","https://api.axelarscan.io (public GMP Explorer API)"
"osmosis : osmo1m8wg4vxkefhs374qxmmqpyusgz289wmulex5qdwpfx7jnrxzer5s9cv83q","Ethereum : 0xB773bCc5B325ad9AC6B36e1A046AD4466833A16E","osmosis","Ethereum","osmo1m8wg4vxkefhs374qxmmqpyusgz289wmulex5qdwpfx7jnrxzer5s9cv83q","0xB773bCc5B325ad9AC6B36e1A046AD4466833A16E","2026-08-30T20:37:26Z","2026-08-30T20:37:26Z","2026-08-30T20:38:23Z","57","00:00:57","4990.962317","axlUSDC","4990.303509974156","Pending Refund","executed","received","False","True","CB299E6FCA4D571F6788AC8C02A728F716E1FC638711E370032E7BD8701863F6","0x1f37bb9aabab09a619edd35789a7cefd1e3019ad4933bb171a8b22912a2e667a-7093994","Axelar Network (GMP)","https://api.axelarscan.io (public GMP Explorer API)"
"osmosis : osmo1n6ney9tsf55etz9nrmzyd8wa7e64qd3s06a74fqs30ka8pps6cvqtsycr6","Ethereum : 0xce16F69375520ab01377ce7B88f5BA8C48F8D666","osmosis","Ethereum","osmo1n6ney9tsf55etz9nrmzyd8wa7e64qd3s06a74fqs30ka8pps6cvqtsycr6","0xce16F69375520ab01377ce7B88f5BA8C48F8D666","2026-08-30T20:36:37Z","2026-08-30T20:36:37Z","2026-08-30T20:38:23Z","106","00:01:46","476.539231","axlUSDC","476.47632782150794","Pending Refund","executed","received","False","True","076C03F5B6646FDDA7E6C0CA7B3ECF24484571D0BADBD535DA5DEDC371193320","0x61062ee60dc0e87d185290d38376a5f8cb62c4cf1fa5eca63e245a5333c0e82b-7093993","Axelar Network (GMP)","https://api.axelarscan.io (public GMP Explorer API)"
"polygon : 0xce16F69375520ab01377ce7B88f5BA8C48F8D666","base : 0xce16F69375520ab01377ce7B88f5BA8C48F8D666","polygon","base","0xce16F69375520ab01377ce7B88f5BA8C48F8D666","0xce16F69375520ab01377ce7B88f5BA8C48F8D666","2026-08-30T20:36:27Z","2026-08-30T20:36:27Z","2026-08-30T20:37:23Z","56","00:00:56","999.777182","axlUSDC","999.645211411976","Not Refunded","executed","received","False","True","0xcdfa8e4b44e1bf7b4750b9797b6da145843f2a7bacffd0df4e79937645e867cb","0xcdfa8e4b44e1bf7b4750b9797b6da145843f2a7bacffd0df4e79937645e867cb-15","Axelar Network (GMP)","https://api.axelarscan.io (public GMP Explorer API)"
"polygon : 0xD87E98798b1441c4b7fB7ABd918F90e42ae3D735","Base : 0x569594F181ac9AbdE3eBf89954F3D3Af40d63600","polygon","Base","0xD87E98798b1441c4b7fB7ABd918F90e42ae3D735","0x569594F181ac9AbdE3eBf89954F3D3Af40d63600","2026-08-30T20:35:24Z","2026-08-30T20:35:24Z","2026-08-30T20:36:23Z","59","00:00:59","74.796141","axlUSDC","74.786267909388","Not Refunded","executed","received","False","True","0xb53c3e267fa296ff551ddc2f492888164aa616641d7de2f6ace38a975f58d132","0xb53c3e267fa296ff551ddc2f492888164aa616641d7de2f6ace38a975f58d132-21","Axelar Network (GMP)","https://api.axelarscan.io (public GMP Explorer API)"
"osmosis : osmo1n6ney9tsf55etz9nrmzyd8wa7e64qd3s06a74fqs30ka8pps6cvqtsycr6","Ethereum : 0xce16F69375520ab01377ce7B88f5BA8C48F8D666","osmosis","Ethereum","osmo1n6ney9tsf55etz9nrmzyd8wa7e64qd3s06a74fqs30ka8pps6cvqtsycr6","0xce16F69375520ab01377ce7B88f5BA8C48F8D666","2026-08-30T20:35:14Z","2026-08-30T20:35:14Z","2026-08-30T20:36:35Z","81","00:01:21","0.020678830212138802","axlETH","51.83314223314288","Pending Refund","executed","received","False","True","CD6BD887BF9C57C339D6B431D01DAA392ED75283B867FAFC5D91FA16334FF084","0x424a8d96d975127a6067080b82ecc63fc2751061936d41127aeda46c962c7d60-7093992","Axelar Network (GMP)","https://api.axelarscan.io (public GMP Explorer API)"
"lava : lava@172hmzpf0c59tz5sfvmwu9gwsyh8vqdpetsck98","arbitrum : 0xce16F69375520ab01377ce7B88f5BA8C48F8D666","lava","arbitrum","lava@172hmzpf0c59tz5sfvmwu9gwsyh8vqdpetsck98","0xce16F69375520ab01377ce7B88f5BA8C48F8D666","2026-08-30T20:31:35Z","2026-08-30T20:31:35Z","2026-08-30T20:32:44Z","69","00:01:09","7382.935953","LAVA","148.74851423602234","Pending Refund","executed","received","False","True","18B4231B142422FA72C465DFC8E8F8F4F276251ED2CA8ED6AAFBCFF2A3B1F252","0xdf64bbbff7ccbc7ce8b5dc9d6401fcfd5ae958ae164070b0ef72804c3ed0c513-7093991","Axelar Network (GMP)","https://api.axelarscan.io (public GMP Explorer API)"
"binance : 0x43d090025aAA6C8693B71952B910AC55CcB56bBb","osmosis : osmo173adwu8q6xfww53rhwtlxhjyafav74k6qsu9a7","binance","osmosis","0x43d090025aAA6C8693B71952B910AC55CcB56bBb","osmo173adwu8q6xfww53rhwtlxhjyafav74k6qsu9a7","2026-08-30T20:28:30Z","2026-08-30T20:28:30Z","2026-08-30T20:28:45Z","15","00:00:15","5133.03","AXL","215.6784226128","Not Refunded","executed","received","False","True","0x988b60589c627a5b9e0eaca141fc1550d60e12a1ddef9b262d9d6e790735a388","0x988b60589c627a5b9e0eaca141fc1550d60e12a1ddef9b262d9d6e790735a388-3","Axelar Network (GMP)","https://api.axelarscan.io (public GMP Explorer API)"
"polygon : 0xce16F69375520ab01377ce7B88f5BA8C48F8D666","Ethereum : 0xce16F69375520ab01377ce7B88f5BA8C48F8D666","polygon","Ethereum","0xce16F69375520ab01377ce7B88f5BA8C48F8D666","0xce16F69375520ab01377ce7B88f5BA8C48F8D666","2026-08-30T20:27:58Z","2026-08-30T20:27:58Z","2026-08-30T20:29:23Z","85","00:01:25","57.710375","axlUSDC","57.701891574875","Not Refunded","executed","received","False","True","0xfe20789e01527a46be54831a7805e306ad06b78237cf5211a2c399555cd3231b","0xfe20789e01527a46be54831a7805e306ad06b78237cf5211a2c399555cd3231b-28","Axelar Network (GMP)","https://api.axelarscan.io (public GMP Explorer API)"
"binance : 0x43d090025aAA6C8693B71952B910AC55CcB56bBb","osmosis : osmo173adwu8q6xfww53rhwtlxhjyafav74k6qsu9a7","binance","osmosis","0x43d090025aAA6C8693B71952B910AC55CcB56bBb","osmo173adwu8q6xfww53rhwtlxhjyafav74k6qsu9a7","2026-08-30T20:25:51Z","2026-08-30T20:25:51Z","2026-08-30T20:26:06Z","15","00:00:15","5153.12","AXL","216.5225594112","Not Refunded","executed","received","False","True","0x1b70d92ba405939a0e32b814786f59696de799b2875bfa918a933b67d5103e09","0x1b70d92ba405939a0e32b814786f59696de799b2875bfa918a933b67d5103e09-3","Axelar Network (GMP)","https://api.axelarscan.io (public GMP Explorer API)"
"polygon : 0xce16F69375520ab01377ce7B88f5BA8C48F8D666","Ethereum : 0xce16F69375520ab01377ce7B88f5BA8C48F8D666","polygon","Ethereum","0xce16F69375520ab01377ce7B88f5BA8C48F8D666","0xce16F69375520ab01377ce7B88f5BA8C48F8D666","2026-08-30T20:25:03Z","2026-08-30T20:25:03Z","2026-08-30T20:26:23Z","80","00:01:20","17.831906","axlUSDC","17.829284709818","Not Refunded","executed","received","False","True","0xa6d494d6a439b07a7304612a5c36891e3376d065ffe7d10ed2cc0cbd2706c4b8","0xa6d494d6a439b07a7304612a5c36891e3376d065ffe7d10ed2cc0cbd2706c4b8-28","Axelar Network (GMP)","https://api.axelarscan.io (public GMP Explorer API)"
"base : 0xce16F69375520ab01377ce7B88f5BA8C48F8D666","Polygon : 0xce16F69375520ab01377ce7B88f5BA8C48F8D666","base","Polygon","0xce16F69375520ab01377ce7B88f5BA8C48F8D666","0xce16F69375520ab01377ce7B88f5BA8C48F8D666","2026-08-30T20:21:53Z","2026-08-30T20:21:53Z","2026-08-30T20:46:58Z","1505","00:25:05","200.232914","axlUSDC","200.20388022747","Not Refunded","executed","received","False","True","0xf3f2fccb267bb7ef9afc6058b086a16d7b82dc871aa3ad2e60ddb7ddbdf1434c","0xf3f2fccb267bb7ef9afc6058b086a16d7b82dc871aa3ad2e60ddb7ddbdf1434c-7","Axelar Network (GMP)","https://api.axelarscan.io (public GMP Explorer API)"
"arbitrum : 0xce16F69375520ab01377ce7B88f5BA8C48F8D666","osmosis : osmo1n6ney9tsf55etz9nrmzyd8wa7e64qd3s06a74fqs30ka8pps6cvqtsycr6","arbitrum","osmosis","0xce16F69375520ab01377ce7B88f5BA8C48F8D666","osmo1n6ney9tsf55etz9nrmzyd8wa7e64qd3s06a74fqs30ka8pps6cvqtsycr6","2026-08-30T20:21:35Z","2026-08-30T20:21:35Z","2026-08-30T20:41:09Z","1174","00:19:34","6.001196","axlUSDC","6.00032582658","Not Refunded","executed","received","False","True","0xb3b31b729a47c0ee9dcb833d2f0da9e393ae4dabf570624ea423cd19eb661433","0xb3b31b729a47c0ee9dcb833d2f0da9e393ae4dabf570624ea423cd19eb661433-13","Axelar Network (GMP)","https://api.axelarscan.io (public GMP Explorer API)"
"immutable : 0x4f49B53928A71E553bB1B0F66a5BcB54Fd4E8932","Ethereum : 0x4f49B53928A71E553bB1B0F66a5BcB54Fd4E8932","immutable","Ethereum","0x4f49B53928A71E553bB1B0F66a5BcB54Fd4E8932","0x4f49B53928A71E553bB1B0F66a5BcB54Fd4E8932","2026-08-30T20:17:55Z","2026-08-30T20:17:55Z","2026-08-30T20:19:23Z","88","00:01:28",,,,"Not Refunded","executed","received","False","True","0x535a6dce337d43eebbdb7fb1756fd659b2aed49c443d34a40c9622c5699125a5","0x535a6dce337d43eebbdb7fb1756fd659b2aed49c443d34a40c9622c5699125a5-2","Axelar Network (GMP)","https://api.axelarscan.io (public GMP Explorer API)"
"arbitrum : 0xB5FB4BE02232B1bBA4dC8f81dc24C26980dE9e3C","axelar : axelar1aqcj54lzz0rk22gvqgcn8fr5tx4rzwdv5wv5j9dmnacgefvd7wzsy2j2mr","arbitrum","axelar","0xB5FB4BE02232B1bBA4dC8f81dc24C26980dE9e3C","axelar1aqcj54lzz0rk22gvqgcn8fr5tx4rzwdv5wv5j9dmnacgefvd7wzsy2j2mr","2026-08-30T20:17:29Z","2026-08-30T20:17:29Z","2026-08-30T20:40:40Z","1391","00:23:11","55339.37634520762","ATH","277.87229007961025","Not Refunded","executed","received","False","True","0x5f95ec6e17139c7700464cad5540cee7aedcc13e72c8ea94d334755e8e8dd45c","0x5f95ec6e17139c7700464cad5540cee7aedcc13e72c8ea94d334755e8e8dd45c-6","Axelar Network (GMP)","https://api.axelarscan.io (public GMP Explorer API)"
"binance : 0xcbBA104B6CB4960a70E5dfc48E76C536A1f19609","base : 0xcbBA104B6CB4960a70E5dfc48E76C536A1f19609","binance","base","0xcbBA104B6CB4960a70E5dfc48E76C536A1f19609","0xcbBA104B6CB4960a70E5dfc48E76C536A1f19609","2026-08-30T20:17:24Z","2026-08-30T20:17:24Z","2026-08-30T20:18:29Z","65","00:01:05",,,,"Not Refunded","executed","received","False","True","0xc2ca4ce88393252e5ac4c9a61c354ce5ecd2412ed74b48e797d4fb90862b677a","0xc2ca4ce88393252e5ac4c9a61c354ce5ecd2412ed74b48e797d4fb90862b677a-4","Axelar Network (GMP)","https://api.axelarscan.io (public GMP Explorer API)"
"base : 0xce16F69375520ab01377ce7B88f5BA8C48F8D666","Polygon : 0xce16F69375520ab01377ce7B88f5BA8C48F8D666","base","Polygon","0xce16F69375520ab01377ce7B88f5BA8C48F8D666","0xce16F69375520ab01377ce7B88f5BA8C48F8D666","2026-08-30T20:16:49Z","2026-08-30T20:16:49Z","2026-08-30T20:40:33Z","1424","00:23:44","200.249411","axlUSDC","200.22397932480303","Not Refunded","executed","received","False","True","0x58467e64c689099e1c24b14e828d65900ddf5b8bde385aeedeeacd4f0079c427","0x58467e64c689099e1c24b14e828d65900ddf5b8bde385aeedeeacd4f0079c427-7","Axelar Network (GMP)","https://api.axelarscan.io (public GMP Explorer API)"
"arbitrum : 0xce16F69375520ab01377ce7B88f5BA8C48F8D666","osmosis : osmo1n6ney9tsf55etz9nrmzyd8wa7e64qd3s06a74fqs30ka8pps6cvqtsycr6","arbitrum","osmosis","0xce16F69375520ab01377ce7B88f5BA8C48F8D666","osmo1n6ney9tsf55etz9nrmzyd8wa7e64qd3s06a74fqs30ka8pps6cvqtsycr6","2026-08-30T20:16:04Z","2026-08-30T20:16:04Z","2026-08-30T20:34:46Z","1122","00:18:42","0.995435","axlUSDC","0.995308579755","Not Refunded","executed","received","False","True","0xc4a2cc7dbb0259af9468944ddc1059509c213ff46025d963f3c2b06fc2551547","0xc4a2cc7dbb0259af9468944ddc1059509c213ff46025d963f3c2b06fc2551547-12","Axelar Network (GMP)","https://api.axelarscan.io (public GMP Explorer API)"
"osmosis : osmo1n6ney9tsf55etz9nrmzyd8wa7e64qd3s06a74fqs30ka8pps6cvqtsycr6","arbitrum : 0xce16F69375520ab01377ce7B88f5BA8C48F8D666","osmosis","arbitrum","osmo1n6ney9tsf55etz9nrmzyd8wa7e64qd3s06a74fqs30ka8pps6cvqtsycr6","0xce16F69375520ab01377ce7B88f5BA8C48F8D666","2026-08-30T20:15:56Z","2026-08-30T20:15:56Z","2026-08-30T20:16:44Z","48","00:00:48","30.955053","axlUSDC","30.951121708269","Pending Refund","executed","received","False","True","0A4826AF8FAA5B5C8DEA80A223281F17133C5AEC56771F75B35324551B5A1378","0x701c201634c8a5db7e0fbdfa15ae139e10acb6f5cc6246b488136b2f5cefc93d-7093990","Axelar Network (GMP)","https://api.axelarscan.io (public GMP Explorer API)"
"osmosis : osmo1n6ney9tsf55etz9nrmzyd8wa7e64qd3s06a74fqs30ka8pps6cvqtsycr6","binance : 0xce16F69375520ab01377ce7B88f5BA8C48F8D666","osmosis","binance","osmo1n6ney9tsf55etz9nrmzyd8wa7e64qd3s06a74fqs30ka8pps6cvqtsycr6","0xce16F69375520ab01377ce7B88f5BA8C48F8D666","2026-08-30T20:15:42Z","2026-08-30T20:15:42Z","2026-08-30T20:16:08Z","26","00:00:26","0.015815921118515448","axlBNB","11.03698239334482","Pending Refund","executed","received","False","True","DD4C3718DAE18808A02D20CF6C680992B878A99D73992F7E35D4360193D70A19","0xf9827f60501b2462a49f9a0dabeab7ccbbc9e8b8858ae50214c91e3ba3f54376-7093989","Axelar Network (GMP)","https://api.axelarscan.io (public GMP Explorer API)"
"osmosis : osmo1n6ney9tsf55etz9nrmzyd8wa7e64qd3s06a74fqs30ka8pps6cvqtsycr6","base : 0xce16F69375520ab01377ce7B88f5BA8C48F8D666","osmosis","base","osmo1n6ney9tsf55etz9nrmzyd8wa7e64qd3s06a74fqs30ka8pps6cvqtsycr6","0xce16F69375520ab01377ce7B88f5BA8C48F8D666","2026-08-30T20:14:12Z","2026-08-30T20:14:12Z","2026-08-30T20:14:59Z","47","00:00:47","9.485076","axlUSDC","9.483871395348","Pending Refund","executed","received","False","True","02589D30F7DDE1114CF57E612A613758B63861208278869E099EBC01D0992C7A","0x83bdf617c38d0346ae4bf10f01c3564ca8435099d1aa6cfc0b09e1cf060348b0-7093963","Axelar Network (GMP)","https://api.axelarscan.io (public GMP Explorer API)"
"ethereum : 0xce16F69375520ab01377ce7B88f5BA8C48F8D666","immutable : 0xce16F69375520ab01377ce7B88f5BA8C48F8D666","ethereum","immutable","0xce16F69375520ab01377ce7B88f5BA8C48F8D666","0xce16F69375520ab01377ce7B88f5BA8C48F8D666","2026-08-30T20:13:23Z","2026-08-30T20:13:23Z","2026-08-30T20:33:21Z","1198","00:19:58","8.718002","USDC","8.716894813746","Not Refunded","executed","received","False","True","0xda1e682e475fe70b68862db56d8f06eea422ff035d66135a588ffaee6cea9496","0xda1e682e475fe70b68862db56d8f06eea422ff035d66135a588ffaee6cea9496-7","Axelar Network (GMP)","https://api.axelarscan.io (public GMP Explorer API)"
"osmosis : osmo1n6ney9tsf55etz9nrmzyd8wa7e64qd3s06a74fqs30ka8pps6cvqtsycr6","base : 0xce16F69375520ab01377ce7B88f5BA8C48F8D666","osmosis","base","osmo1n6ney9tsf55etz9nrmzyd8wa7e64qd3s06a74fqs30ka8pps6cvqtsycr6","0xce16F69375520ab01377ce7B88f5BA8C48F8D666","2026-08-30T20:11:43Z","2026-08-30T20:11:43Z","2026-08-30T20:12:23Z","40","00:00:40","1.288755","axlUSDC","1.2885977718900001","Pending Refund","executed","received","False","True","1A30BD4F6BFE597E11219768954DA64DF285E1AC2742ABCE288BC3D90DE1D258","0xab8955389eaf0d68c8238eb9ea868bdaf3c1c23ba98cb4578d8698a792406898-7093962","Axelar Network (GMP)","https://api.axelarscan.io (public GMP Explorer API)"
"axelar : axelar1aqcj54lzz0rk22gvqgcn8fr5tx4rzwdv5wv5j9dmnacgefvd7wzsy2j2mr","stellar : CBDBMIOFHGWUFRYH3D3STI2DHBOWGDDBCRKQEUB4RGQEBVG74SEED6C6","axelar","stellar","axelar1aqcj54lzz0rk22gvqgcn8fr5tx4rzwdv5wv5j9dmnacgefvd7wzsy2j2mr","CBDBMIOFHGWUFRYH3D3STI2DHBOWGDDBCRKQEUB4RGQEBVG74SEED6C6","2026-08-30T20:11:18Z","2026-08-30T20:11:18Z","2026-08-30T20:11:53Z","35","00:00:35","57819.5906426","SHX","0","Pending Refund","executed","received","False","False","66920E945FC8EF50F0CB4BDF2B796A9404CB59135E9026F441F8C7491138A98E","0x66920e945fc8ef50f0cb4bdf2b796a9404cb59135e9026f441f8c7491138a98e-7093918","Axelar Network (GMP)","https://api.axelarscan.io (public GMP Explorer API)"
"xrpl : rfmS3zqrQrka8wVyhXifEeyTwe8AMz2Yhw","axelar : axelar1aqcj54lzz0rk22gvqgcn8fr5tx4rzwdv5wv5j9dmnacgefvd7wzsy2j2mr","xrpl","axelar","rfmS3zqrQrka8wVyhXifEeyTwe8AMz2Yhw","axelar1aqcj54lzz0rk22gvqgcn8fr5tx4rzwdv5wv5j9dmnacgefvd7wzsy2j2mr","2026-08-30T20:11:00Z","2026-08-30T20:11:00Z","2026-08-30T20:11:18Z","18","00:00:18","57819.5906426","SHX","201.38968157952078","Pending Refund","executed","received","False","True","5c7023aee913d0b260cf5d10875b47f7d5f206ccb3496c7e78bf4a1d4f9fdeff","0x5c7023aee913d0b260cf5d10875b47f7d5f206ccb3496c7e78bf4a1d4f9fdeff","Axelar Network (GMP)","https://api.axelarscan.io (public GMP Explorer API)"
"osmosis : osmo1n6ney9tsf55etz9nrmzyd8wa7e64qd3s06a74fqs30ka8pps6cvqtsycr6","base : 0xce16F69375520ab01377ce7B88f5BA8C48F8D666","osmosis","base","osmo1n6ney9tsf55etz9nrmzyd8wa7e64qd3s06a74fqs30ka8pps6cvqtsycr6","0xce16F69375520ab01377ce7B88f5BA8C48F8D666","2026-08-30T20:09:11Z","2026-08-30T20:09:11Z","2026-08-30T20:10:29Z","78","00:01:18","9.030378","axlUSDC","9.029276293884001","Pending Refund","executed","received","False","True","0FD633A59E7D8452C024911783BEEF5F5C4C595028B8EA6885526EE81ED74001","0x9783d9afde357b34102d09055bb0a4ff9618fb952e2a056955eacc5d45fdcc7e-7093886","Axelar Network (GMP)","https://api.axelarscan.io (public GMP Explorer API)"
"immutable : 0x4f49B53928A71E553bB1B0F66a5BcB54Fd4E8932","Ethereum : 0x4f49B53928A71E553bB1B0F66a5BcB54Fd4E8932","immutable","Ethereum","0x4f49B53928A71E553bB1B0F66a5BcB54Fd4E8932","0x4f49B53928A71E553bB1B0F66a5BcB54Fd4E8932","2026-08-30T20:09:01Z","2026-08-30T20:09:01Z","2026-08-30T20:10:23Z","82","00:01:22",,,,"Not Refunded","executed","received","False","True","0xaf5bb0de890592c56ec644d0d5ebd5c49daf3d8b3a74929ae2a1b680d2183274","0xaf5bb0de890592c56ec644d0d5ebd5c49daf3d8b3a74929ae2a1b680d2183274-3","Axelar Network (GMP)","https://api.axelarscan.io (public GMP Explorer API)"
"osmosis : osmo1n6ney9tsf55etz9nrmzyd8wa7e64qd3s06a74fqs30ka8pps6cvqtsycr6","arbitrum : 0xce16F69375520ab01377ce7B88f5BA8C48F8D666","osmosis","arbitrum","osmo1n6ney9tsf55etz9nrmzyd8wa7e64qd3s06a74fqs30ka8pps6cvqtsycr6","0xce16F69375520ab01377ce7B88f5BA8C48F8D666","2026-08-30T20:04:52Z","2026-08-30T20:04:52Z","2026-08-30T20:05:14Z","22","00:00:22","0.028374","axlUSDC","0.028369658778","Pending Refund","executed","received","False","True","2791F8477544461369AADED8FC30D568DEFD85BDFB276FE2BDB59B4EE8940D00","0xec2524c97e6ec1f8bee48dc51ea364955946a5ca477f11d5903bcef11f431ba3-7093885","Axelar Network (GMP)","https://api.axelarscan.io (public GMP Explorer API)"
"immutable : 0x4f49B53928A71E553bB1B0F66a5BcB54Fd4E8932","Ethereum : 0x4f49B53928A71E553bB1B0F66a5BcB54Fd4E8932","immutable","Ethereum","0x4f49B53928A71E553bB1B0F66a5BcB54Fd4E8932","0x4f49B53928A71E553bB1B0F66a5BcB54Fd4E8932","2026-08-30T20:04:03Z","2026-08-30T20:04:03Z","2026-08-30T20:05:23Z","80","00:01:20",,,,"Not Refunded","executed","received","False","True","0x9929c7d1b189a339e00de6b6f120f605383dd5c23cbc5f8922ff9b54cac2a495","0x9929c7d1b189a339e00de6b6f120f605383dd5c23cbc5f8922ff9b54cac2a495-5","Axelar Network (GMP)","https://api.axelarscan.io (public GMP Explorer API)"
"ethereum : 0x4f49B53928A71E553bB1B0F66a5BcB54Fd4E8932","immutable : 0x4f49B53928A71E553bB1B0F66a5BcB54Fd4E8932","ethereum","immutable","0x4f49B53928A71E553bB1B0F66a5BcB54Fd4E8932","0x4f49B53928A71E553bB1B0F66a5BcB54Fd4E8932","2026-08-30T20:03:47Z","2026-08-30T20:03:47Z","2026-08-30T20:21:01Z","1034","00:17:14",,,,"Not Refunded","executed","received","False","True","0x1fd848e1ce34fe4d1025486c0760362ea9cf09af5e519be4b89fb8936a503463","0x1fd848e1ce34fe4d1025486c0760362ea9cf09af5e519be4b89fb8936a503463-1","Axelar Network (GMP)","https://api.axelarscan.io (public GMP Explorer API)"
"polygon : 0xce16F69375520ab01377ce7B88f5BA8C48F8D666","osmosis : osmo1n6ney9tsf55etz9nrmzyd8wa7e64qd3s06a74fqs30ka8pps6cvqtsycr6","polygon","osmosis","0xce16F69375520ab01377ce7B88f5BA8C48F8D666","osmo1n6ney9tsf55etz9nrmzyd8wa7e64qd3s06a74fqs30ka8pps6cvqtsycr6","2026-08-30T20:03:24Z","2026-08-30T20:03:24Z","2026-08-30T20:03:41Z","17","00:00:17","0.888002","axlUSDC","0.887866135694","Not Refunded","executed","received","False","True","0xdf5b1c202574b3732ff2986cd7e18779ef790df486957c439cb8753b1763666f","0xdf5b1c202574b3732ff2986cd7e18779ef790df486957c439cb8753b1763666f-20","Axelar Network (GMP)","https://api.axelarscan.io (public GMP Explorer API)"
"binance : 0xcbBA104B6CB4960a70E5dfc48E76C536A1f19609","base : 0xcbBA104B6CB4960a70E5dfc48E76C536A1f19609","binance","base","0xcbBA104B6CB4960a70E5dfc48E76C536A1f19609","0xcbBA104B6CB4960a70E5dfc48E76C536A1f19609","2026-08-30T20:03:24Z","2026-08-30T20:03:24Z","2026-08-30T20:04:29Z","65","00:01:05",,,,"Not Refunded","executed","received","False","True","0xb64dc654d1bbf7fbbe0ceed905241a8b11af3250a7b3d33d4ebb057ace7d4a05","0xb64dc654d1bbf7fbbe0ceed905241a8b11af3250a7b3d33d4ebb057ace7d4a05-4","Axelar Network (GMP)","https://api.axelarscan.io (public GMP Explorer API)"
"polygon : 0xce16F69375520ab01377ce7B88f5BA8C48F8D666","osmosis : osmo1n6ney9tsf55etz9nrmzyd8wa7e64qd3s06a74fqs30ka8pps6cvqtsycr6","polygon","osmosis","0xce16F69375520ab01377ce7B88f5BA8C48F8D666","osmo1n6ney9tsf55etz9nrmzyd8wa7e64qd3s06a74fqs30ka8pps6cvqtsycr6","2026-08-30T20:02:39Z","2026-08-30T20:02:39Z","2026-08-30T20:02:59Z","20","00:00:20","0.493337","axlUSDC","0.49326053276500004","Not Refunded","executed","received","False","True","0x8395f27d14dd933c4fb03a37c0e5d4ec176acf203fdd588e0527f36aa005b733","0x8395f27d14dd933c4fb03a37c0e5d4ec176acf203fdd588e0527f36aa005b733-20","Axelar Network (GMP)","https://api.axelarscan.io (public GMP Explorer API)"
"base : 0xce16F69375520ab01377ce7B88f5BA8C48F8D666","immutable : 0xce16F69375520ab01377ce7B88f5BA8C48F8D666","base","immutable","0xce16F69375520ab01377ce7B88f5BA8C48F8D666","0xce16F69375520ab01377ce7B88f5BA8C48F8D666","2026-08-30T20:00:49Z","2026-08-30T20:00:49Z","2026-08-30T20:27:25Z","1596","00:26:36","1.322676","axlUSDC","1.3224709852199998","Not Refunded","executed","received","False","True","0x0dfcb2b78dac150bc80ab9dfeefed8eff8736a65046bb738c57c9146222bd5a3","0x0dfcb2b78dac150bc80ab9dfeefed8eff8736a65046bb738c57c9146222bd5a3-15","Axelar Network (GMP)","https://api.axelarscan.io (public GMP Explorer API)"
"immutable : 0x4f49B53928A71E553bB1B0F66a5BcB54Fd4E8932","Ethereum : 0x4f49B53928A71E553bB1B0F66a5BcB54Fd4E8932","immutable","Ethereum","0x4f49B53928A71E553bB1B0F66a5BcB54Fd4E8932","0x4f49B53928A71E553bB1B0F66a5BcB54Fd4E8932","2026-08-30T20:00:27Z","2026-08-30T20:00:27Z","2026-08-30T20:02:23Z","116","00:01:56",,,,"Not Refunded","executed","received","False","True","0xf2fb6d19c83ee1e7d8ef7ed3a842d423ce2ed3ed1da0d1fab48ef08e7d60b1ac","0xf2fb6d19c83ee1e7d8ef7ed3a842d423ce2ed3ed1da0d1fab48ef08e7d60b1ac-3","Axelar Network (GMP)","https://api.axelarscan.io (public GMP Explorer API)"
"immutable : 0xce16F69375520ab01377ce7B88f5BA8C48F8D666","Polygon : 0xce16F69375520ab01377ce7B88f5BA8C48F8D666","immutable","Polygon","0xce16F69375520ab01377ce7B88f5BA8C48F8D666","0xce16F69375520ab01377ce7B88f5BA8C48F8D666","2026-08-30T19:59:13Z","2026-08-30T19:59:13Z","2026-08-30T20:00:03Z","50","00:00:50","12.039021","axlUSDC","12.037154951745","Not Refunded","executed","received","False","True","0xabbfad0224321d74af6a140beac4b8fa42a0a394277a1758c62b0ce93752fc1a","0xabbfad0224321d74af6a140beac4b8fa42a0a394277a1758c62b0ce93752fc1a-12","Axelar Network (GMP)","https://api.axelarscan.io (public GMP Explorer API)"
"axelar : axelar1aqcj54lzz0rk22gvqgcn8fr5tx4rzwdv5wv5j9dmnacgefvd7wzsy2j2mr","hedera : 0xB5FB4BE02232B1bBA4dC8f81dc24C26980dE9e3C","axelar","hedera","axelar1aqcj54lzz0rk22gvqgcn8fr5tx4rzwdv5wv5j9dmnacgefvd7wzsy2j2mr","0xB5FB4BE02232B1bBA4dC8f81dc24C26980dE9e3C","2026-08-30T19:41:51Z","2026-08-30T19:41:51Z","2026-08-30T19:45:17Z","206","00:03:26","1997.757923","LCX","0","Not Refunded","executed","received","False","False","1A40EE569092F4F702512EB015E5F699F8F05D4BF669893F53EADEC3DE4DB1E5","0x1a40ee569092f4f702512eb015e5f699f8f05d4bf669893f53eadec3de4db1e5-7093837","Axelar Network (GMP)","https://api.axelarscan.io (public GMP Explorer API)"
"osmosis : osmo1n6ney9tsf55etz9nrmzyd8wa7e64qd3s06a74fqs30ka8pps6cvqtsycr6","binance : 0xce16F69375520ab01377ce7B88f5BA8C48F8D666","osmosis","binance","osmo1n6ney9tsf55etz9nrmzyd8wa7e64qd3s06a74fqs30ka8pps6cvqtsycr6","0xce16F69375520ab01377ce7B88f5BA8C48F8D666","2026-08-30T19:41:32Z","2026-08-30T19:41:32Z","2026-08-30T19:41:57Z","25","00:00:25","62.495347","axlUSDC","62.487097614196","Pending Refund","executed","received","False","True","F165731A5411F84E85EEDEB577057C2103CD4C664560A7F7338161F5C8B3F996","0x774283e00f24163886313214acba3bed14dbfac64895a937648dc364574242e2-7093831","Axelar Network (GMP)","https://api.axelarscan.io (public GMP Explorer API)"
"binance : 0xcbBA104B6CB4960a70E5dfc48E76C536A1f19609","Polygon : 0xcbBA104B6CB4960a70E5dfc48E76C536A1f19609","binance","Polygon","0xcbBA104B6CB4960a70E5dfc48E76C536A1f19609","0xcbBA104B6CB4960a70E5dfc48E76C536A1f19609","2026-08-30T19:38:46Z","2026-08-30T19:38:46Z","2026-08-30T19:39:33Z","47","00:00:47",,,,"Not Refunded","executed","received","False","True","0x7ec603e6c380490976598a94505460f1f79a6a0628d0d808542c9a7be391ec00","0x7ec603e6c380490976598a94505460f1f79a6a0628d0d808542c9a7be391ec00-4","Axelar Network (GMP)","https://api.axelarscan.io (public GMP Explorer API)"
"polygon : 0xcbBA104B6CB4960a70E5dfc48E76C536A1f19609","arbitrum : 0xcbBA104B6CB4960a70E5dfc48E76C536A1f19609","polygon","arbitrum","0xcbBA104B6CB4960a70E5dfc48E76C536A1f19609","0xcbBA104B6CB4960a70E5dfc48E76C536A1f19609","2026-08-30T19:38:36Z","2026-08-30T19:38:36Z","2026-08-30T19:39:14Z","38","00:00:38",,,,"Not Refunded","executed","received","False","True","0x7f8daf1fdc718cb9b39df9aeb83a273fb81f1f26a659d0c780c97712655bd893","0x7f8daf1fdc718cb9b39df9aeb83a273fb81f1f26a659d0c780c97712655bd893-6","Axelar Network (GMP)","https://api.axelarscan.io (public GMP Explorer API)"
"osmosis : osmo1m8wg4vxkefhs374qxmmqpyusgz289wmulex5qdwpfx7jnrxzer5s9cv83q","optimism : 0x8e4404c32c13C2C42910508992aE498FC9984D06","osmosis","optimism","osmo1m8wg4vxkefhs374qxmmqpyusgz289wmulex5qdwpfx7jnrxzer5s9cv83q","0x8e4404c32c13C2C42910508992aE498FC9984D06","2026-08-30T19:37:06Z","2026-08-30T19:37:06Z","2026-08-30T19:37:49Z","43","00:00:43","226.542041","axlUSDC","226.512817076711","Pending Refund","executed","received","False","True","DF08A43D129348E615680DB126003AB9BB1DF32DAF990EDDEB18B68EE7977458","0x21841aba0d45d370bdf8b00e0d0488ec22a5492c5f8431e5f20a859fe560b04e-7093830","Axelar Network (GMP)","https://api.axelarscan.io (public GMP Explorer API)"
"binance : 0xce16F69375520ab01377ce7B88f5BA8C48F8D666","Ethereum : 0xce16F69375520ab01377ce7B88f5BA8C48F8D666","binance","Ethereum","0xce16F69375520ab01377ce7B88f5BA8C48F8D666","0xce16F69375520ab01377ce7B88f5BA8C48F8D666","2026-08-30T19:36:54Z","2026-08-30T19:36:54Z","2026-08-30T19:38:35Z","101","00:01:41","396.100127","axlUSDC","396.04903008361697","Not Refunded","executed","received","False","True","0x3e448546c96b7d6cd4356fb16e0cf15a6bee7c1ab3fd0abaa5ecf44654efc254","0x3e448546c96b7d6cd4356fb16e0cf15a6bee7c1ab3fd0abaa5ecf44654efc254-12","Axelar Network (GMP)","https://api.axelarscan.io (public GMP Explorer API)"
"axelar : axelar1aqcj54lzz0rk22gvqgcn8fr5tx4rzwdv5wv5j9dmnacgefvd7wzsy2j2mr","stellar : CBDBMIOFHGWUFRYH3D3STI2DHBOWGDDBCRKQEUB4RGQEBVG74SEED6C6","axelar","stellar","axelar1aqcj54lzz0rk22gvqgcn8fr5tx4rzwdv5wv5j9dmnacgefvd7wzsy2j2mr","CBDBMIOFHGWUFRYH3D3STI2DHBOWGDDBCRKQEUB4RGQEBVG74SEED6C6","2026-08-30T19:34:53Z","2026-08-30T19:34:53Z","2026-08-30T19:35:23Z","30","00:00:30","86956.983293","SHX","0","Pending Refund","executed","received","False","False","B4D9017C65C1606268EDC4A8C2C6FF681157235E4C42150BB54A54C9177BEA79","0xb4d9017c65c1606268edc4a8c2c6ff681157235e4c42150bb54a54c9177bea79-7093769","Axelar Network (GMP)","https://api.axelarscan.io (public GMP Explorer API)"
"solana : itsAUdHnV2K99ppbM6d6WUDac8MD54RAE7dUKHnw1Eg","axelar : axelar1aqcj54lzz0rk22gvqgcn8fr5tx4rzwdv5wv5j9dmnacgefvd7wzsy2j2mr","solana","axelar","itsAUdHnV2K99ppbM6d6WUDac8MD54RAE7dUKHnw1Eg","axelar1aqcj54lzz0rk22gvqgcn8fr5tx4rzwdv5wv5j9dmnacgefvd7wzsy2j2mr","2026-08-30T19:34:27Z","2026-08-30T19:34:27Z","2026-08-30T19:34:53Z","26","00:00:26","86956.983293","SHX","303.3955234187758","Not Refunded","executed","received","False","True","3T1UK8SKmSctq9GbVuMEvmPveuRV7K7cE1w1d8XLCusCjTFAVbxvbRUzWmCFH3NCr7QQxzy35pU8FvQAcZ9ywpXw","3T1UK8SKmSctq9GbVuMEvmPveuRV7K7cE1w1d8XLCusCjTFAVbxvbRUzWmCFH3NCr7QQxzy35pU8FvQAcZ9ywpXw-3.7","Axelar Network (GMP)","https://api.axelarscan.io (public GMP Explorer API)"
"osmosis : osmo1n6ney9tsf55etz9nrmzyd8wa7e64qd3s06a74fqs30ka8pps6cvqtsycr6","Ethereum : 0xce16F69375520ab01377ce7B88f5BA8C48F8D666","osmosis","Ethereum","osmo1n6ney9tsf55etz9nrmzyd8wa7e64qd3s06a74fqs30ka8pps6cvqtsycr6","0xce16F69375520ab01377ce7B88f5BA8C48F8D666","2026-08-30T19:28:06Z","2026-08-30T19:28:06Z","2026-08-30T19:29:23Z","77","00:01:17","524.408296","axlUSDC","524.333305613672","Pending Refund","executed","received","False","True","7374D91D7ECA13C9DC59EA9BCC31524FDB724D14E7FA32C93178664337489426","0x20e796ecd89e25a1231020b24916b054b5e829929774ac46fd446d3fea996d8d-7093745","Axelar Network (GMP)","https://api.axelarscan.io (public GMP Explorer API)"
"osmosis : osmo173adwu8q6xfww53rhwtlxhjyafav74k6qsu9a7","binance : 0x43d090025aAA6C8693B71952B910AC55CcB56bBb","osmosis","binance","osmo173adwu8q6xfww53rhwtlxhjyafav74k6qsu9a7","0x43d090025aAA6C8693B71952B910AC55CcB56bBb","2026-08-30T19:25:39Z","2026-08-30T19:25:39Z","2026-08-30T19:26:02Z","23","00:00:23","5118.532771","AXL","218.72580777963225","Pending Refund","executed","received","False","True","A3A84D04E648B6276A032B1717AF18D1A942B9D502F58EEC3DC94D80F760DB1B","0x34efed1c58a5c61b0b8c454a6cf95d793f18143f533f5e3d1d37498d33a927b6-7093744","Axelar Network (GMP)","https://api.axelarscan.io (public GMP Explorer API)"
"ethereum : 0xB5FB4BE02232B1bBA4dC8f81dc24C26980dE9e3C","axelar : axelar1aqcj54lzz0rk22gvqgcn8fr5tx4rzwdv5wv5j9dmnacgefvd7wzsy2j2mr","ethereum","axelar","0xB5FB4BE02232B1bBA4dC8f81dc24C26980dE9e3C","axelar1aqcj54lzz0rk22gvqgcn8fr5tx4rzwdv5wv5j9dmnacgefvd7wzsy2j2mr","2026-08-30T19:23:59Z","2026-08-30T19:23:59Z","2026-08-30T19:41:51Z","1072","00:17:52","1997.757923364187","LCX","48.7154468267111","Not Refunded","executed","received","False","True","0x14649c3f33f76a24cf74fafea7b2a9b3ff23d5ce1c9a645b059e8c55304da3f1","0x14649c3f33f76a24cf74fafea7b2a9b3ff23d5ce1c9a645b059e8c55304da3f1-7","Axelar Network (GMP)","https://api.axelarscan.io (public GMP Explorer API)"
"binance : 0xce16F69375520ab01377ce7B88f5BA8C48F8D666","immutable : 0xce16F69375520ab01377ce7B88f5BA8C48F8D666","binance","immutable","0xce16F69375520ab01377ce7B88f5BA8C48F8D666","0xce16F69375520ab01377ce7B88f5BA8C48F8D666","2026-08-30T19:23:25Z","2026-08-30T19:23:25Z","2026-08-30T19:24:05Z","40","00:00:40","20.319586","axlUSDC","20.316212948724","Not Refunded","executed","received","False","True","0x65b4c63c15ba630e76b89890e7e41273db30aea3f1a13028af22b387f1e9de19","0x65b4c63c15ba630e76b89890e7e41273db30aea3f1a13028af22b387f1e9de19-13","Axelar Network (GMP)","https://api.axelarscan.io (public GMP Explorer API)"
"binance : 0xce16F69375520ab01377ce7B88f5BA8C48F8D666","mantle : 0xce16F69375520ab01377ce7B88f5BA8C48F8D666","binance","mantle","0xce16F69375520ab01377ce7B88f5BA8C48F8D666","0xce16F69375520ab01377ce7B88f5BA8C48F8D666","2026-08-30T19:23:20Z","2026-08-30T19:23:20Z","2026-08-30T19:24:00Z","40","00:00:40","2.899127","axlUSDC","2.898645744918","Not Refunded","executed","received","False","True","0xbe42f15fc4e33c62c284dd78b0b00e52ff317404b756b241537695ef3862dacf","0xbe42f15fc4e33c62c284dd78b0b00e52ff317404b756b241537695ef3862dacf-13","Axelar Network (GMP)","https://api.axelarscan.io (public GMP Explorer API)"
"ethereum : 0x4f49B53928A71E553bB1B0F66a5BcB54Fd4E8932","immutable : 0x4f49B53928A71E553bB1B0F66a5BcB54Fd4E8932","ethereum","immutable","0x4f49B53928A71E553bB1B0F66a5BcB54Fd4E8932","0x4f49B53928A71E553bB1B0F66a5BcB54Fd4E8932","2026-08-30T19:21:35Z","2026-08-30T19:21:35Z","2026-08-30T19:36:05Z","870","00:14:30",,,,"Not Refunded","executed","received","False","True","0xa5adfb362614569436149d5e3e02b74f177808aa4dd4072118191114e93fd133","0xa5adfb362614569436149d5e3e02b74f177808aa4dd4072118191114e93fd133-1","Axelar Network (GMP)","https://api.axelarscan.io (public GMP Explorer API)"
"axelar : axelar1aqcj54lzz0rk22gvqgcn8fr5tx4rzwdv5wv5j9dmnacgefvd7wzsy2j2mr","xrpl : rfmS3zqrQrka8wVyhXifEeyTwe8AMz2Yhw","axelar","xrpl","axelar1aqcj54lzz0rk22gvqgcn8fr5tx4rzwdv5wv5j9dmnacgefvd7wzsy2j2mr","rfmS3zqrQrka8wVyhXifEeyTwe8AMz2Yhw","2026-08-30T19:21:08Z","2026-08-30T19:21:08Z","2026-08-30T19:21:52Z","44","00:00:44","206","SOIL","0","Pending Refund","executed","received","False","False","0F8C37C1CF1D74D8C74984BFBB8BEF48BE91C5DC7F93D38B6B128CFD42A972B7","0x0f8c37c1cf1d74d8c74984bfbb8bef48be91c5dc7f93d38b6b128cfd42a972b7-7093617","Axelar Network (GMP)","https://api.axelarscan.io (public GMP Explorer API)"
"polygon : 0xB5FB4BE02232B1bBA4dC8f81dc24C26980dE9e3C","axelar : axelar1aqcj54lzz0rk22gvqgcn8fr5tx4rzwdv5wv5j9dmnacgefvd7wzsy2j2mr","polygon","axelar","0xB5FB4BE02232B1bBA4dC8f81dc24C26980dE9e3C","axelar1aqcj54lzz0rk22gvqgcn8fr5tx4rzwdv5wv5j9dmnacgefvd7wzsy2j2mr","2026-08-30T19:20:51Z","2026-08-30T19:20:51Z","2026-08-30T19:21:08Z","17","00:00:17","206","SOIL","19.770232","Not Refunded","executed","received","False","True","0x8919d7ea3b8253883c73f35a3eea88773dabe1bf785e231a22eb25b6f80653c0","0x8919d7ea3b8253883c73f35a3eea88773dabe1bf785e231a22eb25b6f80653c0-11","Axelar Network (GMP)","https://api.axelarscan.io (public GMP Explorer API)"
"binance : 0xce16F69375520ab01377ce7B88f5BA8C48F8D666","immutable : 0xce16F69375520ab01377ce7B88f5BA8C48F8D666","binance","immutable","0xce16F69375520ab01377ce7B88f5BA8C48F8D666","0xce16F69375520ab01377ce7B88f5BA8C48F8D666","2026-08-30T19:19:17Z","2026-08-30T19:19:17Z","2026-08-30T19:20:01Z","44","00:00:44","1.994429","axlUSDC","1.9941378133660002","Not Refunded","executed","received","False","True","0xab04ecfb920373f89a513a25daf175c3498aaa0389c2bbd2dae9c69352a3caca","0xab04ecfb920373f89a513a25daf175c3498aaa0389c2bbd2dae9c69352a3caca-14","Axelar Network (GMP)","https://api.axelarscan.io (public GMP Explorer API)"
"immutable : 0x4f49B53928A71E553bB1B0F66a5BcB54Fd4E8932","Ethereum : 0x4f49B53928A71E553bB1B0F66a5BcB54Fd4E8932","immutable","Ethereum","0x4f49B53928A71E553bB1B0F66a5BcB54Fd4E8932","0x4f49B53928A71E553bB1B0F66a5BcB54Fd4E8932","2026-08-30T19:14:47Z","2026-08-30T19:14:47Z","2026-08-30T19:16:23Z","96","00:01:36",,,,"Not Refunded","executed","received","False","True","0x00cb4ae70f7b28a7aa28c27741c2e1e7429ed6f8d01429e8c404485c1fff5119","0x00cb4ae70f7b28a7aa28c27741c2e1e7429ed6f8d01429e8c404485c1fff5119-2","Axelar Network (GMP)","https://api.axelarscan.io (public GMP Explorer API)"
"ethereum : 0xce16F69375520ab01377ce7B88f5BA8C48F8D666","immutable : 0xce16F69375520ab01377ce7B88f5BA8C48F8D666","ethereum","immutable","0xce16F69375520ab01377ce7B88f5BA8C48F8D666","0xce16F69375520ab01377ce7B88f5BA8C48F8D666","2026-08-30T19:02:47Z","2026-08-30T19:02:47Z","2026-08-30T19:17:09Z","862","00:14:22","22.976905","USDC","22.973021903055","Not Refunded","executed","received","False","True","0xcf36af0a1b3006d3a26154b2327b430d85b012552b2361f805201e4204138ad4","0xcf36af0a1b3006d3a26154b2327b430d85b012552b2361f805201e4204138ad4-7","Axelar Network (GMP)","https://api.axelarscan.io (public GMP Explorer API)"
"osmosis : osmo1m8wg4vxkefhs374qxmmqpyusgz289wmulex5qdwpfx7jnrxzer5s9cv83q","base : 0x569594F181ac9AbdE3eBf89954F3D3Af40d63600","osmosis","base","osmo1m8wg4vxkefhs374qxmmqpyusgz289wmulex5qdwpfx7jnrxzer5s9cv83q","0x569594F181ac9AbdE3eBf89954F3D3Af40d63600","2026-08-30T19:01:57Z","2026-08-30T19:01:57Z","2026-08-30T19:02:55Z","58","00:00:58","88.345296","axlUSDC","88.33027729968","Pending Refund","executed","received","False","True","5FB1126EFCA894A22D01A84A40075A8C0304D99C39CEA16DB7B89E46B02BDFA9","0x56b8756a63446ccc10368f3206b5e2d8dfb44dd76b6887bb21b8bdef30ba028d-7093611","Axelar Network (GMP)","https://api.axelarscan.io (public GMP Explorer API)"
"axelar : axelar1aqcj54lzz0rk22gvqgcn8fr5tx4rzwdv5wv5j9dmnacgefvd7wzsy2j2mr","ethereum : 0xB5FB4BE02232B1bBA4dC8f81dc24C26980dE9e3C","axelar","ethereum","axelar1aqcj54lzz0rk22gvqgcn8fr5tx4rzwdv5wv5j9dmnacgefvd7wzsy2j2mr","0xB5FB4BE02232B1bBA4dC8f81dc24C26980dE9e3C","2026-08-30T18:58:17Z","2026-08-30T18:58:17Z","2026-08-30T18:59:23Z","66","00:01:06","93348117.62533131","AI","0","Pending Refund","executed","received","False","False","A93BE68A166FE0223A9345526B9AB563A049110BD6E7CC16719427CC72CEB7DB","0xa93be68a166fe0223a9345526b9ab563a049110bd6e7cc16719427cc72ceb7db-7093610","Axelar Network (GMP)","https://api.axelarscan.io (public GMP Explorer API)"
"binance : 0x43d090025aAA6C8693B71952B910AC55CcB56bBb","osmosis : osmo173adwu8q6xfww53rhwtlxhjyafav74k6qsu9a7","binance","osmosis","0x43d090025aAA6C8693B71952B910AC55CcB56bBb","osmo173adwu8q6xfww53rhwtlxhjyafav74k6qsu9a7","2026-08-30T18:56:49Z","2026-08-30T18:56:49Z","2026-08-30T18:57:02Z","13","00:00:13","5150.66","AXL","219.0466504008","Not Refunded","executed","received","False","True","0x4ca00a150abb6fce0578728bd62d24b6473d2f48dabce975b7bb2f0a52f04a43","0x4ca00a150abb6fce0578728bd62d24b6473d2f48dabce975b7bb2f0a52f04a43-3","Axelar Network (GMP)","https://api.axelarscan.io (public GMP Explorer API)"
"osmosis : osmo1n6ney9tsf55etz9nrmzyd8wa7e64qd3s06a74fqs30ka8pps6cvqtsycr6","base : 0xce16F69375520ab01377ce7B88f5BA8C48F8D666","osmosis","base","osmo1n6ney9tsf55etz9nrmzyd8wa7e64qd3s06a74fqs30ka8pps6cvqtsycr6","0xce16F69375520ab01377ce7B88f5BA8C48F8D666","2026-08-30T18:56:46Z","2026-08-30T18:56:46Z","2026-08-30T18:57:23Z","37","00:00:37","0.077515","axlUSDC","0.077501434875","Pending Refund","executed","received","False","True","2BFAE7EE1DC31F7EAB7E0150A47EF6B5E9033701B8789A4299D47AB504EC7E28","0xab447fe6c8121a841e0616c4e8518a0ff070a31fcf0597f6b6ec6cc0e5792874-7093604","Axelar Network (GMP)","https://api.axelarscan.io (public GMP Explorer API)"
"osmosis : osmo1m8wg4vxkefhs374qxmmqpyusgz289wmulex5qdwpfx7jnrxzer5s9cv83q","optimism : 0x8e4404c32c13C2C42910508992aE498FC9984D06","osmosis","optimism","osmo1m8wg4vxkefhs374qxmmqpyusgz289wmulex5qdwpfx7jnrxzer5s9cv83q","0x8e4404c32c13C2C42910508992aE498FC9984D06","2026-08-30T18:56:39Z","2026-08-30T18:56:39Z","2026-08-30T18:57:19Z","40","00:00:40","1.849889","axlUSDC","1.8495652694249998","Pending Refund","executed","received","False","True","A9ADC298A8C4A6741BEA9935C2E893A8ACB1683E474D08F6711A0D261B8DD9CF","0xd8bd96da9875e6188c2cd456f3b7c2f7110bfd7ee5aa8b046a2263aa8e30291d-7093603","Axelar Network (GMP)","https://api.axelarscan.io (public GMP Explorer API)"
"ethereum : 0xce16F69375520ab01377ce7B88f5BA8C48F8D666","immutable : 0xce16F69375520ab01377ce7B88f5BA8C48F8D666","ethereum","immutable","0xce16F69375520ab01377ce7B88f5BA8C48F8D666","0xce16F69375520ab01377ce7B88f5BA8C48F8D666","2026-08-30T18:54:11Z","2026-08-30T18:54:11Z","2026-08-30T19:10:29Z","978","00:16:18","0.999271","USDC","0.999096127575","Not Refunded","executed","received","False","True","0x6f7c54c464b3dc00b745d008a4ade60ff1344b89a0f74041fda2858432866f3b","0x6f7c54c464b3dc00b745d008a4ade60ff1344b89a0f74041fda2858432866f3b-7","Axelar Network (GMP)","https://api.axelarscan.io (public GMP Explorer API)"
"arbitrum : 0xce16F69375520ab01377ce7B88f5BA8C48F8D666","Polygon : 0xce16F69375520ab01377ce7B88f5BA8C48F8D666","arbitrum","Polygon","0xce16F69375520ab01377ce7B88f5BA8C48F8D666","0xce16F69375520ab01377ce7B88f5BA8C48F8D666","2026-08-30T18:52:38Z","2026-08-30T18:52:38Z","2026-08-30T19:12:07Z","1169","00:19:29","22.971576","axlUSDC","22.967510031048","Not Refunded","executed","received","False","True","0x5d18f3c9773f3558942bfe1fded655d272459e2934ce76f569f222e6f9164e55","0x5d18f3c9773f3558942bfe1fded655d272459e2934ce76f569f222e6f9164e55-10","Axelar Network (GMP)","https://api.axelarscan.io (public GMP Explorer API)"
"binance : 0xce16F69375520ab01377ce7B88f5BA8C48F8D666","base : 0xce16F69375520ab01377ce7B88f5BA8C48F8D666","binance","base","0xce16F69375520ab01377ce7B88f5BA8C48F8D666","0xce16F69375520ab01377ce7B88f5BA8C48F8D666","2026-08-30T18:46:23Z","2026-08-30T18:46:23Z","2026-08-30T18:47:29Z","66","00:01:06","9.893535","axlUSDC","9.891744270165","Not Refunded","executed","received","False","True","0x7379b94e978e80fd892ac5cd34dcefce723695232481bd8b29746e1aae915acc","0x7379b94e978e80fd892ac5cd34dcefce723695232481bd8b29746e1aae915acc-26","Axelar Network (GMP)","https://api.axelarscan.io (public GMP Explorer API)"
"immutable : 0x4f49B53928A71E553bB1B0F66a5BcB54Fd4E8932","Ethereum : 0x4f49B53928A71E553bB1B0F66a5BcB54Fd4E8932","immutable","Ethereum","0x4f49B53928A71E553bB1B0F66a5BcB54Fd4E8932","0x4f49B53928A71E553bB1B0F66a5BcB54Fd4E8932","2026-08-30T18:43:41Z","2026-08-30T18:43:41Z","2026-08-30T18:45:23Z","102","00:01:42",,,,"Not Refunded","executed","received","False","True","0x3da98fb4b36821a84d61d81b050384e28356be709c5180039704784cf0bd97dc","0x3da98fb4b36821a84d61d81b050384e28356be709c5180039704784cf0bd97dc-5","Axelar Network (GMP)","https://api.axelarscan.io (public GMP Explorer API)"
"ethereum : 0x4f49B53928A71E553bB1B0F66a5BcB54Fd4E8932","immutable : 0x4f49B53928A71E553bB1B0F66a5BcB54Fd4E8932","ethereum","immutable","0x4f49B53928A71E553bB1B0F66a5BcB54Fd4E8932","0x4f49B53928A71E553bB1B0F66a5BcB54Fd4E8932","2026-08-30T18:41:47Z","2026-08-30T18:41:47Z","2026-08-30T18:57:45Z","958","00:15:58",,,,"Not Refunded","executed","received","False","True","0x4b6e1a3d53e20e67bdf298c4cefe3f4ffcdfe44240c2d8f69ecfff09bebc4d7c","0x4b6e1a3d53e20e67bdf298c4cefe3f4ffcdfe44240c2d8f69ecfff09bebc4d7c-1","Axelar Network (GMP)","https://api.axelarscan.io (public GMP Explorer API)"
"axelar : axelar1aqcj54lzz0rk22gvqgcn8fr5tx4rzwdv5wv5j9dmnacgefvd7wzsy2j2mr","ethereum : 0xB5FB4BE02232B1bBA4dC8f81dc24C26980dE9e3C","axelar","ethereum","axelar1aqcj54lzz0rk22gvqgcn8fr5tx4rzwdv5wv5j9dmnacgefvd7wzsy2j2mr","0xB5FB4BE02232B1bBA4dC8f81dc24C26980dE9e3C","2026-08-30T18:38:14Z","2026-08-30T18:38:14Z","2026-08-30T18:39:35Z","81","00:01:21","45214364.634183824","AI","0","Pending Refund","executed","received","False","False","2425C02F01651FDFF96EF9B33CB87893AA1875CB9DF9A73AFB3482E1E879E05D","0x2425c02f01651fdff96ef9b33cb87893aa1875cb9df9a73afb3482e1e879e05d-7093602","Axelar Network (GMP)","https://api.axelarscan.io (public GMP Explorer API)"
"axelar : axelar1aqcj54lzz0rk22gvqgcn8fr5tx4rzwdv5wv5j9dmnacgefvd7wzsy2j2mr","arbitrum : 0xB5FB4BE02232B1bBA4dC8f81dc24C26980dE9e3C","axelar","arbitrum","axelar1aqcj54lzz0rk22gvqgcn8fr5tx4rzwdv5wv5j9dmnacgefvd7wzsy2j2mr","0xB5FB4BE02232B1bBA4dC8f81dc24C26980dE9e3C","2026-08-30T18:38:01Z","2026-08-30T18:38:01Z","2026-08-30T18:38:43Z","42","00:00:42","24853646.54483103","AI","0","Pending Refund","executed","received","False","False","BC7EE68285F9A1215F422DA22BBCB1E3753ADD7A20966508E18E872AAE7B7446","0xbc7ee68285f9a1215f422da22bbcb1e3753add7a20966508e18e872aae7b7446-7093596","Axelar Network (GMP)","https://api.axelarscan.io (public GMP Explorer API)"
"axelar : axelar1aqcj54lzz0rk22gvqgcn8fr5tx4rzwdv5wv5j9dmnacgefvd7wzsy2j2mr","ethereum : 0xB5FB4BE02232B1bBA4dC8f81dc24C26980dE9e3C","axelar","ethereum","axelar1aqcj54lzz0rk22gvqgcn8fr5tx4rzwdv5wv5j9dmnacgefvd7wzsy2j2mr","0xB5FB4BE02232B1bBA4dC8f81dc24C26980dE9e3C","2026-08-30T18:37:58Z","2026-08-30T18:37:58Z","2026-08-30T18:39:23Z","85","00:01:25","123681697.12188417","AI","0","Pending Refund","executed","received","False","False","7AF6C771318C70EC267A23707A8290C6210A04775AADB9F6E7BA23784F859426","0x7af6c771318c70ec267a23707a8290c6210a04775aadb9f6e7ba23784f859426-7093590","Axelar Network (GMP)","https://api.axelarscan.io (public GMP Explorer API)"
"polygon : 0xB5FB4BE02232B1bBA4dC8f81dc24C26980dE9e3C","axelar : axelar1aqcj54lzz0rk22gvqgcn8fr5tx4rzwdv5wv5j9dmnacgefvd7wzsy2j2mr","polygon","axelar","0xB5FB4BE02232B1bBA4dC8f81dc24C26980dE9e3C","axelar1aqcj54lzz0rk22gvqgcn8fr5tx4rzwdv5wv5j9dmnacgefvd7wzsy2j2mr","2026-08-30T18:37:43Z","2026-08-30T18:37:43Z","2026-08-30T18:38:01Z","18","00:00:18","24853646.54483103","AI","24.07356514072842","Not Refunded","executed","received","False","True","0x139f21dfe7c210410a1aed89573d354289a2f1e73d7bc698e51213daaaff4ec5","0x139f21dfe7c210410a1aed89573d354289a2f1e73d7bc698e51213daaaff4ec5-33","Axelar Network (GMP)","https://api.axelarscan.io (public GMP Explorer API)"
"avalanche : 0xB5FB4BE02232B1bBA4dC8f81dc24C26980dE9e3C","axelar : axelar1aqcj54lzz0rk22gvqgcn8fr5tx4rzwdv5wv5j9dmnacgefvd7wzsy2j2mr","avalanche","axelar","0xB5FB4BE02232B1bBA4dC8f81dc24C26980dE9e3C","axelar1aqcj54lzz0rk22gvqgcn8fr5tx4rzwdv5wv5j9dmnacgefvd7wzsy2j2mr","2026-08-30T18:37:43Z","2026-08-30T18:37:43Z","2026-08-30T18:38:14Z","31","00:00:31","45214364.634183824","AI","43.7952213714107","Not Refunded","executed","received","False","True","0x8cb9b6e9f7fe2b2c73dab1d4981284cdada3da512cdab115f28ad07dcf7b15fe","0x8cb9b6e9f7fe2b2c73dab1d4981284cdada3da512cdab115f28ad07dcf7b15fe-24","Axelar Network (GMP)","https://api.axelarscan.io (public GMP Explorer API)"
"binance : 0xB5FB4BE02232B1bBA4dC8f81dc24C26980dE9e3C","axelar : axelar1aqcj54lzz0rk22gvqgcn8fr5tx4rzwdv5wv5j9dmnacgefvd7wzsy2j2mr","binance","axelar","0xB5FB4BE02232B1bBA4dC8f81dc24C26980dE9e3C","axelar1aqcj54lzz0rk22gvqgcn8fr5tx4rzwdv5wv5j9dmnacgefvd7wzsy2j2mr","2026-08-30T18:37:39Z","2026-08-30T18:37:39Z","2026-08-30T18:37:58Z","19","00:00:19","123681697.12188417","AI","119.7996996943196","Not Refunded","executed","received","False","True","0x18fb054d63823c355d4d0e62520d038f744717c39a427450c0b9139c21062855","0x18fb054d63823c355d4d0e62520d038f744717c39a427450c0b9139c21062855-50","Axelar Network (GMP)","https://api.axelarscan.io (public GMP Explorer API)"
"arbitrum : 0xB5FB4BE02232B1bBA4dC8f81dc24C26980dE9e3C","axelar : axelar1aqcj54lzz0rk22gvqgcn8fr5tx4rzwdv5wv5j9dmnacgefvd7wzsy2j2mr","arbitrum","axelar","0xB5FB4BE02232B1bBA4dC8f81dc24C26980dE9e3C","axelar1aqcj54lzz0rk22gvqgcn8fr5tx4rzwdv5wv5j9dmnacgefvd7wzsy2j2mr","2026-08-30T18:37:39Z","2026-08-30T18:37:39Z","2026-08-30T18:58:17Z","1238","00:20:38","93348117.62533131","AI","90.41820025742504","Not Refunded","executed","received","False","True","0x3feb63225f27279a16a4bdac6f149fec4e663314e6bd30a4f2b9a79490145fbf","0x3feb63225f27279a16a4bdac6f149fec4e663314e6bd30a4f2b9a79490145fbf-13","Axelar Network (GMP)","https://api.axelarscan.io (public GMP Explorer API)"
"ethereum : 0xB773bCc5B325ad9AC6B36e1A046AD4466833A16E","osmosis : osmo10a3k4hvk37cc4hnxctw4p95fhscd2z6h2rmx0aukc6rm8u9qqx9smfsh7u","ethereum","osmosis","0xB773bCc5B325ad9AC6B36e1A046AD4466833A16E","osmo10a3k4hvk37cc4hnxctw4p95fhscd2z6h2rmx0aukc6rm8u9qqx9smfsh7u","2026-08-30T18:37:35Z","2026-08-30T18:37:35Z","2026-08-30T18:57:02Z","1167","00:19:27","0.000570824933059582","WETH","1.433740984365752","Not Refunded","executed","received","False","True","0x7ff8641c90df61c367e721f72665214cf001d7dbee282afcaf3bb0ae52615314","0x7ff8641c90df61c367e721f72665214cf001d7dbee282afcaf3bb0ae52615314-3","Axelar Network (GMP)","https://api.axelarscan.io (public GMP Explorer API)"
"axelar : axelar1aqcj54lzz0rk22gvqgcn8fr5tx4rzwdv5wv5j9dmnacgefvd7wzsy2j2mr","ethereum : 0xB5FB4BE02232B1bBA4dC8f81dc24C26980dE9e3C","axelar","ethereum","axelar1aqcj54lzz0rk22gvqgcn8fr5tx4rzwdv5wv5j9dmnacgefvd7wzsy2j2mr","0xB5FB4BE02232B1bBA4dC8f81dc24C26980dE9e3C","2026-08-30T18:37:30Z","2026-08-30T18:37:30Z","2026-08-30T18:38:23Z","53","00:00:53","194918231.35222226","AI","0","Pending Refund","executed","received","False","False","9B37FB622AC333520E3D1F181BCB9C571AEF4C2F18EDFDA06C0889B277CC8689","0x9b37fb622ac333520e3d1f181bcb9c571aef4c2f18edfda06c0889b277cc8689-7093584","Axelar Network (GMP)","https://api.axelarscan.io (public GMP Explorer API)"
"binance : 0xB5FB4BE02232B1bBA4dC8f81dc24C26980dE9e3C","axelar : axelar1aqcj54lzz0rk22gvqgcn8fr5tx4rzwdv5wv5j9dmnacgefvd7wzsy2j2mr","binance","axelar","0xB5FB4BE02232B1bBA4dC8f81dc24C26980dE9e3C","axelar1aqcj54lzz0rk22gvqgcn8fr5tx4rzwdv5wv5j9dmnacgefvd7wzsy2j2mr","2026-08-30T18:37:17Z","2026-08-30T18:37:17Z","2026-08-30T18:37:30Z","13","00:00:13","194918231.35222226","AI","188.80033282477007","Not Refunded","executed","received","False","True","0x711e00d7bd213ed4e0ebb94b723e99f6a94ab6dd5c6adcf7d886479bf0fc74cb","0x711e00d7bd213ed4e0ebb94b723e99f6a94ab6dd5c6adcf7d886479bf0fc74cb-25","Axelar Network (GMP)","https://api.axelarscan.io (public GMP Explorer API)"
"avalanche : 0xce16F69375520ab01377ce7B88f5BA8C48F8D666","base : 0xce16F69375520ab01377ce7B88f5BA8C48F8D666","avalanche","base","0xce16F69375520ab01377ce7B88f5BA8C48F8D666","0xce16F69375520ab01377ce7B88f5BA8C48F8D666","2026-08-30T18:35:47Z","2026-08-30T18:35:47Z","2026-08-30T18:36:55Z","68","00:01:08","0.007391","axlUSDC","0.007389573537","Not Refunded","executed","received","False","True","0xad8d90054f3fa10656480b41d5dea25bb3ec713e23ca44c8ff250cf29b7609f4","0xad8d90054f3fa10656480b41d5dea25bb3ec713e23ca44c8ff250cf29b7609f4-18","Axelar Network (GMP)","https://api.axelarscan.io (public GMP Explorer API)"
"osmosis : osmo1n6ney9tsf55etz9nrmzyd8wa7e64qd3s06a74fqs30ka8pps6cvqtsycr6","optimism : 0xce16F69375520ab01377ce7B88f5BA8C48F8D666","osmosis","optimism","osmo1n6ney9tsf55etz9nrmzyd8wa7e64qd3s06a74fqs30ka8pps6cvqtsycr6","0xce16F69375520ab01377ce7B88f5BA8C48F8D666","2026-08-30T18:33:44Z","2026-08-30T18:33:44Z","2026-08-30T18:34:19Z","35","00:00:35","0.340672","axlUSDC","0.340606250304","Pending Refund","executed","received","False","True","0C801209AED396A6887B886FDCD33A14B5DCAE41EFDFB75A388A5318A52E6D63","0x2982b49002dfcb7631f04c0f0238ae89657dfe61bc6ef00ca53e30a671eb0964-7093578","Axelar Network (GMP)","https://api.axelarscan.io (public GMP Explorer API)"
"osmosis : osmo1n6ney9tsf55etz9nrmzyd8wa7e64qd3s06a74fqs30ka8pps6cvqtsycr6","optimism : 0xce16F69375520ab01377ce7B88f5BA8C48F8D666","osmosis","optimism","osmo1n6ney9tsf55etz9nrmzyd8wa7e64qd3s06a74fqs30ka8pps6cvqtsycr6","0xce16F69375520ab01377ce7B88f5BA8C48F8D666","2026-08-30T18:33:13Z","2026-08-30T18:33:13Z","2026-08-30T18:33:49Z","36","00:00:36","0.339562","axlUSDC","0.33949646453399995","Pending Refund","executed","received","False","True","4A57801D63D7BF3A5BC9EF8BD9476CAA9B1BD376F0CEA6FE67545F8C6A3CD968","0xd4faad1b53e6c253b0692fccbc881c4e194d0a62fe9d2052612c84654c958d13-7093577","Axelar Network (GMP)","https://api.axelarscan.io (public GMP Explorer API)"
"ethereum : 0xce16F69375520ab01377ce7B88f5BA8C48F8D666","osmosis : osmo1n6ney9tsf55etz9nrmzyd8wa7e64qd3s06a74fqs30ka8pps6cvqtsycr6","ethereum","osmosis","0xce16F69375520ab01377ce7B88f5BA8C48F8D666","osmo1n6ney9tsf55etz9nrmzyd8wa7e64qd3s06a74fqs30ka8pps6cvqtsycr6","2026-08-30T18:32:35Z","2026-08-30T18:32:35Z","2026-08-30T18:50:49Z","1094","00:18:14","0.249247","USDC","0.249198895329","Not Refunded","executed","received","False","True","0x24f0a28a9a942a4db10641c7ecb90b154c5075b220806c75d4f5b803c7d98e59","0x24f0a28a9a942a4db10641c7ecb90b154c5075b220806c75d4f5b803c7d98e59-10","Axelar Network (GMP)","https://api.axelarscan.io (public GMP Explorer API)"
"arbitrum : 0xce16F69375520ab01377ce7B88f5BA8C48F8D666","Ethereum : 0xce16F69375520ab01377ce7B88f5BA8C48F8D666","arbitrum","Ethereum","0xce16F69375520ab01377ce7B88f5BA8C48F8D666","0xce16F69375520ab01377ce7B88f5BA8C48F8D666","2026-08-30T18:31:30Z","2026-08-30T18:31:30Z","2026-08-30T18:53:23Z","1313","00:21:53","81.431925","axlUSDC","81.4195473474","Not Refunded","executed","received","False","True","0x8799db0b9d0cbd8bdb6aca3b983c16184a852c9c989202a50b13698e9a55d31e","0x8799db0b9d0cbd8bdb6aca3b983c16184a852c9c989202a50b13698e9a55d31e-22","Axelar Network (GMP)","https://api.axelarscan.io (public GMP Explorer API)"
"binance : 0x43d090025aAA6C8693B71952B910AC55CcB56bBb","osmosis : osmo173adwu8q6xfww53rhwtlxhjyafav74k6qsu9a7","binance","osmosis","0x43d090025aAA6C8693B71952B910AC55CcB56bBb","osmo173adwu8q6xfww53rhwtlxhjyafav74k6qsu9a7","2026-08-30T18:30:47Z","2026-08-30T18:30:47Z","2026-08-30T18:31:05Z","18","00:00:18","5120.64","AXL","216.6454708992","Not Refunded","executed","received","False","True","0xf67f6b50211a60d52a6cb0a99db1cd17d18a4f89f8affc2098f2b409618d79c9","0xf67f6b50211a60d52a6cb0a99db1cd17d18a4f89f8affc2098f2b409618d79c9-3","Axelar Network (GMP)","https://api.axelarscan.io (public GMP Explorer API)"
"osmosis : osmo1n6ney9tsf55etz9nrmzyd8wa7e64qd3s06a74fqs30ka8pps6cvqtsycr6","arbitrum : 0xce16F69375520ab01377ce7B88f5BA8C48F8D666","osmosis","arbitrum","osmo1n6ney9tsf55etz9nrmzyd8wa7e64qd3s06a74fqs30ka8pps6cvqtsycr6","0xce16F69375520ab01377ce7B88f5BA8C48F8D666","2026-08-30T18:28:20Z","2026-08-30T18:28:20Z","2026-08-30T18:28:44Z","24","00:00:24","168.7071","axlUSDC","168.6814565208","Pending Refund","executed","received","False","True","875651C99CC518C12A94F76B245FEF9187AE5A4E4DA32AE75BE2B3C630AD74F7","0x612874d00a968b17f7fddab7b63aa31eb3f1beb8a5ef5ec5e9a6f959eff352db-7093576","Axelar Network (GMP)","https://api.axelarscan.io (public GMP Explorer API)"
"base : 0xce16F69375520ab01377ce7B88f5BA8C48F8D666","Arbitrum : 0xce16F69375520ab01377ce7B88f5BA8C48F8D666","base","Arbitrum","0xce16F69375520ab01377ce7B88f5BA8C48F8D666","0xce16F69375520ab01377ce7B88f5BA8C48F8D666","2026-08-30T18:25:41Z","2026-08-30T18:25:41Z","2026-08-30T18:51:14Z","1533","00:25:33","24.963797","axlUSDC","24.959827756277","Not Refunded","executed","received","False","True","0xc31ca8c4b9c60729c4d3f0dabf9bdde5755def1bed50c909c649b0f0514b1816","0xc31ca8c4b9c60729c4d3f0dabf9bdde5755def1bed50c909c649b0f0514b1816-8","Axelar Network (GMP)","https://api.axelarscan.io (public GMP Explorer API)"
"osmosis : osmo1n6ney9tsf55etz9nrmzyd8wa7e64qd3s06a74fqs30ka8pps6cvqtsycr6","base : 0xce16F69375520ab01377ce7B88f5BA8C48F8D666","osmosis","base","osmo1n6ney9tsf55etz9nrmzyd8wa7e64qd3s06a74fqs30ka8pps6cvqtsycr6","0xce16F69375520ab01377ce7B88f5BA8C48F8D666","2026-08-30T18:23:42Z","2026-08-30T18:23:42Z","2026-08-30T18:24:25Z","43","00:00:43","16.633618","axlUSDC","16.630973254738","Pending Refund","executed","received","False","True","6C61D772CB21DCD3905B44F469EB162F29773D7044A9A74ABC43DE3855B825C9","0xc83c5300bd29edf35e251db3b4db6357ef34191948e11c8b2de827f0e007e705-7093575","Axelar Network (GMP)","https://api.axelarscan.io (public GMP Explorer API)"
"osmosis : osmo1n6ney9tsf55etz9nrmzyd8wa7e64qd3s06a74fqs30ka8pps6cvqtsycr6","base : 0xce16F69375520ab01377ce7B88f5BA8C48F8D666","osmosis","base","osmo1n6ney9tsf55etz9nrmzyd8wa7e64qd3s06a74fqs30ka8pps6cvqtsycr6","0xce16F69375520ab01377ce7B88f5BA8C48F8D666","2026-08-30T18:15:41Z","2026-08-30T18:15:41Z","2026-08-30T18:16:25Z","44","00:00:44","4.645983","axlUSDC","4.645225704771","Pending Refund","executed","received","False","True","461BED920FCF9D283D478815D15DD7777E0152464FE018DC65FF61042B7182CE","0xc7c699041462d25422cfefeea46b167b251d4aef6dd31908910f2527a3135035-7093574","Axelar Network (GMP)","https://api.axelarscan.io (public GMP Explorer API)"
"osmosis : osmo1n6ney9tsf55etz9nrmzyd8wa7e64qd3s06a74fqs30ka8pps6cvqtsycr6","Ethereum : 0xce16F69375520ab01377ce7B88f5BA8C48F8D666","osmosis","Ethereum","osmo1n6ney9tsf55etz9nrmzyd8wa7e64qd3s06a74fqs30ka8pps6cvqtsycr6","0xce16F69375520ab01377ce7B88f5BA8C48F8D666","2026-08-30T18:12:00Z","2026-08-30T18:12:00Z","2026-08-30T18:13:23Z","83","00:01:23","36.38534","axlUSDC","36.37799016132","Pending Refund","executed","received","False","True","1A83025B6982A58D0304756C94E60439A80A30409984EBD2E2740909FFB4AAA9","0xf18eefd87bdac1ef8e938da34f40af8e1fc3a6118c31f7f585628959ef98789c-7093573","Axelar Network (GMP)","https://api.axelarscan.io (public GMP Explorer API)"
"arbitrum : 0xce16F69375520ab01377ce7B88f5BA8C48F8D666","base : 0xce16F69375520ab01377ce7B88f5BA8C48F8D666","arbitrum","base","0xce16F69375520ab01377ce7B88f5BA8C48F8D666","0xce16F69375520ab01377ce7B88f5BA8C48F8D666","2026-08-30T18:09:26Z","2026-08-30T18:09:26Z","2026-08-30T18:27:25Z","1079","00:17:59","25.967831","axlUSDC","25.962585498138","Not Refunded","executed","received","False","True","0x74cf8c13b63bccab12baf2bb3e6a3f43be1017816192ab0fdbccd097431dc43a","0x74cf8c13b63bccab12baf2bb3e6a3f43be1017816192ab0fdbccd097431dc43a-10","Axelar Network (GMP)","https://api.axelarscan.io (public GMP Explorer API)"
"axelar : axelar1aqcj54lzz0rk22gvqgcn8fr5tx4rzwdv5wv5j9dmnacgefvd7wzsy2j2mr","binance : 0xB5FB4BE02232B1bBA4dC8f81dc24C26980dE9e3C","axelar","binance","axelar1aqcj54lzz0rk22gvqgcn8fr5tx4rzwdv5wv5j9dmnacgefvd7wzsy2j2mr","0xB5FB4BE02232B1bBA4dC8f81dc24C26980dE9e3C","2026-08-30T17:55:32Z","2026-08-30T17:55:32Z","2026-08-30T17:55:53Z","21","00:00:21","34866657.82752575","AI","0","Pending Refund","executed","received","False","False","7F722FBF247A35735CE9ED7878005A057DA1179A0609D54C524484C0E64A44C3","0x7f722fbf247a35735ce9ed7878005a057da1179a0609d54c524484c0e64a44c3-7093572","Axelar Network (GMP)","https://api.axelarscan.io (public GMP Explorer API)"
"polygon : 0xB5FB4BE02232B1bBA4dC8f81dc24C26980dE9e3C","axelar : axelar1aqcj54lzz0rk22gvqgcn8fr5tx4rzwdv5wv5j9dmnacgefvd7wzsy2j2mr","polygon","axelar","0xB5FB4BE02232B1bBA4dC8f81dc24C26980dE9e3C","axelar1aqcj54lzz0rk22gvqgcn8fr5tx4rzwdv5wv5j9dmnacgefvd7wzsy2j2mr","2026-08-30T17:55:13Z","2026-08-30T17:55:13Z","2026-08-30T17:55:32Z","19","00:00:19","34866657.82752575","AI","33.52139756856633","Not Refunded","executed","received","False","True","0xc696a08435ec43b441fe28186fdb0f0316a241df80670fa996947997cada2a40","0xc696a08435ec43b441fe28186fdb0f0316a241df80670fa996947997cada2a40-57","Axelar Network (GMP)","https://api.axelarscan.io (public GMP Explorer API)"
"osmosis : osmo1n6ney9tsf55etz9nrmzyd8wa7e64qd3s06a74fqs30ka8pps6cvqtsycr6","Ethereum : 0xce16F69375520ab01377ce7B88f5BA8C48F8D666","osmosis","Ethereum","osmo1n6ney9tsf55etz9nrmzyd8wa7e64qd3s06a74fqs30ka8pps6cvqtsycr6","0xce16F69375520ab01377ce7B88f5BA8C48F8D666","2026-08-30T17:53:44Z","2026-08-30T17:53:44Z","2026-08-30T17:55:23Z","99","00:01:39","0.003469992644491662","axlETH","8.692713273642509","Pending Refund","executed","received","False","True","81376893B6E851FA9DC72B2117AD80B218316CB1C4A1EAB4068A0E18D238B426","0x1a4fff862cfa31804f4812fd7c755a4e78f9b15eaf1d975ed81fee4602418750-7093566","Axelar Network (GMP)","https://api.axelarscan.io (public GMP Explorer API)"
"polygon : 0xcbBA104B6CB4960a70E5dfc48E76C536A1f19609","Ethereum : 0xcbBA104B6CB4960a70E5dfc48E76C536A1f19609","polygon","Ethereum","0xcbBA104B6CB4960a70E5dfc48E76C536A1f19609","0xcbBA104B6CB4960a70E5dfc48E76C536A1f19609","2026-08-30T17:50:25Z","2026-08-30T17:50:25Z","2026-08-30T17:52:11Z","106","00:01:46",,,,"Not Refunded","executed","received","False","True","0x8f1d97db38b3e58e6a2975cf40dc4125e379a0eac8d1e2f46e8810d606ef5e5b","0x8f1d97db38b3e58e6a2975cf40dc4125e379a0eac8d1e2f46e8810d606ef5e5b-6","Axelar Network (GMP)","https://api.axelarscan.io (public GMP Explorer API)"
"osmosis : osmo1n6ney9tsf55etz9nrmzyd8wa7e64qd3s06a74fqs30ka8pps6cvqtsycr6","Ethereum : 0xce16F69375520ab01377ce7B88f5BA8C48F8D666","osmosis","Ethereum","osmo1n6ney9tsf55etz9nrmzyd8wa7e64qd3s06a74fqs30ka8pps6cvqtsycr6","0xce16F69375520ab01377ce7B88f5BA8C48F8D666","2026-08-30T17:49:22Z","2026-08-30T17:49:22Z","2026-08-30T17:50:47Z","85","00:01:25","7.976183168233425","axlLINK","92.92253390991941","Pending Refund","executed","received","False","True","88FDFF51FCF2394E37F80F0FC472847EBE1C21A93C54FB339FBDCE3947C11D24","0xdbc957a819b6b219a643f1b29ec9591541bed2dc4deb392c895ccfb7a1cab662-7093565","Axelar Network (GMP)","https://api.axelarscan.io (public GMP Explorer API)"
"immutable : 0xce16F69375520ab01377ce7B88f5BA8C48F8D666","Ethereum : 0xce16F69375520ab01377ce7B88f5BA8C48F8D666","immutable","Ethereum","0xce16F69375520ab01377ce7B88f5BA8C48F8D666","0xce16F69375520ab01377ce7B88f5BA8C48F8D666","2026-08-30T17:47:55Z","2026-08-30T17:47:55Z","2026-08-30T17:49:23Z","88","00:01:28","0.421511","axlUSDC","0.421434284998","Not Refunded","executed","received","False","True","0xd3b111f9e08effe0b481002c870a3431176c2592c24266ba9ce983582a1bb78a","0xd3b111f9e08effe0b481002c870a3431176c2592c24266ba9ce983582a1bb78a-11","Axelar Network (GMP)","https://api.axelarscan.io (public GMP Explorer API)"
"osmosis : osmo1n6ney9tsf55etz9nrmzyd8wa7e64qd3s06a74fqs30ka8pps6cvqtsycr6","base : 0xce16F69375520ab01377ce7B88f5BA8C48F8D666","osmosis","base","osmo1n6ney9tsf55etz9nrmzyd8wa7e64qd3s06a74fqs30ka8pps6cvqtsycr6","0xce16F69375520ab01377ce7B88f5BA8C48F8D666","2026-08-30T17:47:24Z","2026-08-30T17:47:24Z","2026-08-30T17:48:25Z","61","00:01:01","79.795258","axlUSDC","79.78073526304401","Pending Refund","executed","received","False","True","FD5FD6D71741B04A642197ADCBA9D4172E4CAF6E48A9D7C9996077C711620979","0x48719218367a64671f1c279df8158b4bb7348769c315d67d97bbd1fedfc12fed-7093564","Axelar Network (GMP)","https://api.axelarscan.io (public GMP Explorer API)"
"immutable : 0x4f49B53928A71E553bB1B0F66a5BcB54Fd4E8932","Ethereum : 0x4f49B53928A71E553bB1B0F66a5BcB54Fd4E8932","immutable","Ethereum","0x4f49B53928A71E553bB1B0F66a5BcB54Fd4E8932","0x4f49B53928A71E553bB1B0F66a5BcB54Fd4E8932","2026-08-30T17:47:05Z","2026-08-30T17:47:05Z","2026-08-30T17:48:23Z","78","00:01:18",,,,"Not Refunded","executed","received","False","True","0xef1ecee1b7295496f3646d362445efa583bf674380d8f8789b47caf46d01a667","0xef1ecee1b7295496f3646d362445efa583bf674380d8f8789b47caf46d01a667-5","Axelar Network (GMP)","https://api.axelarscan.io (public GMP Explorer API)"
"osmosis : osmo1n6ney9tsf55etz9nrmzyd8wa7e64qd3s06a74fqs30ka8pps6cvqtsycr6","base : 0xce16F69375520ab01377ce7B88f5BA8C48F8D666","osmosis","base","osmo1n6ney9tsf55etz9nrmzyd8wa7e64qd3s06a74fqs30ka8pps6cvqtsycr6","0xce16F69375520ab01377ce7B88f5BA8C48F8D666","2026-08-30T17:43:13Z","2026-08-30T17:43:13Z","2026-08-30T17:43:55Z","42","00:00:42","4.410418","axlUSDC","4.409606483088","Pending Refund","executed","received","False","True","911EF787F87AF7225C3FC533B551B2FA7DE09324BBEB648A4221C46DCBD7CC99","0x6805ca4e22736dfb68fb30a52a1814b2689b32a2b2bca0ad11cf7d60373a79e4-7093563","Axelar Network (GMP)","https://api.axelarscan.io (public GMP Explorer API)"
"binance : 0xce16F69375520ab01377ce7B88f5BA8C48F8D666","Ethereum : 0xce16F69375520ab01377ce7B88f5BA8C48F8D666","binance","Ethereum","0xce16F69375520ab01377ce7B88f5BA8C48F8D666","0xce16F69375520ab01377ce7B88f5BA8C48F8D666","2026-08-30T17:43:02Z","2026-08-30T17:43:02Z","2026-08-30T17:44:23Z","81","00:01:21","0.469699","axlUSDC","0.469612575384","Not Refunded","executed","received","False","True","0x271ceaa7a0b3072086bbd707698f8d566c6155ba1b8c4f938b9d907d73f26e5d","0x271ceaa7a0b3072086bbd707698f8d566c6155ba1b8c4f938b9d907d73f26e5d-14","Axelar Network (GMP)","https://api.axelarscan.io (public GMP Explorer API)"
"immutable : 0xce16F69375520ab01377ce7B88f5BA8C48F8D666","base : 0xce16F69375520ab01377ce7B88f5BA8C48F8D666","immutable","base","0xce16F69375520ab01377ce7B88f5BA8C48F8D666","0xce16F69375520ab01377ce7B88f5BA8C48F8D666","2026-08-30T17:42:05Z","2026-08-30T17:42:05Z","2026-08-30T17:42:55Z","50","00:00:50","86.799252","axlUSDC","86.783280937632","Not Refunded","executed","received","False","True","0xa7acf63ae0e869e45b8be8be1ad6fcbd12de774be90ab5836fa756e34a79e2ee","0xa7acf63ae0e869e45b8be8be1ad6fcbd12de774be90ab5836fa756e34a79e2ee-16","Axelar Network (GMP)","https://api.axelarscan.io (public GMP Explorer API)"
"axelar : axelar1aqcj54lzz0rk22gvqgcn8fr5tx4rzwdv5wv5j9dmnacgefvd7wzsy2j2mr","ethereum : 0xB5FB4BE02232B1bBA4dC8f81dc24C26980dE9e3C","axelar","ethereum","axelar1aqcj54lzz0rk22gvqgcn8fr5tx4rzwdv5wv5j9dmnacgefvd7wzsy2j2mr","0xB5FB4BE02232B1bBA4dC8f81dc24C26980dE9e3C","2026-08-30T17:40:29Z","2026-08-30T17:40:29Z","2026-08-30T17:41:23Z","54","00:00:54","14290897518.253729","MANYU","0","Pending Refund","executed","received","False","False","7A0EE1A46DF990E7D9977DDE3CEEFD2A5D82FACA30F8F7CE758FA3A9A85C36A5","0x7a0ee1a46df990e7d9977dde3ceefd2a5d82faca30f8f7ce758fa3a9a85c36a5-7093562","Axelar Network (GMP)","https://api.axelarscan.io (public GMP Explorer API)"
"osmosis : osmo173adwu8q6xfww53rhwtlxhjyafav74k6qsu9a7","binance : 0x43d090025aAA6C8693B71952B910AC55CcB56bBb","osmosis","binance","osmo173adwu8q6xfww53rhwtlxhjyafav74k6qsu9a7","0x43d090025aAA6C8693B71952B910AC55CcB56bBb","2026-08-30T17:40:10Z","2026-08-30T17:40:10Z","2026-08-30T17:40:38Z","28","00:00:28","5114.84144","AXL","220.78975187134563","Pending Refund","executed","received","False","True","5E39E3E896F574C42307132ED960465A4045AF6E522217131A3A6D870543F972","0x1c3df96274dba275fbd1d7d0e740569afbe9346ab5fd369230413f9eb8e07785-7093556","Axelar Network (GMP)","https://api.axelarscan.io (public GMP Explorer API)"
"binance : 0xce16F69375520ab01377ce7B88f5BA8C48F8D666","Ethereum : 0xce16F69375520ab01377ce7B88f5BA8C48F8D666","binance","Ethereum","0xce16F69375520ab01377ce7B88f5BA8C48F8D666","0xce16F69375520ab01377ce7B88f5BA8C48F8D666","2026-08-30T17:39:14Z","2026-08-30T17:39:14Z","2026-08-30T17:40:23Z","69","00:01:09","1.140566","axlUSDC","1.14034929246","Not Refunded","executed","received","False","True","0x36ec3a13476be923bce98ce1caad87c26d6d6e5fa34c68ef547cea1b76c6bfd6","0x36ec3a13476be923bce98ce1caad87c26d6d6e5fa34c68ef547cea1b76c6bfd6-14","Axelar Network (GMP)","https://api.axelarscan.io (public GMP Explorer API)"
"osmosis : osmo1n6ney9tsf55etz9nrmzyd8wa7e64qd3s06a74fqs30ka8pps6cvqtsycr6","arbitrum : 0xce16F69375520ab01377ce7B88f5BA8C48F8D666","osmosis","arbitrum","osmo1n6ney9tsf55etz9nrmzyd8wa7e64qd3s06a74fqs30ka8pps6cvqtsycr6","0xce16F69375520ab01377ce7B88f5BA8C48F8D666","2026-08-30T17:39:12Z","2026-08-30T17:39:12Z","2026-08-30T17:39:44Z","32","00:00:32","130.400835","axlUSDC","130.37605884135","Pending Refund","executed","received","False","True","9A90F69A9D68017E4923CA3EF4332030290DF2647B33E75909779267DF3E7137","0x23dfb5ab6c90838232a899bd61bb32f475138a64c3f3f74e2d244ecd253c1542-7093555","Axelar Network (GMP)","https://api.axelarscan.io (public GMP Explorer API)"
"osmosis : osmo173adwu8q6xfww53rhwtlxhjyafav74k6qsu9a7","binance : 0x43d090025aAA6C8693B71952B910AC55CcB56bBb","osmosis","binance","osmo173adwu8q6xfww53rhwtlxhjyafav74k6qsu9a7","0x43d090025aAA6C8693B71952B910AC55CcB56bBb","2026-08-30T17:38:42Z","2026-08-30T17:38:42Z","2026-08-30T17:39:08Z","26","00:00:26","5136.965931","AXL","219.60082438989002","Pending Refund","executed","received","False","True","ABE4E1F29C975020685848803A47DEA52F190372D3D6D28A8A426BD828FB6FD4","0x0bc2a54dc2f73d8378252742b26d67b3a7c46f198d6330693ad731cffe83aa46-7093554","Axelar Network (GMP)","https://api.axelarscan.io (public GMP Explorer API)"
"avalanche : 0xce16F69375520ab01377ce7B88f5BA8C48F8D666","binance : 0xce16F69375520ab01377ce7B88f5BA8C48F8D666","avalanche","binance","0xce16F69375520ab01377ce7B88f5BA8C48F8D666","0xce16F69375520ab01377ce7B88f5BA8C48F8D666","2026-08-30T17:38:32Z","2026-08-30T17:38:32Z","2026-08-30T17:39:08Z","36","00:00:36","0.170347","axlUSDC","0.17031463407","Not Refunded","executed","received","False","True","0x9b229519fe9d9c9dbe05dd3d081269ba541485e112e925d8ef80d40e47422756","0x9b229519fe9d9c9dbe05dd3d081269ba541485e112e925d8ef80d40e47422756-12","Axelar Network (GMP)","https://api.axelarscan.io (public GMP Explorer API)"
"base : 0xce16F69375520ab01377ce7B88f5BA8C48F8D666","Ethereum : 0xce16F69375520ab01377ce7B88f5BA8C48F8D666","base","Ethereum","0xce16F69375520ab01377ce7B88f5BA8C48F8D666","0xce16F69375520ab01377ce7B88f5BA8C48F8D666","2026-08-30T17:37:55Z","2026-08-30T17:37:55Z","2026-08-30T18:01:23Z","1408","00:23:28","0.652655","axlUSDC","0.6525309955499999","Not Refunded","executed","received","False","True","0xf52c6f524c09d6f374ce3d4f7d1e788fc4d23d6459dbf6e65b73ce9fbbcd051e","0xf52c6f524c09d6f374ce3d4f7d1e788fc4d23d6459dbf6e65b73ce9fbbcd051e-11","Axelar Network (GMP)","https://api.axelarscan.io (public GMP Explorer API)"
"base : 0xce16F69375520ab01377ce7B88f5BA8C48F8D666","Avalanche : 0xce16F69375520ab01377ce7B88f5BA8C48F8D666","base","Avalanche","0xce16F69375520ab01377ce7B88f5BA8C48F8D666","0xce16F69375520ab01377ce7B88f5BA8C48F8D666","2026-08-30T17:37:05Z","2026-08-30T17:37:05Z","2026-08-30T18:00:37Z","1412","00:23:32","16.275067","axlUSDC","16.27197473727","Not Refunded","executed","received","False","True","0x7f5f6fd7b07895b8ce32ba81ad50ebf9419255c7c9614936e70c7a793803139b","0x7f5f6fd7b07895b8ce32ba81ad50ebf9419255c7c9614936e70c7a793803139b-12","Axelar Network (GMP)","https://api.axelarscan.io (public GMP Explorer API)"
"ethereum : 0x4f49B53928A71E553bB1B0F66a5BcB54Fd4E8932","immutable : 0x4f49B53928A71E553bB1B0F66a5BcB54Fd4E8932","ethereum","immutable","0x4f49B53928A71E553bB1B0F66a5BcB54Fd4E8932","0x4f49B53928A71E553bB1B0F66a5BcB54Fd4E8932","2026-08-30T17:36:47Z","2026-08-30T17:36:47Z","2026-08-30T17:53:49Z","1022","00:17:02",,,,"Not Refunded","executed","received","False","True","0x8060e6825abf4ac88a4a2fcc70b5e47fbda28c7f395d62551fbbdd1997110af2","0x8060e6825abf4ac88a4a2fcc70b5e47fbda28c7f395d62551fbbdd1997110af2-1","Axelar Network (GMP)","https://api.axelarscan.io (public GMP Explorer API)"
"binance : 0xce16F69375520ab01377ce7B88f5BA8C48F8D666","Ethereum : 0xce16F69375520ab01377ce7B88f5BA8C48F8D666","binance","Ethereum","0xce16F69375520ab01377ce7B88f5BA8C48F8D666","0xce16F69375520ab01377ce7B88f5BA8C48F8D666","2026-08-30T17:36:22Z","2026-08-30T17:36:22Z","2026-08-30T17:37:23Z","61","00:01:01","2.306434","axlUSDC","2.305991164672","Not Refunded","executed","received","False","True","0x8c5ff04eedfdf53624b00496bcf0a08a1f431cb23e0d50aeef87189c71c5835f","0x8c5ff04eedfdf53624b00496bcf0a08a1f431cb23e0d50aeef87189c71c5835f-14","Axelar Network (GMP)","https://api.axelarscan.io (public GMP Explorer API)"
"binance : 0xce16F69375520ab01377ce7B88f5BA8C48F8D666","Polygon : 0xce16F69375520ab01377ce7B88f5BA8C48F8D666","binance","Polygon","0xce16F69375520ab01377ce7B88f5BA8C48F8D666","0xce16F69375520ab01377ce7B88f5BA8C48F8D666","2026-08-30T17:36:10Z","2026-08-30T17:36:10Z","2026-08-30T17:37:00Z","50","00:00:50","49.987487","axlUSDC","49.977889402496004","Not Refunded","executed","received","False","True","0x2c3a59279cc164b746060af672ab731c7819090bc73c31907be2b6422647b01a","0x2c3a59279cc164b746060af672ab731c7819090bc73c31907be2b6422647b01a-10","Axelar Network (GMP)","https://api.axelarscan.io (public GMP Explorer API)"
"binance : 0xce16F69375520ab01377ce7B88f5BA8C48F8D666","Ethereum : 0xce16F69375520ab01377ce7B88f5BA8C48F8D666","binance","Ethereum","0xce16F69375520ab01377ce7B88f5BA8C48F8D666","0xce16F69375520ab01377ce7B88f5BA8C48F8D666","2026-08-30T17:36:05Z","2026-08-30T17:36:05Z","2026-08-30T17:37:23Z","78","00:01:18","5.02192","axlUSDC","5.02095579136","Not Refunded","executed","received","False","True","0x384ed1eb6bef621b10cbe26c9c4cab93df66885583c3ed65f6f3d4a613372da0","0x384ed1eb6bef621b10cbe26c9c4cab93df66885583c3ed65f6f3d4a613372da0-14","Axelar Network (GMP)","https://api.axelarscan.io (public GMP Explorer API)"
"osmosis : osmo173adwu8q6xfww53rhwtlxhjyafav74k6qsu9a7","binance : 0x43d090025aAA6C8693B71952B910AC55CcB56bBb","osmosis","binance","osmo173adwu8q6xfww53rhwtlxhjyafav74k6qsu9a7","0x43d090025aAA6C8693B71952B910AC55CcB56bBb","2026-08-30T17:35:51Z","2026-08-30T17:35:51Z","2026-08-30T17:36:19Z","28","00:00:28","5164.307444","AXL","220.76965028352373","Pending Refund","executed","received","False","True","EF05B54D01CC30A652169F0E1129325CD5DA6159C9A7579BFC8A501FF5735BD9","0xbf7d6f5c0d7e37cac0e219bb56c2ab7a9640c0fae6e2e0d83c5bb87020d77f9c-7093553","Axelar Network (GMP)","https://api.axelarscan.io (public GMP Explorer API)"
"osmosis : osmo173adwu8q6xfww53rhwtlxhjyafav74k6qsu9a7","binance : 0x43d090025aAA6C8693B71952B910AC55CcB56bBb","osmosis","binance","osmo173adwu8q6xfww53rhwtlxhjyafav74k6qsu9a7","0x43d090025aAA6C8693B71952B910AC55CcB56bBb","2026-08-30T17:34:30Z","2026-08-30T17:34:30Z","2026-08-30T17:34:53Z","23","00:00:23","5166.657305","AXL","220.85088483172004","Pending Refund","executed","received","False","True","F6761695C1B058963534632130CB052A6E842BE90E807A176171DB9D22D1B758","0x08cd87056a8c5ea61af39c83e5626c5e4ff8f0e34c55857e605996af5b3e4407-7093552","Axelar Network (GMP)","https://api.axelarscan.io (public GMP Explorer API)"
"osmosis : osmo1m8wg4vxkefhs374qxmmqpyusgz289wmulex5qdwpfx7jnrxzer5s9cv83q","binance : 0x43d090025aAA6C8693B71952B910AC55CcB56bBb","osmosis","binance","osmo1m8wg4vxkefhs374qxmmqpyusgz289wmulex5qdwpfx7jnrxzer5s9cv83q","0x43d090025aAA6C8693B71952B910AC55CcB56bBb","2026-08-30T17:31:43Z","2026-08-30T17:31:43Z","2026-08-30T17:32:09Z","26","00:00:26","0.01397514438910434","axlBNB","9.747802962844167","Pending Refund","executed","received","False","True","9C81A93A28D3736F9EC836C1A2F9E77BF9A1792A8A90EF6D591C14DD454987C2","0x6539019170cf9a2a706a9873c07d5f4a0c8b5082d4169ae61c314774b126d0d9-7093551","Axelar Network (GMP)","https://api.axelarscan.io (public GMP Explorer API)"
"ethereum : 0x4f49B53928A71E553bB1B0F66a5BcB54Fd4E8932","immutable : 0x4f49B53928A71E553bB1B0F66a5BcB54Fd4E8932","ethereum","immutable","0x4f49B53928A71E553bB1B0F66a5BcB54Fd4E8932","0x4f49B53928A71E553bB1B0F66a5BcB54Fd4E8932","2026-08-30T17:31:23Z","2026-08-30T17:31:23Z","2026-08-30T17:47:35Z","972","00:16:12",,,,"Not Refunded","executed","received","False","True","0x4d6f1f025155951d68af6c72ad8538f95246c0de1b32d5b3f1a3e5b823a73dca","0x4d6f1f025155951d68af6c72ad8538f95246c0de1b32d5b3f1a3e5b823a73dca-1","Axelar Network (GMP)","https://api.axelarscan.io (public GMP Explorer API)"
"binance : 0xce16F69375520ab01377ce7B88f5BA8C48F8D666","base : 0xce16F69375520ab01377ce7B88f5BA8C48F8D666","binance","base","0xce16F69375520ab01377ce7B88f5BA8C48F8D666","0xce16F69375520ab01377ce7B88f5BA8C48F8D666","2026-08-30T17:31:09Z","2026-08-30T17:31:09Z","2026-08-30T17:31:55Z","46","00:00:46","41.944894","axlUSDC","41.937218084398","Not Refunded","executed","received","False","True","0x84e721f4f3bb214cc686a870185f209fb36d54e4789e52423d01da79c4c372d5","0x84e721f4f3bb214cc686a870185f209fb36d54e4789e52423d01da79c4c372d5-15","Axelar Network (GMP)","https://api.axelarscan.io (public GMP Explorer API)"
"osmosis : osmo1n6ney9tsf55etz9nrmzyd8wa7e64qd3s06a74fqs30ka8pps6cvqtsycr6","base : 0xce16F69375520ab01377ce7B88f5BA8C48F8D666","osmosis","base","osmo1n6ney9tsf55etz9nrmzyd8wa7e64qd3s06a74fqs30ka8pps6cvqtsycr6","0xce16F69375520ab01377ce7B88f5BA8C48F8D666","2026-08-30T17:29:23Z","2026-08-30T17:29:23Z","2026-08-30T17:30:25Z","62","00:01:02","81.000777","axlUSDC","80.985953857809","Pending Refund","executed","received","False","True","05494863C4945792CFC4FE4A916C995490412861651ACC518A6B62769DC0EDC1","0x63bbd50de2a1f62131ffa3d2f807efef24a37983306e2e7c2182eeca95da2baa-7093550","Axelar Network (GMP)","https://api.axelarscan.io (public GMP Explorer API)"
"polygon : 0xce16F69375520ab01377ce7B88f5BA8C48F8D666","Arbitrum : 0xce16F69375520ab01377ce7B88f5BA8C48F8D666","polygon","Arbitrum","0xce16F69375520ab01377ce7B88f5BA8C48F8D666","0xce16F69375520ab01377ce7B88f5BA8C48F8D666","2026-08-30T17:28:00Z","2026-08-30T17:28:00Z","2026-08-30T17:28:43Z","43","00:00:43","500.276646","axlUSDC","500.185095373782","Not Refunded","executed","received","False","True","0x26fa27138f7074c5666e8e2992be46760c3da4cfb4be34c9a6e50e4f9d552be9","0x26fa27138f7074c5666e8e2992be46760c3da4cfb4be34c9a6e50e4f9d552be9-16","Axelar Network (GMP)","https://api.axelarscan.io (public GMP Explorer API)"
"filecoin : 0xce16F69375520ab01377ce7B88f5BA8C48F8D666","binance : 0xce16F69375520ab01377ce7B88f5BA8C48F8D666","filecoin","binance","0xce16F69375520ab01377ce7B88f5BA8C48F8D666","0xce16F69375520ab01377ce7B88f5BA8C48F8D666","2026-08-30T17:25:00Z","2026-08-30T17:25:00Z","2026-08-30T17:42:43Z","1063","00:17:43","687.708086","axlUSDC","687.58086000409","Not Refunded","executed","received","False","True","0xa285c41dc95e9649ebbbe564b8b7d1985261095e7eaef3c86ebd5c9c5ce29bf1","0xa285c41dc95e9649ebbbe564b8b7d1985261095e7eaef3c86ebd5c9c5ce29bf1-8","Axelar Network (GMP)","https://api.axelarscan.io (public GMP Explorer API)"
"binance : 0xce16F69375520ab01377ce7B88f5BA8C48F8D666","osmosis : osmo1n6ney9tsf55etz9nrmzyd8wa7e64qd3s06a74fqs30ka8pps6cvqtsycr6","binance","osmosis","0xce16F69375520ab01377ce7B88f5BA8C48F8D666","osmo1n6ney9tsf55etz9nrmzyd8wa7e64qd3s06a74fqs30ka8pps6cvqtsycr6","2026-08-30T17:19:12Z","2026-08-30T17:19:12Z","2026-08-30T17:19:28Z","16","00:00:16","49.612376","axlUSDC","49.602056625791995","Not Refunded","executed","received","False","True","0xf7bc93cd577c8fa4d29a84f49d32fc5dee805f1e9928b1b183540a7e310cb3e4","0xf7bc93cd577c8fa4d29a84f49d32fc5dee805f1e9928b1b183540a7e310cb3e4-12","Axelar Network (GMP)","https://api.axelarscan.io (public GMP Explorer API)"
"ethereum : 0xce16F69375520ab01377ce7B88f5BA8C48F8D666","immutable : 0xce16F69375520ab01377ce7B88f5BA8C48F8D666","ethereum","immutable","0xce16F69375520ab01377ce7B88f5BA8C48F8D666","0xce16F69375520ab01377ce7B88f5BA8C48F8D666","2026-08-30T17:16:11Z","2026-08-30T17:16:11Z","2026-08-30T17:34:25Z","1094","00:18:14","49.821168","USDC","49.812748222608","Not Refunded","executed","received","False","True","0x9a081082091c52d06727a3a85fb153759eb58284ad89a34244fbf6de6b771c99","0x9a081082091c52d06727a3a85fb153759eb58284ad89a34244fbf6de6b771c99-7","Axelar Network (GMP)","https://api.axelarscan.io (public GMP Explorer API)"
"axelar : axelar1aqcj54lzz0rk22gvqgcn8fr5tx4rzwdv5wv5j9dmnacgefvd7wzsy2j2mr","ethereum : 0xB5FB4BE02232B1bBA4dC8f81dc24C26980dE9e3C","axelar","ethereum","axelar1aqcj54lzz0rk22gvqgcn8fr5tx4rzwdv5wv5j9dmnacgefvd7wzsy2j2mr","0xB5FB4BE02232B1bBA4dC8f81dc24C26980dE9e3C","2026-08-30T17:14:38Z","2026-08-30T17:14:38Z","2026-08-30T17:17:11Z","153","00:02:33","29459373573.13049","MANYU","0","Pending Refund","executed","received","False","False","76B7D243AE13510A5F1D03108039948D2A510FC9A4290147BCCF28AD402B32D6","0x76b7d243ae13510a5f1d03108039948d2a510fc9a4290147bccf28ad402b32d6-7093549","Axelar Network (GMP)","https://api.axelarscan.io (public GMP Explorer API)"
"base : 0xB5FB4BE02232B1bBA4dC8f81dc24C26980dE9e3C","axelar : axelar1aqcj54lzz0rk22gvqgcn8fr5tx4rzwdv5wv5j9dmnacgefvd7wzsy2j2mr","base","axelar","0xB5FB4BE02232B1bBA4dC8f81dc24C26980dE9e3C","axelar1aqcj54lzz0rk22gvqgcn8fr5tx4rzwdv5wv5j9dmnacgefvd7wzsy2j2mr","2026-08-30T17:14:29Z","2026-08-30T17:14:29Z","2026-08-30T17:40:29Z","1560","00:26:00","14290897518.253729","MANYU","81.8439700870391","Not Refunded","executed","received","False","True","0xfa374cfb8cf0e649360bf97116c7a2da16b7beae9ab4687407347b7db5ed9f00","0xfa374cfb8cf0e649360bf97116c7a2da16b7beae9ab4687407347b7db5ed9f00-11","Axelar Network (GMP)","https://api.axelarscan.io (public GMP Explorer API)"
"binance : 0xB5FB4BE02232B1bBA4dC8f81dc24C26980dE9e3C","axelar : axelar1aqcj54lzz0rk22gvqgcn8fr5tx4rzwdv5wv5j9dmnacgefvd7wzsy2j2mr","binance","axelar","0xB5FB4BE02232B1bBA4dC8f81dc24C26980dE9e3C","axelar1aqcj54lzz0rk22gvqgcn8fr5tx4rzwdv5wv5j9dmnacgefvd7wzsy2j2mr","2026-08-30T17:14:27Z","2026-08-30T17:14:27Z","2026-08-30T17:14:38Z","11","00:00:11","29459373573.13049","MANYU","168.7138324533183","Not Refunded","executed","received","False","True","0x41500c5b0cb4726192d8f8cd27f658013fc95c5499d224df8f121b9e3737d29f","0x41500c5b0cb4726192d8f8cd27f658013fc95c5499d224df8f121b9e3737d29f-48","Axelar Network (GMP)","https://api.axelarscan.io (public GMP Explorer API)"
"axelar : axelar1aqcj54lzz0rk22gvqgcn8fr5tx4rzwdv5wv5j9dmnacgefvd7wzsy2j2mr","binance : 0xB5FB4BE02232B1bBA4dC8f81dc24C26980dE9e3C","axelar","binance","axelar1aqcj54lzz0rk22gvqgcn8fr5tx4rzwdv5wv5j9dmnacgefvd7wzsy2j2mr","0xB5FB4BE02232B1bBA4dC8f81dc24C26980dE9e3C","2026-08-30T17:12:45Z","2026-08-30T17:12:45Z","2026-08-30T17:12:58Z","13","00:00:13","0.00113456","BTCB","0","Pending Refund","executed","received","False","False","3DEF93D85A5D68DCB3E24407AF6B905D82F5A5031C71288F1551DC4C906116AA","0x3def93d85a5d68dcb3e24407af6b905d82f5a5031c71288f1551dc4c906116aa-7093543","Axelar Network (GMP)","https://api.axelarscan.io (public GMP Explorer API)"
"avalanche : 0xBeB12d8861765c850E8426Cc5c6a5207222f2477","Ethereum : 0xB773bCc5B325ad9AC6B36e1A046AD4466833A16E","avalanche","Ethereum","0xBeB12d8861765c850E8426Cc5c6a5207222f2477","0xB773bCc5B325ad9AC6B36e1A046AD4466833A16E","2026-08-30T17:12:20Z","2026-08-30T17:12:20Z","2026-08-30T17:14:23Z","123","00:02:03","499.883601","axlUSDC","499.799120671431","Not Refunded","executed","received","False","True","0xad8e9310b235a64c98f8a8383d0fb4ba8c285609c76088737709a6ae1f63ec1b","0xad8e9310b235a64c98f8a8383d0fb4ba8c285609c76088737709a6ae1f63ec1b-12","Axelar Network (GMP)","https://api.axelarscan.io (public GMP Explorer API)"
"osmosis : osmo1n6ney9tsf55etz9nrmzyd8wa7e64qd3s06a74fqs30ka8pps6cvqtsycr6","Polygon : 0xce16F69375520ab01377ce7B88f5BA8C48F8D666","osmosis","Polygon","osmo1n6ney9tsf55etz9nrmzyd8wa7e64qd3s06a74fqs30ka8pps6cvqtsycr6","0xce16F69375520ab01377ce7B88f5BA8C48F8D666","2026-08-30T17:11:45Z","2026-08-30T17:11:45Z","2026-08-30T17:12:22Z","37","00:00:37","13.894637572887186","axlMATIC","1.407790784247357","Pending Refund","executed","received","False","True","32F31E890D0AB7442B730E57061ADEC5A821D688214F4994C9269DA13EAC012B","0x0e47d6e6dbc644b574c92c46e2cbf9bb0dd56082aa5cb4f838f6489691211d5b-7093537","Axelar Network (GMP)","https://api.axelarscan.io (public GMP Explorer API)"
"osmosis : osmo173adwu8q6xfww53rhwtlxhjyafav74k6qsu9a7","binance : 0x43d090025aAA6C8693B71952B910AC55CcB56bBb","osmosis","binance","osmo173adwu8q6xfww53rhwtlxhjyafav74k6qsu9a7","0x43d090025aAA6C8693B71952B910AC55CcB56bBb","2026-08-30T17:11:23Z","2026-08-30T17:11:23Z","2026-08-30T17:11:49Z","26","00:00:26","5155.754663","AXL","217.10119834202877","Pending Refund","executed","received","False","True","46AA9C4B0E7ED8F265857C55881A3308759AE7F4ACA6A499AE1B26761EF9C049","0xcc01f171c6e5ca77a051a669329a934767cc1da34957709cbb6fe5fe090e642b-7093536","Axelar Network (GMP)","https://api.axelarscan.io (public GMP Explorer API)"
"base : 0xce16F69375520ab01377ce7B88f5BA8C48F8D666","immutable : 0xce16F69375520ab01377ce7B88f5BA8C48F8D666","base","immutable","0xce16F69375520ab01377ce7B88f5BA8C48F8D666","0xce16F69375520ab01377ce7B88f5BA8C48F8D666","2026-08-30T17:10:23Z","2026-08-30T17:10:23Z","2026-08-30T17:35:05Z","1482","00:24:42","48.872749","axlUSDC","48.864342887172","Not Refunded","executed","received","False","True","0x3a22023b6ca9f1a4379c4dfaa12409b87ea5c620eab8742ad3ae6a7036b98737","0x3a22023b6ca9f1a4379c4dfaa12409b87ea5c620eab8742ad3ae6a7036b98737-11","Axelar Network (GMP)","https://api.axelarscan.io (public GMP Explorer API)"
"kava : 0xB5FB4BE02232B1bBA4dC8f81dc24C26980dE9e3C","axelar : axelar1aqcj54lzz0rk22gvqgcn8fr5tx4rzwdv5wv5j9dmnacgefvd7wzsy2j2mr","kava","axelar","0xB5FB4BE02232B1bBA4dC8f81dc24C26980dE9e3C","axelar1aqcj54lzz0rk22gvqgcn8fr5tx4rzwdv5wv5j9dmnacgefvd7wzsy2j2mr","2026-08-30T17:10:13Z","2026-08-30T17:10:13Z","2026-08-30T17:12:45Z","152","00:02:32","0.00113456","BTCB","89.24562415999999","Not Refunded","executed","received","False","True","0x02d5806471dc92bc40cdada678fc61d1276c3a29589f9797cb73e48c9d40aaf5","0x02d5806471dc92bc40cdada678fc61d1276c3a29589f9797cb73e48c9d40aaf5-7","Axelar Network (GMP)","https://api.axelarscan.io (public GMP Explorer API)"
"binance : 0xce16F69375520ab01377ce7B88f5BA8C48F8D666","Arbitrum : 0xce16F69375520ab01377ce7B88f5BA8C48F8D666","binance","Arbitrum","0xce16F69375520ab01377ce7B88f5BA8C48F8D666","0xce16F69375520ab01377ce7B88f5BA8C48F8D666","2026-08-30T17:07:34Z","2026-08-30T17:07:34Z","2026-08-30T17:08:14Z","40","00:00:40","399.898879","axlUSDC","399.83009639281204","Not Refunded","executed","received","False","True","0x7c8d1f753166c84e00c2afcdb5fefd78703ba653bdfca5012fe3b25d5e03d579","0x7c8d1f753166c84e00c2afcdb5fefd78703ba653bdfca5012fe3b25d5e03d579-10","Axelar Network (GMP)","https://api.axelarscan.io (public GMP Explorer API)"
"immutable : 0x4f49B53928A71E553bB1B0F66a5BcB54Fd4E8932","Ethereum : 0x4f49B53928A71E553bB1B0F66a5BcB54Fd4E8932","immutable","Ethereum","0x4f49B53928A71E553bB1B0F66a5BcB54Fd4E8932","0x4f49B53928A71E553bB1B0F66a5BcB54Fd4E8932","2026-08-30T17:07:03Z","2026-08-30T17:07:03Z","2026-08-30T17:08:23Z","80","00:01:20",,,,"Not Refunded","executed","received","False","True","0x6181b11b2b7c31dcbaf666bcf412a0cd619e78229213ee13074221e5a4e77cfe","0x6181b11b2b7c31dcbaf666bcf412a0cd619e78229213ee13074221e5a4e77cfe-5","Axelar Network (GMP)","https://api.axelarscan.io (public GMP Explorer API)"
"osmosis : osmo1m8wg4vxkefhs374qxmmqpyusgz289wmulex5qdwpfx7jnrxzer5s9cv83q","base : 0x569594F181ac9AbdE3eBf89954F3D3Af40d63600","osmosis","base","osmo1m8wg4vxkefhs374qxmmqpyusgz289wmulex5qdwpfx7jnrxzer5s9cv83q","0x569594F181ac9AbdE3eBf89954F3D3Af40d63600","2026-08-30T17:03:14Z","2026-08-30T17:03:14Z","2026-08-30T17:03:55Z","41","00:00:41","1.816854","axlUSDC","1.8164942629079999","Pending Refund","executed","received","False","True","02F5C989E4AE0CF29C2430285A2FAFDF48A79ED7399C5F937E52C3C00DAA3719","0x4b3a182676394b4d4d2347dcccd3b03c10a43673b32b2b537d329e21655c1870-7093535","Axelar Network (GMP)","https://api.axelarscan.io (public GMP Explorer API)"
"osmosis : osmo173adwu8q6xfww53rhwtlxhjyafav74k6qsu9a7","binance : 0x43d090025aAA6C8693B71952B910AC55CcB56bBb","osmosis","binance","osmo173adwu8q6xfww53rhwtlxhjyafav74k6qsu9a7","0x43d090025aAA6C8693B71952B910AC55CcB56bBb","2026-08-30T17:01:31Z","2026-08-30T17:01:31Z","2026-08-30T17:02:04Z","33","00:00:33","5168.632395","AXL","217.38854362778397","Pending Refund","executed","received","False","True","780F87523F6DF6A19497F525483C1DBBE080EE978105CDAE3F818F09A17BB070","0x67f7e4016e59448a98eaf86978a3fe872e31b7a0d59a42a7c2807f5070888687-7093534","Axelar Network (GMP)","https://api.axelarscan.io (public GMP Explorer API)"
"kava : 0xce16F69375520ab01377ce7B88f5BA8C48F8D666","binance : 0xce16F69375520ab01377ce7B88f5BA8C48F8D666","kava","binance","0xce16F69375520ab01377ce7B88f5BA8C48F8D666","0xce16F69375520ab01377ce7B88f5BA8C48F8D666","2026-08-30T17:00:25Z","2026-08-30T17:00:25Z","2026-08-30T17:03:13Z","168","00:02:48","0.245171212675","axlBNB","172.0268330855405","Not Refunded","executed","received","False","True","0x0137bf664db008b0a59baddd9ac04fdb665441daaa99a56a5f188065d55183bf","0x0137bf664db008b0a59baddd9ac04fdb665441daaa99a56a5f188065d55183bf-6","Axelar Network (GMP)","https://api.axelarscan.io (public GMP Explorer API)"
"agoric : agoric1tsfn42ankgqa6wsz4feeufyjw7uq5lyf95m0swvj9ny08z73vvcs5gwlle","Avalanche : 0x2314fda165bac8099b4baed88d478af370e1140d","agoric","Avalanche","agoric1tsfn42ankgqa6wsz4feeufyjw7uq5lyf95m0swvj9ny08z73vvcs5gwlle","0x2314fda165bac8099b4baed88d478af370e1140d","2026-08-30T16:56:03Z","2026-08-30T16:56:03Z","2026-08-30T16:56:32Z","29","00:00:29",,,,"Not Refunded","executed","received","False","False","","0x9b51d0109a05473f0e7f939f133099ce2eca2d2f8b30b88ce78b1eef0801974d-7093533","Axelar Network (GMP)","https://api.axelarscan.io (public GMP Explorer API)"
"ethereum : 0x4f49B53928A71E553bB1B0F66a5BcB54Fd4E8932","immutable : 0x4f49B53928A71E553bB1B0F66a5BcB54Fd4E8932","ethereum","immutable","0x4f49B53928A71E553bB1B0F66a5BcB54Fd4E8932","0x4f49B53928A71E553bB1B0F66a5BcB54Fd4E8932","2026-08-30T16:52:35Z","2026-08-30T16:52:35Z","2026-08-30T17:09:05Z","990","00:16:30",,,,"Not Refunded","executed","received","False","True","0xcb0224d282c4253a9be401b16e392b9e60ad61b3020de45cb6493c85f3e75695","0xcb0224d282c4253a9be401b16e392b9e60ad61b3020de45cb6493c85f3e75695-1","Axelar Network (GMP)","https://api.axelarscan.io (public GMP Explorer API)"
"ethereum : 0xB773bCc5B325ad9AC6B36e1A046AD4466833A16E","zigchain : zig1mk35qafzl6pejla7y5ma398qln2nqez2dtysth","ethereum","zigchain","0xB773bCc5B325ad9AC6B36e1A046AD4466833A16E","zig1mk35qafzl6pejla7y5ma398qln2nqez2dtysth","2026-08-30T16:51:47Z","2026-08-30T16:51:47Z","2026-08-30T17:08:31Z","1004","00:16:44","59.045700718006565","ZIG","2.455395979277066","Not Refunded","executed","received","False","True","0x3446e540977e74b25d41f88f8cef8146fb588bd0509fd274d0814c7426bb158c","0x3446e540977e74b25d41f88f8cef8146fb588bd0509fd274d0814c7426bb158c-5","Axelar Network (GMP)","https://api.axelarscan.io (public GMP Explorer API)"
"agoric : agoric1ddgyz7jeyevtrx0882k72h5ku4ml2e4kjf4eus0qqfmadn5z93aqw0ylmn","Avalanche : 0x8f8424cedf15e8d089f41160330e0b4015b52587","agoric","Avalanche","agoric1ddgyz7jeyevtrx0882k72h5ku4ml2e4kjf4eus0qqfmadn5z93aqw0ylmn","0x8f8424cedf15e8d089f41160330e0b4015b52587","2026-08-30T16:48:42Z","2026-08-30T16:48:42Z","2026-08-30T16:49:15Z","33","00:00:33",,,,"Not Refunded","executed","received","False","False","","0x486839acbff08a1d67e772699f01d599c21a92f1c9c1dd7cfe74c928ace237d2-7093532","Axelar Network (GMP)","https://api.axelarscan.io (public GMP Explorer API)"
"base : 0xce16F69375520ab01377ce7B88f5BA8C48F8D666","binance : 0xce16F69375520ab01377ce7B88f5BA8C48F8D666","base","binance","0xce16F69375520ab01377ce7B88f5BA8C48F8D666","0xce16F69375520ab01377ce7B88f5BA8C48F8D666","2026-08-30T16:45:37Z","2026-08-30T16:45:37Z","2026-08-30T17:10:04Z","1467","00:24:27","14.471705","axlUSDC","14.469027734575","Not Refunded","executed","received","False","True","0xb3b577826a4407ff881b7b950b0d70b0eebf3d5a3e42a463e9f33a325407c612","0xb3b577826a4407ff881b7b950b0d70b0eebf3d5a3e42a463e9f33a325407c612-28","Axelar Network (GMP)","https://api.axelarscan.io (public GMP Explorer API)"
"axelar : axelar1aqcj54lzz0rk22gvqgcn8fr5tx4rzwdv5wv5j9dmnacgefvd7wzsy2j2mr","ethereum : 0xB5FB4BE02232B1bBA4dC8f81dc24C26980dE9e3C","axelar","ethereum","axelar1aqcj54lzz0rk22gvqgcn8fr5tx4rzwdv5wv5j9dmnacgefvd7wzsy2j2mr","0xB5FB4BE02232B1bBA4dC8f81dc24C26980dE9e3C","2026-08-30T16:42:13Z","2026-08-30T16:42:13Z","2026-08-30T16:43:35Z","82","00:01:22","17604563227.215557","MANYU","0","Pending Refund","executed","received","False","False","3C03EEB7AC30F866AB1516BB8BB35E021450527C4AAF449473DDB0654C27A74E","0x3c03eeb7ac30f866ab1516bb8bb35e021450527c4aaf449473ddb0654c27a74e-7093531","Axelar Network (GMP)","https://api.axelarscan.io (public GMP Explorer API)"
"binance : 0xB5FB4BE02232B1bBA4dC8f81dc24C26980dE9e3C","axelar : axelar1aqcj54lzz0rk22gvqgcn8fr5tx4rzwdv5wv5j9dmnacgefvd7wzsy2j2mr","binance","axelar","0xB5FB4BE02232B1bBA4dC8f81dc24C26980dE9e3C","axelar1aqcj54lzz0rk22gvqgcn8fr5tx4rzwdv5wv5j9dmnacgefvd7wzsy2j2mr","2026-08-30T16:42:03Z","2026-08-30T16:42:03Z","2026-08-30T16:42:13Z","10","00:00:10","17604563227.215557","MANYU","97.91658066977293","Not Refunded","executed","received","False","True","0x5a059902961cc62a94ab1a815bb1a7e4d9debf2d987beb7a906af04398edb46b","0x5a059902961cc62a94ab1a815bb1a7e4d9debf2d987beb7a906af04398edb46b-39","Axelar Network (GMP)","https://api.axelarscan.io (public GMP Explorer API)"
"binance : 0xce16F69375520ab01377ce7B88f5BA8C48F8D666","Arbitrum : 0xce16F69375520ab01377ce7B88f5BA8C48F8D666","binance","Arbitrum","0xce16F69375520ab01377ce7B88f5BA8C48F8D666","0xce16F69375520ab01377ce7B88f5BA8C48F8D666","2026-08-30T16:41:01Z","2026-08-30T16:41:01Z","2026-08-30T16:41:44Z","43","00:00:43","24.584864","axlUSDC","24.580291215296","Not Refunded","executed","received","False","True","0x85785d7e85b71970d0e1b8cca64959bb3d67c5d2ea7d5d7461cfca94f1dc19bb","0x85785d7e85b71970d0e1b8cca64959bb3d67c5d2ea7d5d7461cfca94f1dc19bb-14","Axelar Network (GMP)","https://api.axelarscan.io (public GMP Explorer API)"
"polygon : 0xce16F69375520ab01377ce7B88f5BA8C48F8D666","Arbitrum : 0xce16F69375520ab01377ce7B88f5BA8C48F8D666","polygon","Arbitrum","0xce16F69375520ab01377ce7B88f5BA8C48F8D666","0xce16F69375520ab01377ce7B88f5BA8C48F8D666","2026-08-30T16:37:12Z","2026-08-30T16:37:12Z","2026-08-30T16:37:44Z","32","00:00:32","706.375543","axlUSDC","706.244157149002","Not Refunded","executed","received","False","True","0x0e5cf3127861c23681860fcca5e2d9669e8612f600905728c8362c5ddcf7922c","0x0e5cf3127861c23681860fcca5e2d9669e8612f600905728c8362c5ddcf7922c-16","Axelar Network (GMP)","https://api.axelarscan.io (public GMP Explorer API)"
"agoric : agoric1tsfn42ankgqa6wsz4feeufyjw7uq5lyf95m0swvj9ny08z73vvcs5gwlle","Ethereum : 0xe088e826010ae58fe575b32c77c4fb63d6fda19c","agoric","Ethereum","agoric1tsfn42ankgqa6wsz4feeufyjw7uq5lyf95m0swvj9ny08z73vvcs5gwlle","0xe088e826010ae58fe575b32c77c4fb63d6fda19c","2026-08-30T16:37:10Z","2026-08-30T16:37:10Z","2026-08-30T16:38:35Z","85","00:01:25",,,,"Not Refunded","executed","received","False","False","","0xf6819a642230dc10e2722775f142b0ccc93b63ed7550f2517e3c959a20ea7911-7093525","Axelar Network (GMP)","https://api.axelarscan.io (public GMP Explorer API)"
"binance : 0xce16F69375520ab01377ce7B88f5BA8C48F8D666","Arbitrum : 0xce16F69375520ab01377ce7B88f5BA8C48F8D666","binance","Arbitrum","0xce16F69375520ab01377ce7B88f5BA8C48F8D666","0xce16F69375520ab01377ce7B88f5BA8C48F8D666","2026-08-30T16:36:46Z","2026-08-30T16:36:46Z","2026-08-30T16:37:14Z","28","00:00:28","28.078472","axlUSDC","28.073249404208","Not Refunded","executed","received","False","True","0xd9edd260a853faea190f5c49f061e7ab6a3502000492df8eaed956c8eb62eb04","0xd9edd260a853faea190f5c49f061e7ab6a3502000492df8eaed956c8eb62eb04-14","Axelar Network (GMP)","https://api.axelarscan.io (public GMP Explorer API)"
"base : 0xce16F69375520ab01377ce7B88f5BA8C48F8D666","binance : 0xce16F69375520ab01377ce7B88f5BA8C48F8D666","base","binance","0xce16F69375520ab01377ce7B88f5BA8C48F8D666","0xce16F69375520ab01377ce7B88f5BA8C48F8D666","2026-08-30T16:35:59Z","2026-08-30T16:35:59Z","2026-08-30T17:02:54Z","1615","00:26:55","125.274779","axlUSDC","125.252104265001","Not Refunded","executed","received","False","True","0x18b3a4d1c7ae1b8ca11a7e9457a490aacda9fe7d6fa8d64b3f9f0e8d050e4453","0x18b3a4d1c7ae1b8ca11a7e9457a490aacda9fe7d6fa8d64b3f9f0e8d050e4453-21","Axelar Network (GMP)","https://api.axelarscan.io (public GMP Explorer API)"
"agoric : agoric1tsfn42ankgqa6wsz4feeufyjw7uq5lyf95m0swvj9ny08z73vvcs5gwlle","Ethereum : 0xe088e826010ae58fe575b32c77c4fb63d6fda19c","agoric","Ethereum","agoric1tsfn42ankgqa6wsz4feeufyjw7uq5lyf95m0swvj9ny08z73vvcs5gwlle","0xe088e826010ae58fe575b32c77c4fb63d6fda19c","2026-08-30T16:34:56Z","2026-08-30T16:34:56Z","2026-08-30T16:36:47Z","111","00:01:51",,,,"Not Refunded","executed","received","False","False","","0x242c75bd2905a0d92af660b244931ab88b2d1d63cb69f141b26f33b734f029b8-7093524","Axelar Network (GMP)","https://api.axelarscan.io (public GMP Explorer API)"
"agoric : agoric1tsfn42ankgqa6wsz4feeufyjw7uq5lyf95m0swvj9ny08z73vvcs5gwlle","Ethereum : 0xe088e826010ae58fe575b32c77c4fb63d6fda19c","agoric","Ethereum","agoric1tsfn42ankgqa6wsz4feeufyjw7uq5lyf95m0swvj9ny08z73vvcs5gwlle","0xe088e826010ae58fe575b32c77c4fb63d6fda19c","2026-08-30T16:34:56Z","2026-08-30T16:34:56Z","2026-08-30T16:36:47Z","111","00:01:51",,,,"Not Refunded","executed","received","False","False","","0x242c75bd2905a0d92af660b244931ab88b2d1d63cb69f141b26f33b734f029b8-7093523","Axelar Network (GMP)","https://api.axelarscan.io (public GMP Explorer API)"
"binance : 0xce16F69375520ab01377ce7B88f5BA8C48F8D666","Ethereum : 0xce16F69375520ab01377ce7B88f5BA8C48F8D666","binance","Ethereum","0xce16F69375520ab01377ce7B88f5BA8C48F8D666","0xce16F69375520ab01377ce7B88f5BA8C48F8D666","2026-08-30T16:34:27Z","2026-08-30T16:34:27Z","2026-08-30T16:36:47Z","140","00:02:20","0.013266","axlUSDC","0.013263598854","Not Refunded","executed","received","False","True","0x7f5675ad5c13fe0cbd101b4c462edb8808d06d6b22556dfa180adcb0f8b42920","0x7f5675ad5c13fe0cbd101b4c462edb8808d06d6b22556dfa180adcb0f8b42920-32","Axelar Network (GMP)","https://api.axelarscan.io (public GMP Explorer API)"
"binance : 0xce16F69375520ab01377ce7B88f5BA8C48F8D666","Ethereum : 0xce16F69375520ab01377ce7B88f5BA8C48F8D666","binance","Ethereum","0xce16F69375520ab01377ce7B88f5BA8C48F8D666","0xce16F69375520ab01377ce7B88f5BA8C48F8D666","2026-08-30T16:29:23Z","2026-08-30T16:29:23Z","2026-08-30T16:30:23Z","60","00:01:00","2.415818","axlUSDC","2.415378321124","Not Refunded","executed","received","False","True","0xc2c0bee422e1a7c913b5a2098d24ab148cc76812cdee376644c8abcffb45e7cf","0xc2c0bee422e1a7c913b5a2098d24ab148cc76812cdee376644c8abcffb45e7cf-31","Axelar Network (GMP)","https://api.axelarscan.io (public GMP Explorer API)"
"ethereum : 0x4f49B53928A71E553bB1B0F66a5BcB54Fd4E8932","immutable : 0x4f49B53928A71E553bB1B0F66a5BcB54Fd4E8932","ethereum","immutable","0x4f49B53928A71E553bB1B0F66a5BcB54Fd4E8932","0x4f49B53928A71E553bB1B0F66a5BcB54Fd4E8932","2026-08-30T16:29:11Z","2026-08-30T16:29:11Z","2026-08-30T16:43:31Z","860","00:14:20",,,,"Not Refunded","executed","received","False","True","0x459f13b88b04850428919b562767522188e6fe10b11cc6e23bfb2958d7036a46","0x459f13b88b04850428919b562767522188e6fe10b11cc6e23bfb2958d7036a46-1","Axelar Network (GMP)","https://api.axelarscan.io (public GMP Explorer API)"
"agoric : agoric1ddgyz7jeyevtrx0882k72h5ku4ml2e4kjf4eus0qqfmadn5z93aqw0ylmn","Ethereum : 0x5efd6368649442c07dcbd3c20ea2cae07d165dbf","agoric","Ethereum","agoric1ddgyz7jeyevtrx0882k72h5ku4ml2e4kjf4eus0qqfmadn5z93aqw0ylmn","0x5efd6368649442c07dcbd3c20ea2cae07d165dbf","2026-08-30T16:28:38Z","2026-08-30T16:28:38Z","2026-08-30T16:30:23Z","105","00:01:45",,,,"Not Refunded","executed","received","False","False","","0xfaa9d580fb13c51697b2037f1e186a279de5fee8f522cdc381232cd28f230c06-7093522","Axelar Network (GMP)","https://api.axelarscan.io (public GMP Explorer API)"
"polygon : 0xcbBA104B6CB4960a70E5dfc48E76C536A1f19609","Ethereum : 0xcbBA104B6CB4960a70E5dfc48E76C536A1f19609","polygon","Ethereum","0xcbBA104B6CB4960a70E5dfc48E76C536A1f19609","0xcbBA104B6CB4960a70E5dfc48E76C536A1f19609","2026-08-30T16:26:57Z","2026-08-30T16:26:57Z","2026-08-30T16:28:23Z","86","00:01:26",,,,"Not Refunded","executed","received","False","True","0x142be8f60477c3ed819f82d22d6deb148ff3c0fffc8d45d2a0044032230480ff","0x142be8f60477c3ed819f82d22d6deb148ff3c0fffc8d45d2a0044032230480ff-6","Axelar Network (GMP)","https://api.axelarscan.io (public GMP Explorer API)"
"agoric : agoric1ddgyz7jeyevtrx0882k72h5ku4ml2e4kjf4eus0qqfmadn5z93aqw0ylmn","Ethereum : 0x5efd6368649442c07dcbd3c20ea2cae07d165dbf","agoric","Ethereum","agoric1ddgyz7jeyevtrx0882k72h5ku4ml2e4kjf4eus0qqfmadn5z93aqw0ylmn","0x5efd6368649442c07dcbd3c20ea2cae07d165dbf","2026-08-30T16:26:34Z","2026-08-30T16:26:34Z","2026-08-30T16:28:23Z","109","00:01:49",,,,"Not Refunded","executed","received","False","False","","0x030e8c664cc613c21f8e71f3ac6d1345b21d7cf9d1aa688a2dc1d0ad7d272b0f-7093521","Axelar Network (GMP)","https://api.axelarscan.io (public GMP Explorer API)"
"osmosis : osmo1n6ney9tsf55etz9nrmzyd8wa7e64qd3s06a74fqs30ka8pps6cvqtsycr6","base : 0xce16F69375520ab01377ce7B88f5BA8C48F8D666","osmosis","base","osmo1n6ney9tsf55etz9nrmzyd8wa7e64qd3s06a74fqs30ka8pps6cvqtsycr6","0xce16F69375520ab01377ce7B88f5BA8C48F8D666","2026-08-30T16:23:05Z","2026-08-30T16:23:05Z","2026-08-30T16:23:55Z","50","00:00:50","5.991531","axlUSDC","5.990488473606","Pending Refund","executed","received","False","True","7162EF52C60DDE7791B671EA13F0FFC76CF30B36991FC2B11A5B7BA2393C1EAA","0xa9e693644fae4c031d2c95c7b4c11983ad3240d72b3976cd29a846ce72436f4f-7093520","Axelar Network (GMP)","https://api.axelarscan.io (public GMP Explorer API)"
"axelar : axelar1aqcj54lzz0rk22gvqgcn8fr5tx4rzwdv5wv5j9dmnacgefvd7wzsy2j2mr","avalanche : 0xB5FB4BE02232B1bBA4dC8f81dc24C26980dE9e3C","axelar","avalanche","axelar1aqcj54lzz0rk22gvqgcn8fr5tx4rzwdv5wv5j9dmnacgefvd7wzsy2j2mr","0xB5FB4BE02232B1bBA4dC8f81dc24C26980dE9e3C","2026-08-30T16:11:14Z","2026-08-30T16:11:14Z","2026-08-30T16:11:41Z","27","00:00:27","41.05","WAVAX","0","Pending Refund","executed","received","False","False","E0AF82A79A302489E34FDAE8E2A76AC4C7F12DE7AD8FD245B784FECC48DCDC7E","0xe0af82a79a302489e34fdae8e2a76ac4c7f12de7ad8fd245b784fecc48dcdc7e-7093497","Axelar Network (GMP)","https://api.axelarscan.io (public GMP Explorer API)"
"hedera : 0xB5FB4BE02232B1bBA4dC8f81dc24C26980dE9e3C","axelar : axelar1aqcj54lzz0rk22gvqgcn8fr5tx4rzwdv5wv5j9dmnacgefvd7wzsy2j2mr","hedera","axelar","0xB5FB4BE02232B1bBA4dC8f81dc24C26980dE9e3C","axelar1aqcj54lzz0rk22gvqgcn8fr5tx4rzwdv5wv5j9dmnacgefvd7wzsy2j2mr","2026-08-30T16:08:36Z","2026-08-30T16:08:36Z","2026-08-30T16:11:14Z","158","00:02:38","41.05","WAVAX","304.59099999999995","Pending Refund","executed","received","False","True","0x09d6548d7935bf0cdd33714069022154d0e8b1c0f5aa2ccb615aa227d4e28b87","0x09d6548d7935bf0cdd33714069022154d0e8b1c0f5aa2ccb615aa227d4e28b87-6","Axelar Network (GMP)","https://api.axelarscan.io (public GMP Explorer API)"
"fantom : 0x39c3D2A07633dc59CaCa9B77250d35C9cd02fB2F","Binance : 0x43d090025aAA6C8693B71952B910AC55CcB56bBb","fantom","Binance","0x39c3D2A07633dc59CaCa9B77250d35C9cd02fB2F","0x43d090025aAA6C8693B71952B910AC55CcB56bBb","2026-08-30T16:05:23Z","2026-08-30T16:05:23Z","2026-08-30T16:05:58Z","35","00:00:35","1000","axlUSDC","999.871","Not Refunded","executed","received","False","True","0xa81e74074e56f37721b4502a7d35cbdf848258f4bc8624463bfc232910059125","0xa81e74074e56f37721b4502a7d35cbdf848258f4bc8624463bfc232910059125-5","Axelar Network (GMP)","https://api.axelarscan.io (public GMP Explorer API)"
"ethereum : 0xce16F69375520ab01377ce7B88f5BA8C48F8D666","binance : 0xce16F69375520ab01377ce7B88f5BA8C48F8D666","ethereum","binance","0xce16F69375520ab01377ce7B88f5BA8C48F8D666","0xce16F69375520ab01377ce7B88f5BA8C48F8D666","2026-08-30T16:05:11Z","2026-08-30T16:05:11Z","2026-08-30T16:23:43Z","1112","00:18:32","785.423531","USDC","785.322211364501","Not Refunded","executed","received","False","True","0x3883d511e6b0b7a44b7736189fd06d1f70dfe653985f84a26dcdfcab1612f4d4","0x3883d511e6b0b7a44b7736189fd06d1f70dfe653985f84a26dcdfcab1612f4d4-46","Axelar Network (GMP)","https://api.axelarscan.io (public GMP Explorer API)"
"immutable : 0x4f49B53928A71E553bB1B0F66a5BcB54Fd4E8932","Ethereum : 0x4f49B53928A71E553bB1B0F66a5BcB54Fd4E8932","immutable","Ethereum","0x4f49B53928A71E553bB1B0F66a5BcB54Fd4E8932","0x4f49B53928A71E553bB1B0F66a5BcB54Fd4E8932","2026-08-30T16:02:17Z","2026-08-30T16:02:17Z","2026-08-30T16:03:23Z","66","00:01:06",,,,"Not Refunded","executed","received","False","True","0x0d167f20c96fa1a3bacaf8d9246eef16ec739f9ba2a1fe522fb6876332c44318","0x0d167f20c96fa1a3bacaf8d9246eef16ec739f9ba2a1fe522fb6876332c44318-2","Axelar Network (GMP)","https://api.axelarscan.io (public GMP Explorer API)"
"celo : 0xce16F69375520ab01377ce7B88f5BA8C48F8D666","Arbitrum : 0xce16F69375520ab01377ce7B88f5BA8C48F8D666","celo","Arbitrum","0xce16F69375520ab01377ce7B88f5BA8C48F8D666","0xce16F69375520ab01377ce7B88f5BA8C48F8D666","2026-08-30T16:00:32Z","2026-08-30T16:00:32Z",,"81631","22:40:31","299.879912","axlUSDC","299.836129532848","Not Refunded","express_executed","received","False","True","0x1813048a6a20be465df41966b966b6f4ad6ab59da56cbeffb5bf8c27187dd112","0x1813048a6a20be465df41966b966b6f4ad6ab59da56cbeffb5bf8c27187dd112-18","Axelar Network (GMP)","https://api.axelarscan.io (public GMP Explorer API)"
"base : 0xce16F69375520ab01377ce7B88f5BA8C48F8D666","Arbitrum : 0xce16F69375520ab01377ce7B88f5BA8C48F8D666","base","Arbitrum","0xce16F69375520ab01377ce7B88f5BA8C48F8D666","0xce16F69375520ab01377ce7B88f5BA8C48F8D666","2026-08-30T15:59:11Z","2026-08-30T15:59:11Z","2026-08-30T16:24:14Z","1503","00:25:03","51.03734","axlUSDC","51.02988854836","Not Refunded","executed","received","False","True","0xb02b95d82cfbeb35825496b77199fa6826715196dda4395cf0b49dbe70ecd129","0xb02b95d82cfbeb35825496b77199fa6826715196dda4395cf0b49dbe70ecd129-11","Axelar Network (GMP)","https://api.axelarscan.io (public GMP Explorer API)"
"polygon : 0xcbBA104B6CB4960a70E5dfc48E76C536A1f19609","base : 0xcbBA104B6CB4960a70E5dfc48E76C536A1f19609","polygon","base","0xcbBA104B6CB4960a70E5dfc48E76C536A1f19609","0xcbBA104B6CB4960a70E5dfc48E76C536A1f19609","2026-08-30T15:54:45Z","2026-08-30T15:54:45Z","2026-08-30T15:55:55Z","70","00:01:10",,,,"Not Refunded","executed","received","False","True","0x74c771a681ef190e9fa63d3857bd41d16b95fb0e113e5101e15688e6083d0792","0x74c771a681ef190e9fa63d3857bd41d16b95fb0e113e5101e15688e6083d0792-6","Axelar Network (GMP)","https://api.axelarscan.io (public GMP Explorer API)"
"avalanche : 0xce16F69375520ab01377ce7B88f5BA8C48F8D666","Arbitrum : 0xce16F69375520ab01377ce7B88f5BA8C48F8D666","avalanche","Arbitrum","0xce16F69375520ab01377ce7B88f5BA8C48F8D666","0xce16F69375520ab01377ce7B88f5BA8C48F8D666","2026-08-30T15:54:38Z","2026-08-30T15:54:38Z","2026-08-30T15:55:09Z","31","00:00:31","203.746013","axlUSDC","203.717284812167","Not Refunded","executed","received","False","True","0xd4dfb21010c9ceabb3bf7e7c6b0aec560170c7db95c400847ecbc90e16b54378","0xd4dfb21010c9ceabb3bf7e7c6b0aec560170c7db95c400847ecbc90e16b54378-8","Axelar Network (GMP)","https://api.axelarscan.io (public GMP Explorer API)"
"osmosis : osmo1n6ney9tsf55etz9nrmzyd8wa7e64qd3s06a74fqs30ka8pps6cvqtsycr6","base : 0xce16F69375520ab01377ce7B88f5BA8C48F8D666","osmosis","base","osmo1n6ney9tsf55etz9nrmzyd8wa7e64qd3s06a74fqs30ka8pps6cvqtsycr6","0xce16F69375520ab01377ce7B88f5BA8C48F8D666","2026-08-30T15:53:20Z","2026-08-30T15:53:20Z","2026-08-30T15:54:25Z","65","00:01:05","0.02905","axlUSDC","0.02904590395","Pending Refund","executed","received","False","True","130C531C4AC739295EE1170407EB3008E76FD1164CD7F0B261C54095498F1744","0xff8c763cb8e77ec38dfec27db5036def097c80eb129477e960d6830c7d03b6ba-7093468","Axelar Network (GMP)","https://api.axelarscan.io (public GMP Explorer API)"
"immutable : 0x4f49B53928A71E553bB1B0F66a5BcB54Fd4E8932","Ethereum : 0x4f49B53928A71E553bB1B0F66a5BcB54Fd4E8932","immutable","Ethereum","0x4f49B53928A71E553bB1B0F66a5BcB54Fd4E8932","0x4f49B53928A71E553bB1B0F66a5BcB54Fd4E8932","2026-08-30T15:46:09Z","2026-08-30T15:46:09Z","2026-08-30T15:47:23Z","74","00:01:14",,,,"Not Refunded","executed","received","False","True","0x8613d68ae0112158ef94151adf6556a4725a3542152015a1947efc54db4dffc5","0x8613d68ae0112158ef94151adf6556a4725a3542152015a1947efc54db4dffc5-5","Axelar Network (GMP)","https://api.axelarscan.io (public GMP Explorer API)"
"polygon : 0xce16F69375520ab01377ce7B88f5BA8C48F8D666","Ethereum : 0xce16F69375520ab01377ce7B88f5BA8C48F8D666","polygon","Ethereum","0xce16F69375520ab01377ce7B88f5BA8C48F8D666","0xce16F69375520ab01377ce7B88f5BA8C48F8D666","2026-08-30T15:43:37Z","2026-08-30T15:43:37Z","2026-08-30T15:45:23Z","106","00:01:46","5.609624","axlUSDC","5.608748898656","Not Refunded","executed","received","False","True","0x2af3b6a8cd910fe238c2939e5e4293a407098ab87eec7cf7404704b933986b3f","0x2af3b6a8cd910fe238c2939e5e4293a407098ab87eec7cf7404704b933986b3f-28","Axelar Network (GMP)","https://api.axelarscan.io (public GMP Explorer API)"
"ethereum : 0x4f49B53928A71E553bB1B0F66a5BcB54Fd4E8932","immutable : 0x4f49B53928A71E553bB1B0F66a5BcB54Fd4E8932","ethereum","immutable","0x4f49B53928A71E553bB1B0F66a5BcB54Fd4E8932","0x4f49B53928A71E553bB1B0F66a5BcB54Fd4E8932","2026-08-30T15:43:11Z","2026-08-30T15:43:11Z","2026-08-30T15:58:35Z","924","00:15:24",,,,"Not Refunded","executed","received","False","True","0xa421b71253a21aa9a9769e6b99a1f901e9fe92ec55ea07773aa68b57e4e47d5b","0xa421b71253a21aa9a9769e6b99a1f901e9fe92ec55ea07773aa68b57e4e47d5b-1","Axelar Network (GMP)","https://api.axelarscan.io (public GMP Explorer API)"
"osmosis : osmo1n6ney9tsf55etz9nrmzyd8wa7e64qd3s06a74fqs30ka8pps6cvqtsycr6","binance : 0xce16F69375520ab01377ce7B88f5BA8C48F8D666","osmosis","binance","osmo1n6ney9tsf55etz9nrmzyd8wa7e64qd3s06a74fqs30ka8pps6cvqtsycr6","0xce16F69375520ab01377ce7B88f5BA8C48F8D666","2026-08-30T15:41:42Z","2026-08-30T15:41:42Z","2026-08-30T15:42:09Z","27","00:00:27","5999.950419","axlUSDC","5999.014426734636","Pending Refund","executed","received","False","True","173DB9FA9B4C353935A8018F0C129A6F458597D6BCD19FB8E8EFD904E6B537F5","0x0248ce3844b35b1155de5b845c555c6168d48b4778c35220dacf27cfba4d886a-7093467","Axelar Network (GMP)","https://api.axelarscan.io (public GMP Explorer API)"
"axelar : axelar1aqcj54lzz0rk22gvqgcn8fr5tx4rzwdv5wv5j9dmnacgefvd7wzsy2j2mr","optimism : 0xB5FB4BE02232B1bBA4dC8f81dc24C26980dE9e3C","axelar","optimism","axelar1aqcj54lzz0rk22gvqgcn8fr5tx4rzwdv5wv5j9dmnacgefvd7wzsy2j2mr","0xB5FB4BE02232B1bBA4dC8f81dc24C26980dE9e3C","2026-08-30T15:40:39Z","2026-08-30T15:40:39Z","2026-08-30T15:41:19Z","40","00:00:40","576.7518271803043","FNX",,"Not Refunded","executed","received","False","False","3A1775B9AF3AC5D7F2BD2BE08A0F4BB400013B88316BE0FD6E0E28FDC73860B9","0x3a1775b9af3ac5d7f2bd2be08a0f4bb400013b88316be0fd6e0e28fdc73860b9-7093466","Axelar Network (GMP)","https://api.axelarscan.io (public GMP Explorer API)"
"polygon : 0xB5FB4BE02232B1bBA4dC8f81dc24C26980dE9e3C","axelar : axelar1aqcj54lzz0rk22gvqgcn8fr5tx4rzwdv5wv5j9dmnacgefvd7wzsy2j2mr","polygon","axelar","0xB5FB4BE02232B1bBA4dC8f81dc24C26980dE9e3C","axelar1aqcj54lzz0rk22gvqgcn8fr5tx4rzwdv5wv5j9dmnacgefvd7wzsy2j2mr","2026-08-30T15:40:22Z","2026-08-30T15:40:22Z","2026-08-30T15:40:39Z","17","00:00:17","576.7518271803043","FNX",,"Not Refunded","executed","received","False","True","0xe7ee8d5fe9af7be00793d2c45359b254624069a7cad94c111c095e08e51ec6cc","0xe7ee8d5fe9af7be00793d2c45359b254624069a7cad94c111c095e08e51ec6cc-6","Axelar Network (GMP)","https://api.axelarscan.io (public GMP Explorer API)"
"ethereum : 0x4f49B53928A71E553bB1B0F66a5BcB54Fd4E8932","immutable : 0x4f49B53928A71E553bB1B0F66a5BcB54Fd4E8932","ethereum","immutable","0x4f49B53928A71E553bB1B0F66a5BcB54Fd4E8932","0x4f49B53928A71E553bB1B0F66a5BcB54Fd4E8932","2026-08-30T15:39:23Z","2026-08-30T15:39:23Z","2026-08-30T15:58:11Z","1128","00:18:48",,,,"Not Refunded","executed","received","False","True","0xb9917c0ee873cd976f0bf7dfb8f4867ed0e827868286279b8cfcc372236614b9","0xb9917c0ee873cd976f0bf7dfb8f4867ed0e827868286279b8cfcc372236614b9-1","Axelar Network (GMP)","https://api.axelarscan.io (public GMP Explorer API)"
"axelar : axelar1aqcj54lzz0rk22gvqgcn8fr5tx4rzwdv5wv5j9dmnacgefvd7wzsy2j2mr","polygon : 0xB5FB4BE02232B1bBA4dC8f81dc24C26980dE9e3C","axelar","polygon","axelar1aqcj54lzz0rk22gvqgcn8fr5tx4rzwdv5wv5j9dmnacgefvd7wzsy2j2mr","0xB5FB4BE02232B1bBA4dC8f81dc24C26980dE9e3C","2026-08-30T15:38:56Z","2026-08-30T15:38:56Z","2026-08-30T15:39:28Z","32","00:00:32","902.4953895282986","FNX",,"Pending Refund","executed","received","False","False","7917F2CD0C2B9895DB257CA317FFA6904347470D5B37FD01CE3C329D89964D82","0x7917f2cd0c2b9895db257ca317ffa6904347470d5b37fd01ce3c329d89964d82-7093460","Axelar Network (GMP)","https://api.axelarscan.io (public GMP Explorer API)"
"osmosis : osmo1m8wg4vxkefhs374qxmmqpyusgz289wmulex5qdwpfx7jnrxzer5s9cv83q","binance : 0x43d090025aAA6C8693B71952B910AC55CcB56bBb","osmosis","binance","osmo1m8wg4vxkefhs374qxmmqpyusgz289wmulex5qdwpfx7jnrxzer5s9cv83q","0x43d090025aAA6C8693B71952B910AC55CcB56bBb","2026-08-30T15:32:06Z","2026-08-30T15:32:06Z","2026-08-30T15:32:29Z","23","00:00:23","0.04790405116890637","axlBNB","33.386728462169295","Pending Refund","executed","received","False","True","4C1B00669F1B9DD7838C320F260287B4A7BE44A86E162AB154ADC48802CF207A","0xfbe0f6b6aba09c8805823bf965bc05984fd9ee86dddf16871c2e2f655911f007-7093402","Axelar Network (GMP)","https://api.axelarscan.io (public GMP Explorer API)"
"ethereum : 0x4f49B53928A71E553bB1B0F66a5BcB54Fd4E8932","immutable : 0x4f49B53928A71E553bB1B0F66a5BcB54Fd4E8932","ethereum","immutable","0x4f49B53928A71E553bB1B0F66a5BcB54Fd4E8932","0x4f49B53928A71E553bB1B0F66a5BcB54Fd4E8932","2026-08-30T15:31:47Z","2026-08-30T15:31:47Z","2026-08-30T15:51:45Z","1198","00:19:58",,,,"Not Refunded","executed","received","False","True","0x1ff0c08fa33f0dbfce41b34332b8bf4881d44ef99ec8782aee9aa784dd22e0db","0x1ff0c08fa33f0dbfce41b34332b8bf4881d44ef99ec8782aee9aa784dd22e0db-1","Axelar Network (GMP)","https://api.axelarscan.io (public GMP Explorer API)"
"osmosis : osmo1n6ney9tsf55etz9nrmzyd8wa7e64qd3s06a74fqs30ka8pps6cvqtsycr6","Polygon : 0xce16F69375520ab01377ce7B88f5BA8C48F8D666","osmosis","Polygon","osmo1n6ney9tsf55etz9nrmzyd8wa7e64qd3s06a74fqs30ka8pps6cvqtsycr6","0xce16F69375520ab01377ce7B88f5BA8C48F8D666","2026-08-30T15:24:44Z","2026-08-30T15:24:44Z","2026-08-30T15:25:22Z","38","00:00:38","23.70869","axlUSDC","23.70579753982","Pending Refund","executed","received","False","True","CB2800B4D047ACC7E2F0156EAF793FF1D61CC2D0630C9389F325FDEF4AF424A2","0x1aa5e05c677207bd2199d34de40cd408240a5a87e981f12e7ce57ceaa6ae68cc-7093401","Axelar Network (GMP)","https://api.axelarscan.io (public GMP Explorer API)"
"osmosis : osmo1n6ney9tsf55etz9nrmzyd8wa7e64qd3s06a74fqs30ka8pps6cvqtsycr6","arbitrum : 0xce16F69375520ab01377ce7B88f5BA8C48F8D666","osmosis","arbitrum","osmo1n6ney9tsf55etz9nrmzyd8wa7e64qd3s06a74fqs30ka8pps6cvqtsycr6","0xce16F69375520ab01377ce7B88f5BA8C48F8D666","2026-08-30T15:23:40Z","2026-08-30T15:23:40Z","2026-08-30T15:24:14Z","34","00:00:34","63.750549","axlUSDC","63.742771433022","Pending Refund","executed","received","False","True","AC87BF0960D5D17979457FE7B97D2CA47F249F51888CC4EEB6E8E40F54C6638F","0x7976365cefc5c9e513858d512d2bc85629351d3f9e48dbac572db5cff5090058-7093400","Axelar Network (GMP)","https://api.axelarscan.io (public GMP Explorer API)"
"immutable : 0x4f49B53928A71E553bB1B0F66a5BcB54Fd4E8932","Ethereum : 0x4f49B53928A71E553bB1B0F66a5BcB54Fd4E8932","immutable","Ethereum","0x4f49B53928A71E553bB1B0F66a5BcB54Fd4E8932","0x4f49B53928A71E553bB1B0F66a5BcB54Fd4E8932","2026-08-30T15:22:21Z","2026-08-30T15:22:21Z","2026-08-30T15:24:11Z","110","00:01:50",,,,"Not Refunded","executed","received","False","True","0x79d86e4a1219f41a937cbb9b0c02c1c8ee6c8c690b10cfbb8dfbe42df01a4fb6","0x79d86e4a1219f41a937cbb9b0c02c1c8ee6c8c690b10cfbb8dfbe42df01a4fb6-2","Axelar Network (GMP)","https://api.axelarscan.io (public GMP Explorer API)"
"osmosis : osmo1n6ney9tsf55etz9nrmzyd8wa7e64qd3s06a74fqs30ka8pps6cvqtsycr6","Ethereum : 0xce16F69375520ab01377ce7B88f5BA8C48F8D666","osmosis","Ethereum","osmo1n6ney9tsf55etz9nrmzyd8wa7e64qd3s06a74fqs30ka8pps6cvqtsycr6","0xce16F69375520ab01377ce7B88f5BA8C48F8D666","2026-08-30T15:20:55Z","2026-08-30T15:20:55Z","2026-08-30T15:22:35Z","100","00:01:40","0.001668114080739397","axlETH","4.1304673187412435","Pending Refund","executed","received","False","True","52FB61E3BB4BE04F174B4605674676E45A3F8C0F7B90311C550D5C654CF26065","0xbd5b2e0dd54fce66cbd76e5cc00a292d60f3bd53e005234af4490e86776a5242-7093399","Axelar Network (GMP)","https://api.axelarscan.io (public GMP Explorer API)"
"ethereum : 0xB773bCc5B325ad9AC6B36e1A046AD4466833A16E","Base : 0x569594F181ac9AbdE3eBf89954F3D3Af40d63600","ethereum","Base","0xB773bCc5B325ad9AC6B36e1A046AD4466833A16E","0x569594F181ac9AbdE3eBf89954F3D3Af40d63600","2026-08-30T15:17:23Z","2026-08-30T15:17:23Z","2026-08-30T15:33:19Z","956","00:15:56","51.259376","USDC","51.25286605924801","Not Refunded","executed","received","False","True","0x1caeef271710facb122430ce981b273f0fef26bf8f920a398b15442bbf30e514","0x1caeef271710facb122430ce981b273f0fef26bf8f920a398b15442bbf30e514-9","Axelar Network (GMP)","https://api.axelarscan.io (public GMP Explorer API)"
"binance : 0xce16F69375520ab01377ce7B88f5BA8C48F8D666","Ethereum : 0xce16F69375520ab01377ce7B88f5BA8C48F8D666","binance","Ethereum","0xce16F69375520ab01377ce7B88f5BA8C48F8D666","0xce16F69375520ab01377ce7B88f5BA8C48F8D666","2026-08-30T15:16:40Z","2026-08-30T15:16:40Z","2026-08-30T15:18:23Z","103","00:01:43","54.110322","axlUSDC","54.103449989106","Not Refunded","executed","received","False","True","0x8398079ab2710f28ff426b7478ca076e9bf5857e1aa7c32b12f9ff6b3bc301cd","0x8398079ab2710f28ff426b7478ca076e9bf5857e1aa7c32b12f9ff6b3bc301cd-32","Axelar Network (GMP)","https://api.axelarscan.io (public GMP Explorer API)"
"optimism : 0xB5FB4BE02232B1bBA4dC8f81dc24C26980dE9e3C","axelar : axelar1aqcj54lzz0rk22gvqgcn8fr5tx4rzwdv5wv5j9dmnacgefvd7wzsy2j2mr","optimism","axelar","0xB5FB4BE02232B1bBA4dC8f81dc24C26980dE9e3C","axelar1aqcj54lzz0rk22gvqgcn8fr5tx4rzwdv5wv5j9dmnacgefvd7wzsy2j2mr","2026-08-30T15:15:53Z","2026-08-30T15:15:53Z","2026-08-30T15:38:56Z","1383","00:23:03","902.4953895282986","FNX",,"Not Refunded","executed","received","False","True","0x44178f47ed661c227756d61df4d1705543029592c741765368607c23dc27afd7","0x44178f47ed661c227756d61df4d1705543029592c741765368607c23dc27afd7-3","Axelar Network (GMP)","https://api.axelarscan.io (public GMP Explorer API)"
"filecoin : 0xce16F69375520ab01377ce7B88f5BA8C48F8D666","binance : 0xce16F69375520ab01377ce7B88f5BA8C48F8D666","filecoin","binance","0xce16F69375520ab01377ce7B88f5BA8C48F8D666","0xce16F69375520ab01377ce7B88f5BA8C48F8D666","2026-08-30T15:15:30Z","2026-08-30T15:15:30Z","2026-08-30T15:32:58Z","1048","00:17:28","683.368614","axlUSDC","683.2818261860219","Not Refunded","executed","received","False","True","0x8b4e0c4533fec19f4b8fa5791237338e22e066e2c724b7e6f4b7797655a30b6b","0x8b4e0c4533fec19f4b8fa5791237338e22e066e2c724b7e6f4b7797655a30b6b-8","Axelar Network (GMP)","https://api.axelarscan.io (public GMP Explorer API)"
"ethereum : 0x50beAbe4883981624aEa01F737B040d1e3Fe83FB","monad : 0x50beAbe4883981624aEa01F737B040d1e3Fe83FB","ethereum","monad","0x50beAbe4883981624aEa01F737B040d1e3Fe83FB","0x50beAbe4883981624aEa01F737B040d1e3Fe83FB","2026-08-30T15:15:11Z","2026-08-30T15:15:11Z","2026-08-30T15:32:35Z","1044","00:17:24",,,,"Not Refunded","executed","received","False","True","0x82ca50f4b1414a3ef1d47344313147bf6294423521f8e4b500de3a2ef21f5306","0x82ca50f4b1414a3ef1d47344313147bf6294423521f8e4b500de3a2ef21f5306-6","Axelar Network (GMP)","https://api.axelarscan.io (public GMP Explorer API)"
"arbitrum : 0xce16F69375520ab01377ce7B88f5BA8C48F8D666","Ethereum : 0xce16F69375520ab01377ce7B88f5BA8C48F8D666","arbitrum","Ethereum","0xce16F69375520ab01377ce7B88f5BA8C48F8D666","0xce16F69375520ab01377ce7B88f5BA8C48F8D666","2026-08-30T15:12:42Z","2026-08-30T15:12:42Z","2026-08-30T15:34:23Z","1301","00:21:41","3.399917","axlUSDC","3.399488610458","Not Refunded","executed","received","False","True","0xca4f0c2f4c199c3886f38245b87b26f71b6467ee83d627f8818c45f4af0585ec","0xca4f0c2f4c199c3886f38245b87b26f71b6467ee83d627f8818c45f4af0585ec-31","Axelar Network (GMP)","https://api.axelarscan.io (public GMP Explorer API)"
"axelar : axelar1aqcj54lzz0rk22gvqgcn8fr5tx4rzwdv5wv5j9dmnacgefvd7wzsy2j2mr","base : 0xB5FB4BE02232B1bBA4dC8f81dc24C26980dE9e3C","axelar","base","axelar1aqcj54lzz0rk22gvqgcn8fr5tx4rzwdv5wv5j9dmnacgefvd7wzsy2j2mr","0xB5FB4BE02232B1bBA4dC8f81dc24C26980dE9e3C","2026-08-30T15:09:31Z","2026-08-30T15:09:31Z","2026-08-30T15:10:25Z","54","00:00:54","44129728845852410000","TIGEROG",,"Pending Refund","executed","received","False","False","F9BE7D4ECC15161EE85FE9288FA9CDECFB092E8B61F758AB3EA1CAE7D9C54494","0xf9be7d4ecc15161ee85fe9288fa9cdecfb092e8b61f758ab3ea1cae7d9c54494-7093398","Axelar Network (GMP)","https://api.axelarscan.io (public GMP Explorer API)"
"binance : 0xB5FB4BE02232B1bBA4dC8f81dc24C26980dE9e3C","axelar : axelar1aqcj54lzz0rk22gvqgcn8fr5tx4rzwdv5wv5j9dmnacgefvd7wzsy2j2mr","binance","axelar","0xB5FB4BE02232B1bBA4dC8f81dc24C26980dE9e3C","axelar1aqcj54lzz0rk22gvqgcn8fr5tx4rzwdv5wv5j9dmnacgefvd7wzsy2j2mr","2026-08-30T15:09:13Z","2026-08-30T15:09:13Z","2026-08-30T15:09:31Z","18","00:00:18","44129728845852410000","TIGEROG",,"Not Refunded","executed","received","False","True","0x37794693443a833e1313c501c74e214eeda73a7826cc7829163c5669fb6190f1","0x37794693443a833e1313c501c74e214eeda73a7826cc7829163c5669fb6190f1-3","Axelar Network (GMP)","https://api.axelarscan.io (public GMP Explorer API)"
"axelar : axelar1aqcj54lzz0rk22gvqgcn8fr5tx4rzwdv5wv5j9dmnacgefvd7wzsy2j2mr","binance : 0xB5FB4BE02232B1bBA4dC8f81dc24C26980dE9e3C","axelar","binance","axelar1aqcj54lzz0rk22gvqgcn8fr5tx4rzwdv5wv5j9dmnacgefvd7wzsy2j2mr","0xB5FB4BE02232B1bBA4dC8f81dc24C26980dE9e3C","2026-08-30T15:07:40Z","2026-08-30T15:07:40Z","2026-08-30T15:07:58Z","18","00:00:18","88961270287280000000","TIGEROG",,"Pending Refund","executed","received","False","False","C36BCE22FFB8AD1DDADADDAE9DAC9ACA01D686415D840341792A394707FDFE3E","0xc36bce22ffb8ad1ddadaddae9dac9aca01d686415d840341792a394707fdfe3e-7093392","Axelar Network (GMP)","https://api.axelarscan.io (public GMP Explorer API)"
"osmosis : osmo1n6ney9tsf55etz9nrmzyd8wa7e64qd3s06a74fqs30ka8pps6cvqtsycr6","binance : 0xce16F69375520ab01377ce7B88f5BA8C48F8D666","osmosis","binance","osmo1n6ney9tsf55etz9nrmzyd8wa7e64qd3s06a74fqs30ka8pps6cvqtsycr6","0xce16F69375520ab01377ce7B88f5BA8C48F8D666","2026-08-30T15:07:10Z","2026-08-30T15:07:10Z","2026-08-30T15:07:38Z","28","00:00:28","0.000356170913312879","axlBNB","0.24801605377629016","Pending Refund","executed","received","False","True","F34C235BC3DAAE9650869894488FFEFCEC1627D18DE4EB5FAC120DF2877ABEEF","0x28bfbda29b466084eafd61133fff9202dec62b2f7365b4a2fa65be282f0d0473-7093386","Axelar Network (GMP)","https://api.axelarscan.io (public GMP Explorer API)"
"osmosis : osmo1n6ney9tsf55etz9nrmzyd8wa7e64qd3s06a74fqs30ka8pps6cvqtsycr6","binance : 0xce16F69375520ab01377ce7B88f5BA8C48F8D666","osmosis","binance","osmo1n6ney9tsf55etz9nrmzyd8wa7e64qd3s06a74fqs30ka8pps6cvqtsycr6","0xce16F69375520ab01377ce7B88f5BA8C48F8D666","2026-08-30T15:04:37Z","2026-08-30T15:04:37Z","2026-08-30T15:05:08Z","31","00:00:31","0.000190759020367619","axlBNB","0.13283313624278784","Pending Refund","executed","received","False","True","0E642465F8EF0BD980B973CBA271C476C31452B038123B621A7374986560EA89","0x6ec93d9ce7408c81c423495cd8a0d2f38604356c9efd7230374b38496c3404c1-7093385","Axelar Network (GMP)","https://api.axelarscan.io (public GMP Explorer API)"
"polygon : 0xce16F69375520ab01377ce7B88f5BA8C48F8D666","Ethereum : 0xce16F69375520ab01377ce7B88f5BA8C48F8D666","polygon","Ethereum","0xce16F69375520ab01377ce7B88f5BA8C48F8D666","0xce16F69375520ab01377ce7B88f5BA8C48F8D666","2026-08-30T15:04:22Z","2026-08-30T15:04:22Z","2026-08-30T15:06:11Z","109","00:01:49","60.260427","axlUSDC","60.251448196377005","Not Refunded","executed","received","False","True","0x199238eb8980173194a59ec678aabfc9267157f0ff11c877e9799405e486ae52","0x199238eb8980173194a59ec678aabfc9267157f0ff11c877e9799405e486ae52-20","Axelar Network (GMP)","https://api.axelarscan.io (public GMP Explorer API)"
"polygon : 0xce16F69375520ab01377ce7B88f5BA8C48F8D666","base : 0xce16F69375520ab01377ce7B88f5BA8C48F8D666","polygon","base","0xce16F69375520ab01377ce7B88f5BA8C48F8D666","0xce16F69375520ab01377ce7B88f5BA8C48F8D666","2026-08-30T15:02:03Z","2026-08-30T15:02:03Z","2026-08-30T15:02:49Z","46","00:00:46","999.9773","axlUSDC","999.8283033823001","Not Refunded","executed","received","False","True","0x8b8c6ccc2a5e0a2e8b1953683c34c3faee4a7b2c14fe03544f255966e17f24ef","0x8b8c6ccc2a5e0a2e8b1953683c34c3faee4a7b2c14fe03544f255966e17f24ef-15","Axelar Network (GMP)","https://api.axelarscan.io (public GMP Explorer API)"
"osmosis : osmo1n6ney9tsf55etz9nrmzyd8wa7e64qd3s06a74fqs30ka8pps6cvqtsycr6","binance : 0xce16F69375520ab01377ce7B88f5BA8C48F8D666","osmosis","binance","osmo1n6ney9tsf55etz9nrmzyd8wa7e64qd3s06a74fqs30ka8pps6cvqtsycr6","0xce16F69375520ab01377ce7B88f5BA8C48F8D666","2026-08-30T15:02:02Z","2026-08-30T15:02:02Z","2026-08-30T15:02:24Z","22","00:00:22","8.462145","axlUSDC","8.460884140395","Pending Refund","executed","received","False","True","0E482DB856C5E87C554806B0EBDFC7D267AF312BAE7D4B20312FB3063FFB28B9","0xb935ec59307d5ad89078d614d9823553f704e13a2b8fc68405e72d71d26b5e15-7093384","Axelar Network (GMP)","https://api.axelarscan.io (public GMP Explorer API)"
"osmosis : osmo1m8wg4vxkefhs374qxmmqpyusgz289wmulex5qdwpfx7jnrxzer5s9cv83q","Ethereum : 0xB773bCc5B325ad9AC6B36e1A046AD4466833A16E","osmosis","Ethereum","osmo1m8wg4vxkefhs374qxmmqpyusgz289wmulex5qdwpfx7jnrxzer5s9cv83q","0xB773bCc5B325ad9AC6B36e1A046AD4466833A16E","2026-08-30T15:01:31Z","2026-08-30T15:01:31Z","2026-08-30T15:02:35Z","64","00:01:04","36.256513","axlUSDC","36.251110779563","Pending Refund","executed","received","False","True","43707084FEF7B84AEDBC31FD1C2380A1EB4C35FF7D9F37042AF1689295609F60","0x0e22d0174cd916c59af0ea758d0e642a1b3943dbc76957dcb963228e3bcb2425-7093383","Axelar Network (GMP)","https://api.axelarscan.io (public GMP Explorer API)"
"immutable : 0x4f49B53928A71E553bB1B0F66a5BcB54Fd4E8932","Ethereum : 0x4f49B53928A71E553bB1B0F66a5BcB54Fd4E8932","immutable","Ethereum","0x4f49B53928A71E553bB1B0F66a5BcB54Fd4E8932","0x4f49B53928A71E553bB1B0F66a5BcB54Fd4E8932","2026-08-30T15:00:25Z","2026-08-30T15:00:25Z","2026-08-30T15:02:23Z","118","00:01:58",,,,"Not Refunded","executed","received","False","True","0xd77ca7d86b90fbc74d3a229c7b989e0fa43b2e93d878741ab20e9cebb0abebcf","0xd77ca7d86b90fbc74d3a229c7b989e0fa43b2e93d878741ab20e9cebb0abebcf-5","Axelar Network (GMP)","https://api.axelarscan.io (public GMP Explorer API)"
"ethereum : 0xB773bCc5B325ad9AC6B36e1A046AD4466833A16E","osmosis : osmo10a3k4hvk37cc4hnxctw4p95fhscd2z6h2rmx0aukc6rm8u9qqx9smfsh7u","ethereum","osmosis","0xB773bCc5B325ad9AC6B36e1A046AD4466833A16E","osmo10a3k4hvk37cc4hnxctw4p95fhscd2z6h2rmx0aukc6rm8u9qqx9smfsh7u","2026-08-30T14:58:47Z","2026-08-30T14:58:47Z","2026-08-30T15:13:33Z","886","00:14:46","0.002026362541400952","WETH","5.017881561271178","Not Refunded","executed","received","False","True","0x14010191009c1b239b96a86ca8ed8afaeaf4e92d3b130c430d7894ef51a3f2be","0x14010191009c1b239b96a86ca8ed8afaeaf4e92d3b130c430d7894ef51a3f2be-3","Axelar Network (GMP)","https://api.axelarscan.io (public GMP Explorer API)"
"ethereum : 0xce16F69375520ab01377ce7B88f5BA8C48F8D666","Arbitrum : 0xce16F69375520ab01377ce7B88f5BA8C48F8D666","ethereum","Arbitrum","0xce16F69375520ab01377ce7B88f5BA8C48F8D666","0xce16F69375520ab01377ce7B88f5BA8C48F8D666","2026-08-30T14:58:47Z","2026-08-30T14:58:47Z","2026-08-30T15:14:14Z","927","00:15:27","1.595761","USDC","1.595532806177","Not Refunded","executed","received","False","True","0xf31174700a0394356bc57404bec97abc5df902115bc619860af0f3fa42013277","0xf31174700a0394356bc57404bec97abc5df902115bc619860af0f3fa42013277-18","Axelar Network (GMP)","https://api.axelarscan.io (public GMP Explorer API)"
"ethereum : 0xce16F69375520ab01377ce7B88f5BA8C48F8D666","immutable : 0xce16F69375520ab01377ce7B88f5BA8C48F8D666","ethereum","immutable","0xce16F69375520ab01377ce7B88f5BA8C48F8D666","0xce16F69375520ab01377ce7B88f5BA8C48F8D666","2026-08-30T14:58:35Z","2026-08-30T14:58:35Z","2026-08-30T15:13:51Z","916","00:15:16","0.247623","USDC","0.24758758991100002","Not Refunded","executed","received","False","True","0x60f9e7d2df98af99037190beba66f4df8f32b5f0092bba17f078e7e047b8c35e","0x60f9e7d2df98af99037190beba66f4df8f32b5f0092bba17f078e7e047b8c35e-7","Axelar Network (GMP)","https://api.axelarscan.io (public GMP Explorer API)"
"ethereum : 0xce16F69375520ab01377ce7B88f5BA8C48F8D666","immutable : 0xce16F69375520ab01377ce7B88f5BA8C48F8D666","ethereum","immutable","0xce16F69375520ab01377ce7B88f5BA8C48F8D666","0xce16F69375520ab01377ce7B88f5BA8C48F8D666","2026-08-30T14:57:35Z","2026-08-30T14:57:35Z","2026-08-30T15:13:51Z","976","00:16:16","0.247626","USDC","0.24759058948200002","Not Refunded","executed","received","False","True","0xba8e682ff70efda32f3898b77243fa9a483db88966d9c71c32dedf483546206f","0xba8e682ff70efda32f3898b77243fa9a483db88966d9c71c32dedf483546206f-7","Axelar Network (GMP)","https://api.axelarscan.io (public GMP Explorer API)"
"binance : 0xce16F69375520ab01377ce7B88f5BA8C48F8D666","optimism : 0xce16F69375520ab01377ce7B88f5BA8C48F8D666","binance","optimism","0xce16F69375520ab01377ce7B88f5BA8C48F8D666","0xce16F69375520ab01377ce7B88f5BA8C48F8D666","2026-08-30T14:57:29Z","2026-08-30T14:57:29Z","2026-08-30T14:58:13Z","44","00:00:44","9997.318165","axlUSDC","9995.888548502406","Not Refunded","executed","received","False","True","0x062367086e31a02dd23622d01d50b6658e1a35521798fe24c7eb8f9becf1b2a5","0x062367086e31a02dd23622d01d50b6658e1a35521798fe24c7eb8f9becf1b2a5-5","Axelar Network (GMP)","https://api.axelarscan.io (public GMP Explorer API)"
"ethereum : 0xaaa6A279fC98b9bF94bD479C90D701417e361fc2","optimism : 0xaaa6a279fc98b9bf94bd479c90d701417e361fc2","ethereum","optimism","0xaaa6A279fC98b9bF94bD479C90D701417e361fc2","0xaaa6a279fc98b9bf94bd479c90d701417e361fc2","2026-08-30T14:56:47Z","2026-08-30T14:56:47Z","2026-08-30T15:13:49Z","1022","00:17:02",,,,"Not Refunded","executed","received","False","True","0xd659f081fb991a1966ce478c6fbe4b6433db2d9b16a0c28bf32afbc8038c8ac6","0xd659f081fb991a1966ce478c6fbe4b6433db2d9b16a0c28bf32afbc8038c8ac6-7","Axelar Network (GMP)","https://api.axelarscan.io (public GMP Explorer API)"
"ethereum : 0x4f49B53928A71E553bB1B0F66a5BcB54Fd4E8932","immutable : 0x4f49B53928A71E553bB1B0F66a5BcB54Fd4E8932","ethereum","immutable","0x4f49B53928A71E553bB1B0F66a5BcB54Fd4E8932","0x4f49B53928A71E553bB1B0F66a5BcB54Fd4E8932","2026-08-30T14:56:35Z","2026-08-30T14:56:35Z","2026-08-30T15:13:51Z","1036","00:17:16",,,,"Not Refunded","executed","received","False","True","0xef7e321294e7c4a835dce1cc9fa85b775f56388edb3a9b7383f71e3616bea897","0xef7e321294e7c4a835dce1cc9fa85b775f56388edb3a9b7383f71e3616bea897-1","Axelar Network (GMP)","https://api.axelarscan.io (public GMP Explorer API)"
"optimism : 0xce16F69375520ab01377ce7B88f5BA8C48F8D666","osmosis : osmo1n6ney9tsf55etz9nrmzyd8wa7e64qd3s06a74fqs30ka8pps6cvqtsycr6","optimism","osmosis","0xce16F69375520ab01377ce7B88f5BA8C48F8D666","osmo1n6ney9tsf55etz9nrmzyd8wa7e64qd3s06a74fqs30ka8pps6cvqtsycr6","2026-08-30T14:54:35Z","2026-08-30T14:54:35Z","2026-08-30T15:19:46Z","1511","00:25:11","12446.174802","axlUSDC","12444.519460751333","Not Refunded","executed","received","False","True","0xf78b5f83f5acb8ea8f917c7887993af0f62f50dd8af994af01663fa2190616cc","0xf78b5f83f5acb8ea8f917c7887993af0f62f50dd8af994af01663fa2190616cc-12","Axelar Network (GMP)","https://api.axelarscan.io (public GMP Explorer API)"
"osmosis : osmo1m8wg4vxkefhs374qxmmqpyusgz289wmulex5qdwpfx7jnrxzer5s9cv83q","binance : 0x43d090025aAA6C8693B71952B910AC55CcB56bBb","osmosis","binance","osmo1m8wg4vxkefhs374qxmmqpyusgz289wmulex5qdwpfx7jnrxzer5s9cv83q","0x43d090025aAA6C8693B71952B910AC55CcB56bBb","2026-08-30T14:53:26Z","2026-08-30T14:53:26Z","2026-08-30T14:53:54Z","28","00:00:28","0.000464807630233361","axlBNB","0.3235247029476286","Pending Refund","executed","received","False","True","7DFCEE7855CFDA624FADDD63AECC3E001D4280361E97D435528EC5993F7242C8","0xa0f59a3bf6d7b097cceb0ac43d33749407db5bd8e1f9e160991823f33a345556-7093382","Axelar Network (GMP)","https://api.axelarscan.io (public GMP Explorer API)"
"binance : 0xce16F69375520ab01377ce7B88f5BA8C48F8D666","Ethereum : 0xce16F69375520ab01377ce7B88f5BA8C48F8D666","binance","Ethereum","0xce16F69375520ab01377ce7B88f5BA8C48F8D666","0xce16F69375520ab01377ce7B88f5BA8C48F8D666","2026-08-30T14:53:04Z","2026-08-30T14:53:04Z","2026-08-30T14:54:23Z","79","00:01:19","71.940516","axlUSDC","71.930947911372","Not Refunded","executed","received","False","True","0xbf924ce02b55e97faaf5b9070082bcfd74b1f7d64b31949723d3792b742aff7b","0xbf924ce02b55e97faaf5b9070082bcfd74b1f7d64b31949723d3792b742aff7b-60","Axelar Network (GMP)","https://api.axelarscan.io (public GMP Explorer API)"
"base : 0xce16F69375520ab01377ce7B88f5BA8C48F8D666","osmosis : osmo1n6ney9tsf55etz9nrmzyd8wa7e64qd3s06a74fqs30ka8pps6cvqtsycr6","base","osmosis","0xce16F69375520ab01377ce7B88f5BA8C48F8D666","osmo1n6ney9tsf55etz9nrmzyd8wa7e64qd3s06a74fqs30ka8pps6cvqtsycr6","2026-08-30T14:53:03Z","2026-08-30T14:53:03Z","2026-08-30T15:19:45Z","1602","00:26:42","9.142018","axlUSDC","9.140802111606","Not Refunded","executed","received","False","True","0x440fe8cfd0c362646ed6ecd35b3ab79b0bb64b5d3603cade049adec94a992739","0x440fe8cfd0c362646ed6ecd35b3ab79b0bb64b5d3603cade049adec94a992739-13","Axelar Network (GMP)","https://api.axelarscan.io (public GMP Explorer API)"
"axelar : axelar1aqcj54lzz0rk22gvqgcn8fr5tx4rzwdv5wv5j9dmnacgefvd7wzsy2j2mr","ethereum : 0xB5FB4BE02232B1bBA4dC8f81dc24C26980dE9e3C","axelar","ethereum","axelar1aqcj54lzz0rk22gvqgcn8fr5tx4rzwdv5wv5j9dmnacgefvd7wzsy2j2mr","0xB5FB4BE02232B1bBA4dC8f81dc24C26980dE9e3C","2026-08-30T14:49:32Z","2026-08-30T14:49:32Z","2026-08-30T14:50:11Z","39","00:00:39","0.0501","agETH",,"Pending Refund","executed","received","False","False","EA03855FE542A6C3AD640422C49B4A5185F4198F411B46100B4EE688BC5981E2","0xea03855fe542a6c3ad640422c49b4a5185f4198f411b46100b4ee688bc5981e2-7093381","Axelar Network (GMP)","https://api.axelarscan.io (public GMP Explorer API)"
"axelar : axelar1aqcj54lzz0rk22gvqgcn8fr5tx4rzwdv5wv5j9dmnacgefvd7wzsy2j2mr","base : 0xB5FB4BE02232B1bBA4dC8f81dc24C26980dE9e3C","axelar","base","axelar1aqcj54lzz0rk22gvqgcn8fr5tx4rzwdv5wv5j9dmnacgefvd7wzsy2j2mr","0xB5FB4BE02232B1bBA4dC8f81dc24C26980dE9e3C","2026-08-30T14:44:14Z","2026-08-30T14:44:14Z","2026-08-30T14:44:55Z","41","00:00:41","27034388153682380000","TIGEROG",,"Pending Refund","executed","received","False","False","F6BC0A2D29DC19D4076FE78232E6DBAA5B5AF555FFFEA6E73E58B8F6C5C25FD5","0xf6bc0a2d29dc19d4076fe78232e6dbaa5b5af555fffea6e73e58b8f6c5c25fd5-7093375","Axelar Network (GMP)","https://api.axelarscan.io (public GMP Explorer API)"
"avalanche : 0xB5FB4BE02232B1bBA4dC8f81dc24C26980dE9e3C","axelar : axelar1aqcj54lzz0rk22gvqgcn8fr5tx4rzwdv5wv5j9dmnacgefvd7wzsy2j2mr","avalanche","axelar","0xB5FB4BE02232B1bBA4dC8f81dc24C26980dE9e3C","axelar1aqcj54lzz0rk22gvqgcn8fr5tx4rzwdv5wv5j9dmnacgefvd7wzsy2j2mr","2026-08-30T14:43:52Z","2026-08-30T14:43:52Z","2026-08-30T14:44:14Z","22","00:00:22","27034388153682380000","TIGEROG",,"Not Refunded","executed","received","False","True","0x9da2aad8476b6206aebeb0181797fdeb245332236f676251a96c4b35bcd9ce11","0x9da2aad8476b6206aebeb0181797fdeb245332236f676251a96c4b35bcd9ce11-29","Axelar Network (GMP)","https://api.axelarscan.io (public GMP Explorer API)"
"base : 0xB5FB4BE02232B1bBA4dC8f81dc24C26980dE9e3C","axelar : axelar1aqcj54lzz0rk22gvqgcn8fr5tx4rzwdv5wv5j9dmnacgefvd7wzsy2j2mr","base","axelar","0xB5FB4BE02232B1bBA4dC8f81dc24C26980dE9e3C","axelar1aqcj54lzz0rk22gvqgcn8fr5tx4rzwdv5wv5j9dmnacgefvd7wzsy2j2mr","2026-08-30T14:43:51Z","2026-08-30T14:43:51Z","2026-08-30T15:07:40Z","1429","00:23:49","88961270287280000000","TIGEROG",,"Not Refunded","executed","received","False","True","0xf68229ae034f98c22ad6829c4324a851a35e33d2db332c8468d1f164abab0826","0xf68229ae034f98c22ad6829c4324a851a35e33d2db332c8468d1f164abab0826-11","Axelar Network (GMP)","https://api.axelarscan.io (public GMP Explorer API)"
"blast : 0x492751eC3c57141deb205eC2da8bFcb410738630","base : 0xce16F69375520ab01377ce7B88f5BA8C48F8D666","blast","base","0x492751eC3c57141deb205eC2da8bFcb410738630","0xce16F69375520ab01377ce7B88f5BA8C48F8D666","2026-08-30T14:39:15Z","2026-08-30T14:39:15Z","2026-08-30T15:27:25Z","2890","00:48:10","0.138168","axlUSDC","0.138150452664","Not Refunded","executed","received","False","True","0xf5bc0bb09c0a535d82818b6d5aac6dfe38861e3a01f5c70a5bc35faf0516b6c5","0xf5bc0bb09c0a535d82818b6d5aac6dfe38861e3a01f5c70a5bc35faf0516b6c5-15","Axelar Network (GMP)","https://api.axelarscan.io (public GMP Explorer API)"
"base : 0xce16F69375520ab01377ce7B88f5BA8C48F8D666","osmosis : osmo1n6ney9tsf55etz9nrmzyd8wa7e64qd3s06a74fqs30ka8pps6cvqtsycr6","base","osmosis","0xce16F69375520ab01377ce7B88f5BA8C48F8D666","osmo1n6ney9tsf55etz9nrmzyd8wa7e64qd3s06a74fqs30ka8pps6cvqtsycr6","2026-08-30T14:38:53Z","2026-08-30T14:38:53Z","2026-08-30T15:01:01Z","1328","00:22:08","7.339012","axlUSDC","7.338079945476","Not Refunded","executed","received","False","True","0xdf405d6beeb9367ac2e08464d8d931c9b9382e2a0a0bde6fca36e4ef2258d8ea","0xdf405d6beeb9367ac2e08464d8d931c9b9382e2a0a0bde6fca36e4ef2258d8ea-13","Axelar Network (GMP)","https://api.axelarscan.io (public GMP Explorer API)"
"axelar : axelar1aqcj54lzz0rk22gvqgcn8fr5tx4rzwdv5wv5j9dmnacgefvd7wzsy2j2mr","xrpl : rfmS3zqrQrka8wVyhXifEeyTwe8AMz2Yhw","axelar","xrpl","axelar1aqcj54lzz0rk22gvqgcn8fr5tx4rzwdv5wv5j9dmnacgefvd7wzsy2j2mr","rfmS3zqrQrka8wVyhXifEeyTwe8AMz2Yhw","2026-08-30T14:36:34Z","2026-08-30T14:36:34Z","2026-08-30T14:37:06Z","32","00:00:32","59140.7820476","SHX","0","Pending Refund","executed","received","False","False","BD44E832C39373F78FCA185B9EFE8FAB043B077CEBF2E1AF2E35A14FA825559E","0xbd44e832c39373f78fca185b9efe8fab043b077cebf2e1af2e35a14fa825559e-7093217","Axelar Network (GMP)","https://api.axelarscan.io (public GMP Explorer API)"
"stellar : CBDBMIOFHGWUFRYH3D3STI2DHBOWGDDBCRKQEUB4RGQEBVG74SEED6C6","axelar : axelar1aqcj54lzz0rk22gvqgcn8fr5tx4rzwdv5wv5j9dmnacgefvd7wzsy2j2mr","stellar","axelar","CBDBMIOFHGWUFRYH3D3STI2DHBOWGDDBCRKQEUB4RGQEBVG74SEED6C6","axelar1aqcj54lzz0rk22gvqgcn8fr5tx4rzwdv5wv5j9dmnacgefvd7wzsy2j2mr","2026-08-30T14:36:14Z","2026-08-30T14:36:14Z","2026-08-30T14:36:34Z","20","00:00:20","59140.7820476","SHX","199.747991365769","Not Refunded","executed","received","False","True","cc9d2832afb66e925b0cb81237bde2d0032d006b1304049c9c634d46f225ff5b","0xcc9d2832afb66e925b0cb81237bde2d0032d006b1304049c9c634d46f225ff5b-4","Axelar Network (GMP)","https://api.axelarscan.io (public GMP Explorer API)"
"polygon : 0xce16F69375520ab01377ce7B88f5BA8C48F8D666","Ethereum : 0xce16F69375520ab01377ce7B88f5BA8C48F8D666","polygon","Ethereum","0xce16F69375520ab01377ce7B88f5BA8C48F8D666","0xce16F69375520ab01377ce7B88f5BA8C48F8D666","2026-08-30T14:35:21Z","2026-08-30T14:35:21Z","2026-08-30T14:36:11Z","50","00:00:50","87.821652","axlUSDC","87.810498650196","Not Refunded","executed","received","False","True","0x6da7b1f09b238edfb4ec24f315ff9cddd79979bd99057ebf375b42ef52b62f58","0x6da7b1f09b238edfb4ec24f315ff9cddd79979bd99057ebf375b42ef52b62f58-20","Axelar Network (GMP)","https://api.axelarscan.io (public GMP Explorer API)"
"arbitrum : 0xB5FB4BE02232B1bBA4dC8f81dc24C26980dE9e3C","axelar : axelar1aqcj54lzz0rk22gvqgcn8fr5tx4rzwdv5wv5j9dmnacgefvd7wzsy2j2mr","arbitrum","axelar","0xB5FB4BE02232B1bBA4dC8f81dc24C26980dE9e3C","axelar1aqcj54lzz0rk22gvqgcn8fr5tx4rzwdv5wv5j9dmnacgefvd7wzsy2j2mr","2026-08-30T14:33:09Z","2026-08-30T14:33:09Z","2026-08-30T14:49:32Z","983","00:16:23","0.0501","agETH",,"Not Refunded","executed","received","False","True","0x74ebcef9ab0cc45223026655a1a4f5b0a71f6028906e9f14b0853a1509f157a4","0x74ebcef9ab0cc45223026655a1a4f5b0a71f6028906e9f14b0853a1509f157a4-7","Axelar Network (GMP)","https://api.axelarscan.io (public GMP Explorer API)"
"osmosis : osmo1n6ney9tsf55etz9nrmzyd8wa7e64qd3s06a74fqs30ka8pps6cvqtsycr6","Ethereum : 0xce16F69375520ab01377ce7B88f5BA8C48F8D666","osmosis","Ethereum","osmo1n6ney9tsf55etz9nrmzyd8wa7e64qd3s06a74fqs30ka8pps6cvqtsycr6","0xce16F69375520ab01377ce7B88f5BA8C48F8D666","2026-08-30T14:31:51Z","2026-08-30T14:31:51Z","2026-08-30T14:33:23Z","92","00:01:32","0.04815861633632372","axlETH","119.2778161833165","Pending Refund","executed","received","False","True","7BB177516F171A0C4CAF9D06C7F30A135F2715D2210A5E831843505D4DDD5C7F","0xd2e7e80e29781094df0c6fc59fe4117c918a75586cf750055503831757c609b5-7093186","Axelar Network (GMP)","https://api.axelarscan.io (public GMP Explorer API)"
"ethereum : 0xce16F69375520ab01377ce7B88f5BA8C48F8D666","binance : 0xce16F69375520ab01377ce7B88f5BA8C48F8D666","ethereum","binance","0xce16F69375520ab01377ce7B88f5BA8C48F8D666","0xce16F69375520ab01377ce7B88f5BA8C48F8D666","2026-08-30T14:21:47Z","2026-08-30T14:21:47Z","2026-08-30T14:41:14Z","1167","00:19:27","170.216907","USDC","170.19188511467098","Not Refunded","executed","received","False","True","0xd18c0a2b3285fd3e8b35101df9c26b1644186bddf6288885a2877e1e5c96be87","0xd18c0a2b3285fd3e8b35101df9c26b1644186bddf6288885a2877e1e5c96be87-22","Axelar Network (GMP)","https://api.axelarscan.io (public GMP Explorer API)"
"osmosis : osmo1n6ney9tsf55etz9nrmzyd8wa7e64qd3s06a74fqs30ka8pps6cvqtsycr6","arbitrum : 0xce16F69375520ab01377ce7B88f5BA8C48F8D666","osmosis","arbitrum","osmo1n6ney9tsf55etz9nrmzyd8wa7e64qd3s06a74fqs30ka8pps6cvqtsycr6","0xce16F69375520ab01377ce7B88f5BA8C48F8D666","2026-08-30T14:19:48Z","2026-08-30T14:19:48Z","2026-08-30T14:20:43Z","55","00:00:55","96.140533","axlUSDC","96.12572735791801","Pending Refund","executed","received","False","True","2988E69DF0C192BF8498A6A437B829F3E8677B6D83867DF3B13ACDFDF125E891","0xa6a0a47a9def7b87a410edc9ae37886457573a8bfb667da35cc66ac82a035c73-7093185","Axelar Network (GMP)","https://api.axelarscan.io (public GMP Explorer API)"
"binance : 0xce16F69375520ab01377ce7B88f5BA8C48F8D666","base : 0xce16F69375520ab01377ce7B88f5BA8C48F8D666","binance","base","0xce16F69375520ab01377ce7B88f5BA8C48F8D666","0xce16F69375520ab01377ce7B88f5BA8C48F8D666","2026-08-30T14:14:20Z","2026-08-30T14:14:20Z","2026-08-30T14:15:25Z","65","00:01:05","430.394682","axlUSDC","430.32926200833595","Not Refunded","executed","received","False","True","0x090b5f004299f145aee5900f50c60ee0dba58881988b6a7d97b079f00e44d1de","0x090b5f004299f145aee5900f50c60ee0dba58881988b6a7d97b079f00e44d1de-10","Axelar Network (GMP)","https://api.axelarscan.io (public GMP Explorer API)"
"osmosis : osmo1n6ney9tsf55etz9nrmzyd8wa7e64qd3s06a74fqs30ka8pps6cvqtsycr6","binance : 0xce16F69375520ab01377ce7B88f5BA8C48F8D666","osmosis","binance","osmo1n6ney9tsf55etz9nrmzyd8wa7e64qd3s06a74fqs30ka8pps6cvqtsycr6","0xce16F69375520ab01377ce7B88f5BA8C48F8D666","2026-08-30T14:09:58Z","2026-08-30T14:09:58Z","2026-08-30T14:10:24Z","26","00:00:26","32.907316","axlUSDC","32.902972234288","Pending Refund","executed","received","False","True","A2C69CEC8E13DFA5AFB0B9485FEEE3980DD8DA7C9127F225487401B66F64332C","0x3def2d4ebde80163c1b70e99c2e779a9167eb56128cd89c3468206d6f05ea614-7093184","Axelar Network (GMP)","https://api.axelarscan.io (public GMP Explorer API)"
"ethereum : 0x34e904237341C3de02D4447C3fF0ca8880ca6484","base : 0x34e904237341C3de02D4447C3fF0ca8880ca6484","ethereum","base","0x34e904237341C3de02D4447C3fF0ca8880ca6484","0x34e904237341C3de02D4447C3fF0ca8880ca6484","2026-08-30T14:07:59Z","2026-08-30T14:07:59Z","2026-08-30T14:22:49Z","890","00:14:50",,,,"Not Refunded","executed","received","False","True","0x6ba6ced1781196c577853371d7b6cdc8f24e10459524a50e13bf9abd1979268f","0x6ba6ced1781196c577853371d7b6cdc8f24e10459524a50e13bf9abd1979268f-7","Axelar Network (GMP)","https://api.axelarscan.io (public GMP Explorer API)"
"ethereum : 0x34e904237341C3de02D4447C3fF0ca8880ca6484","base : 0x34e904237341C3de02D4447C3fF0ca8880ca6484","ethereum","base","0x34e904237341C3de02D4447C3fF0ca8880ca6484","0x34e904237341C3de02D4447C3fF0ca8880ca6484","2026-08-30T14:07:59Z","2026-08-30T14:07:59Z","2026-08-30T14:22:49Z","890","00:14:50",,,,"Not Refunded","executed","received","False","True","0xf87748e4f6f929b7397fd4078ca6eaef7cf7e9d9a55930ed157b338ab5c48fe3","0xf87748e4f6f929b7397fd4078ca6eaef7cf7e9d9a55930ed157b338ab5c48fe3-7","Axelar Network (GMP)","https://api.axelarscan.io (public GMP Explorer API)"
"binance : 0xce16F69375520ab01377ce7B88f5BA8C48F8D666","osmosis : osmo1n6ney9tsf55etz9nrmzyd8wa7e64qd3s06a74fqs30ka8pps6cvqtsycr6","binance","osmosis","0xce16F69375520ab01377ce7B88f5BA8C48F8D666","osmo1n6ney9tsf55etz9nrmzyd8wa7e64qd3s06a74fqs30ka8pps6cvqtsycr6","2026-08-30T14:07:43Z","2026-08-30T14:07:43Z","2026-08-30T14:08:00Z","17","00:00:17","0.099226","axlUSDC","0.099212902168","Not Refunded","executed","received","False","True","0x540e5e57619eac86aa9f6e43d00fcf999c56aa89814194e48fe62a87345b4842","0x540e5e57619eac86aa9f6e43d00fcf999c56aa89814194e48fe62a87345b4842-12","Axelar Network (GMP)","https://api.axelarscan.io (public GMP Explorer API)"
"binance : 0xce16F69375520ab01377ce7B88f5BA8C48F8D666","osmosis : osmo1n6ney9tsf55etz9nrmzyd8wa7e64qd3s06a74fqs30ka8pps6cvqtsycr6","binance","osmosis","0xce16F69375520ab01377ce7B88f5BA8C48F8D666","osmo1n6ney9tsf55etz9nrmzyd8wa7e64qd3s06a74fqs30ka8pps6cvqtsycr6","2026-08-30T14:05:41Z","2026-08-30T14:05:41Z","2026-08-30T14:05:57Z","16","00:00:16","0.843429","axlUSDC","0.843317667372","Not Refunded","executed","received","False","True","0x1a1040fea87c32b1de49a6e50bb748510a85e2215bb02e5bff494c28e5a557c0","0x1a1040fea87c32b1de49a6e50bb748510a85e2215bb02e5bff494c28e5a557c0-12","Axelar Network (GMP)","https://api.axelarscan.io (public GMP Explorer API)"
"binance : 0x878c20D3685cdBc5e2680A8a0E7FB97389344fe1","Ethereum : 0xCE5B47FA5139fC5f3c8c5f4C278ad5F56A7b2016","binance","Ethereum","0x878c20D3685cdBc5e2680A8a0E7FB97389344fe1","0xCE5B47FA5139fC5f3c8c5f4C278ad5F56A7b2016","2026-08-30T14:05:41Z","2026-08-30T14:05:41Z","2026-08-30T14:07:11Z","90","00:01:30",,,,"Not Refunded","executed","received","False","True","0xb66bbeb9b7a97db734d5b81343dc25c14b98742e7cdc929fe3ee06524e5b5ae8","0xb66bbeb9b7a97db734d5b81343dc25c14b98742e7cdc929fe3ee06524e5b5ae8-15","Axelar Network (GMP)","https://api.axelarscan.io (public GMP Explorer API)"
"binance : 0xce16F69375520ab01377ce7B88f5BA8C48F8D666","base : 0xce16F69375520ab01377ce7B88f5BA8C48F8D666","binance","base","0xce16F69375520ab01377ce7B88f5BA8C48F8D666","0xce16F69375520ab01377ce7B88f5BA8C48F8D666","2026-08-30T14:03:31Z","2026-08-30T14:03:31Z","2026-08-30T14:04:19Z","48","00:00:48","103.871935","axlUSDC","103.85843164845","Not Refunded","executed","received","False","True","0x03dde54f9b1b0b821528bf2e52c962ab10fa67d3a4c480eb4319f66725d14d05","0x03dde54f9b1b0b821528bf2e52c962ab10fa67d3a4c480eb4319f66725d14d05-12","Axelar Network (GMP)","https://api.axelarscan.io (public GMP Explorer API)"
"ethereum : 0xB773bCc5B325ad9AC6B36e1A046AD4466833A16E","zigchain : zig1mk35qafzl6pejla7y5ma398qln2nqez2dtysth","ethereum","zigchain","0xB773bCc5B325ad9AC6B36e1A046AD4466833A16E","zig1mk35qafzl6pejla7y5ma398qln2nqez2dtysth","2026-08-30T14:01:35Z","2026-08-30T14:01:35Z","2026-08-30T14:15:53Z","858","00:14:18","5.9E-11","ZIG","2.44880503E-12","Not Refunded","executed","received","False","True","0x0f99683a5d4da4552a2f3e63addf3f5fc54545010c36208670e484908cf1012c","0x0f99683a5d4da4552a2f3e63addf3f5fc54545010c36208670e484908cf1012c-5","Axelar Network (GMP)","https://api.axelarscan.io (public GMP Explorer API)"
"osmosis : osmo1m8wg4vxkefhs374qxmmqpyusgz289wmulex5qdwpfx7jnrxzer5s9cv83q","Ethereum : 0xB773bCc5B325ad9AC6B36e1A046AD4466833A16E","osmosis","Ethereum","osmo1m8wg4vxkefhs374qxmmqpyusgz289wmulex5qdwpfx7jnrxzer5s9cv83q","0xB773bCc5B325ad9AC6B36e1A046AD4466833A16E","2026-08-30T14:00:56Z","2026-08-30T14:00:56Z","2026-08-30T14:02:23Z","87","00:01:27","1969.752387","axlUSDC","1969.49631918969","Pending Refund","executed","received","False","True","74C1E2359B5595C934234E2B90E1E5D76ACBC3D047E0104B198097BFA0084E1B","0xa4830353e478c712617a882d9250a2b475a535ec8d5d0a972687fc6a1ccfa653-7093183","Axelar Network (GMP)","https://api.axelarscan.io (public GMP Explorer API)"
"polygon : 0xce16F69375520ab01377ce7B88f5BA8C48F8D666","osmosis : osmo1n6ney9tsf55etz9nrmzyd8wa7e64qd3s06a74fqs30ka8pps6cvqtsycr6","polygon","osmosis","0xce16F69375520ab01377ce7B88f5BA8C48F8D666","osmo1n6ney9tsf55etz9nrmzyd8wa7e64qd3s06a74fqs30ka8pps6cvqtsycr6","2026-08-30T13:57:10Z","2026-08-30T13:57:10Z","2026-08-30T13:57:27Z","17","00:00:17","93.295","WMATIC","9.64744936","Not Refunded","executed","received","False","True","0x1ff7508e0024e12768be374371fe47605734c8c8cf915dadbbd6789bd9554add","0x1ff7508e0024e12768be374371fe47605734c8c8cf915dadbbd6789bd9554add-10","Axelar Network (GMP)","https://api.axelarscan.io (public GMP Explorer API)"
"ethereum : 0x4f49B53928A71E553bB1B0F66a5BcB54Fd4E8932","immutable : 0x4f49B53928A71E553bB1B0F66a5BcB54Fd4E8932","ethereum","immutable","0x4f49B53928A71E553bB1B0F66a5BcB54Fd4E8932","0x4f49B53928A71E553bB1B0F66a5BcB54Fd4E8932","2026-08-30T13:55:47Z","2026-08-30T13:55:47Z","2026-08-30T14:15:51Z","1204","00:20:04",,,,"Not Refunded","executed","received","False","True","0x747fd3e3292c1840c7e9fb619e74edd9f73ca434f1d9cfbce053a3bfcf27bb4b","0x747fd3e3292c1840c7e9fb619e74edd9f73ca434f1d9cfbce053a3bfcf27bb4b-1","Axelar Network (GMP)","https://api.axelarscan.io (public GMP Explorer API)"
"axelar : axelar1aqcj54lzz0rk22gvqgcn8fr5tx4rzwdv5wv5j9dmnacgefvd7wzsy2j2mr","ethereum : 0xB5FB4BE02232B1bBA4dC8f81dc24C26980dE9e3C","axelar","ethereum","axelar1aqcj54lzz0rk22gvqgcn8fr5tx4rzwdv5wv5j9dmnacgefvd7wzsy2j2mr","0xB5FB4BE02232B1bBA4dC8f81dc24C26980dE9e3C","2026-08-30T13:44:46Z","2026-08-30T13:44:46Z","2026-08-30T13:46:23Z","97","00:01:37","49654.91548524218","ATH","0","Pending Refund","executed","received","False","False","78DE6B63CF2BF7B4963FFC953C0FD7BB3DF1198453A337029010474801344EB1","0x78de6b63cf2bf7b4963ffc953c0fd7bb3df1198453a337029010474801344eb1-7093130","Axelar Network (GMP)","https://api.axelarscan.io (public GMP Explorer API)"
"immutable : 0xce16F69375520ab01377ce7B88f5BA8C48F8D666","base : 0xce16F69375520ab01377ce7B88f5BA8C48F8D666","immutable","base","0xce16F69375520ab01377ce7B88f5BA8C48F8D666","0xce16F69375520ab01377ce7B88f5BA8C48F8D666","2026-08-30T13:44:09Z","2026-08-30T13:44:09Z","2026-08-30T13:45:25Z","76","00:01:16","73.479376","axlUSDC","73.470117598624","Not Refunded","executed","received","False","True","0x618929a9cca56c3ecfb845871ed3cb7fda3e94657057ee6ccfaddc1e1e3ce602","0x618929a9cca56c3ecfb845871ed3cb7fda3e94657057ee6ccfaddc1e1e3ce602-16","Axelar Network (GMP)","https://api.axelarscan.io (public GMP Explorer API)"
"osmosis : osmo1m8wg4vxkefhs374qxmmqpyusgz289wmulex5qdwpfx7jnrxzer5s9cv83q","Ethereum : 0xB773bCc5B325ad9AC6B36e1A046AD4466833A16E","osmosis","Ethereum","osmo1m8wg4vxkefhs374qxmmqpyusgz289wmulex5qdwpfx7jnrxzer5s9cv83q","0xB773bCc5B325ad9AC6B36e1A046AD4466833A16E","2026-08-30T13:41:07Z","2026-08-30T13:41:07Z","2026-08-30T13:42:11Z","64","00:01:04","368.295587","axlUSDC","368.249181756038","Pending Refund","executed","received","False","True","805E132FC4382692C971032EBF302C07B1974081BAE1BC7148720DAEEC24DAE7","0x10058f13d010cfa33167b42121657bc8e2bd4db50c830aa2e3811c7138fc6e2e-7093124","Axelar Network (GMP)","https://api.axelarscan.io (public GMP Explorer API)"
"ethereum : 0x50beAbe4883981624aEa01F737B040d1e3Fe83FB","monad : 0x50beAbe4883981624aEa01F737B040d1e3Fe83FB","ethereum","monad","0x50beAbe4883981624aEa01F737B040d1e3Fe83FB","0x50beAbe4883981624aEa01F737B040d1e3Fe83FB","2026-08-30T13:37:59Z","2026-08-30T13:37:59Z","2026-08-30T13:56:24Z","1105","00:18:25",,,,"Not Refunded","executed","received","False","True","0x350a6ef814f680df9a073edab189b7d22027d21e1ae63c007d6d3e4ba40c9db3","0x350a6ef814f680df9a073edab189b7d22027d21e1ae63c007d6d3e4ba40c9db3-6","Axelar Network (GMP)","https://api.axelarscan.io (public GMP Explorer API)"
"binance : 0x43d090025aAA6C8693B71952B910AC55CcB56bBb","osmosis : osmo173adwu8q6xfww53rhwtlxhjyafav74k6qsu9a7","binance","osmosis","0x43d090025aAA6C8693B71952B910AC55CcB56bBb","osmo173adwu8q6xfww53rhwtlxhjyafav74k6qsu9a7","2026-08-30T13:35:51Z","2026-08-30T13:35:51Z","2026-08-30T13:36:05Z","14","00:00:14","5162.68","AXL","213.4381495268","Not Refunded","executed","received","False","True","0xb7573493767bf15822466fa5678d63fef574aca96902b8299d9ac6ed26810095","0xb7573493767bf15822466fa5678d63fef574aca96902b8299d9ac6ed26810095-3","Axelar Network (GMP)","https://api.axelarscan.io (public GMP Explorer API)"
"polygon : 0xce16F69375520ab01377ce7B88f5BA8C48F8D666","Ethereum : 0xce16F69375520ab01377ce7B88f5BA8C48F8D666","polygon","Ethereum","0xce16F69375520ab01377ce7B88f5BA8C48F8D666","0xce16F69375520ab01377ce7B88f5BA8C48F8D666","2026-08-30T13:34:18Z","2026-08-30T13:34:18Z","2026-08-30T13:35:23Z","65","00:01:05","66.390046","axlUSDC","66.380353053284","Not Refunded","executed","received","False","True","0xfb6d34eddb6742382d29fdff092d921ad5226c6da08366d1561c43cafa06b846","0xfb6d34eddb6742382d29fdff092d921ad5226c6da08366d1561c43cafa06b846-33","Axelar Network (GMP)","https://api.axelarscan.io (public GMP Explorer API)"
"immutable : 0x4f49B53928A71E553bB1B0F66a5BcB54Fd4E8932","Ethereum : 0x4f49B53928A71E553bB1B0F66a5BcB54Fd4E8932","immutable","Ethereum","0x4f49B53928A71E553bB1B0F66a5BcB54Fd4E8932","0x4f49B53928A71E553bB1B0F66a5BcB54Fd4E8932","2026-08-30T13:34:09Z","2026-08-30T13:34:09Z","2026-08-30T13:35:23Z","74","00:01:14",,,,"Not Refunded","executed","received","False","True","0xcdaade4f93049d7511a41f18c8703ea574e48bf4e5eca090f316cf1d49694320","0xcdaade4f93049d7511a41f18c8703ea574e48bf4e5eca090f316cf1d49694320-2","Axelar Network (GMP)","https://api.axelarscan.io (public GMP Explorer API)"
"binance : 0x43d090025aAA6C8693B71952B910AC55CcB56bBb","osmosis : osmo173adwu8q6xfww53rhwtlxhjyafav74k6qsu9a7","binance","osmosis","0x43d090025aAA6C8693B71952B910AC55CcB56bBb","osmo173adwu8q6xfww53rhwtlxhjyafav74k6qsu9a7","2026-08-30T13:33:31Z","2026-08-30T13:33:31Z","2026-08-30T13:33:46Z","15","00:00:15","5168.1","AXL","213.817165569","Not Refunded","executed","received","False","True","0xa870a957ce2bb10298605e76bcd4cc73de89242d09e8c34066ad9296dc56dd01","0xa870a957ce2bb10298605e76bcd4cc73de89242d09e8c34066ad9296dc56dd01-3","Axelar Network (GMP)","https://api.axelarscan.io (public GMP Explorer API)"
"osmosis : osmo1n6ney9tsf55etz9nrmzyd8wa7e64qd3s06a74fqs30ka8pps6cvqtsycr6","Ethereum : 0xce16F69375520ab01377ce7B88f5BA8C48F8D666","osmosis","Ethereum","osmo1n6ney9tsf55etz9nrmzyd8wa7e64qd3s06a74fqs30ka8pps6cvqtsycr6","0xce16F69375520ab01377ce7B88f5BA8C48F8D666","2026-08-30T13:31:54Z","2026-08-30T13:31:54Z","2026-08-30T13:33:11Z","77","00:01:17","0.00481187932181366","axlETH","11.874178364853131","Pending Refund","executed","received","False","True","87FBD17E5DD741407CF69F7CB887C961345CA4E0B70039066A39C1AFE83CB2B2","0xc1f26b0cf93b16ab52261b3bd0eea1730e2f4b5d22854a01b1a5bce34878f020-7093123","Axelar Network (GMP)","https://api.axelarscan.io (public GMP Explorer API)"
"polygon : 0xce16F69375520ab01377ce7B88f5BA8C48F8D666","osmosis : osmo1n6ney9tsf55etz9nrmzyd8wa7e64qd3s06a74fqs30ka8pps6cvqtsycr6","polygon","osmosis","0xce16F69375520ab01377ce7B88f5BA8C48F8D666","osmo1n6ney9tsf55etz9nrmzyd8wa7e64qd3s06a74fqs30ka8pps6cvqtsycr6","2026-08-30T13:31:12Z","2026-08-30T13:31:12Z","2026-08-30T13:31:33Z","21","00:00:21","166.914712","axlUSDC","166.890342452048","Not Refunded","executed","received","False","True","0xb0ddbe663cb472ce885497a83f202492b324c3305f948ffd76c08ea20a8a5446","0xb0ddbe663cb472ce885497a83f202492b324c3305f948ffd76c08ea20a8a5446-21","Axelar Network (GMP)","https://api.axelarscan.io (public GMP Explorer API)"
"immutable : 0x4f49B53928A71E553bB1B0F66a5BcB54Fd4E8932","Ethereum : 0x4f49B53928A71E553bB1B0F66a5BcB54Fd4E8932","immutable","Ethereum","0x4f49B53928A71E553bB1B0F66a5BcB54Fd4E8932","0x4f49B53928A71E553bB1B0F66a5BcB54Fd4E8932","2026-08-30T13:29:11Z","2026-08-30T13:29:11Z","2026-08-30T13:30:23Z","72","00:01:12",,,,"Not Refunded","executed","received","False","True","0xf039d3102a70a918095b13b376c467ae9aeb230e2a2645da32ddf08a65fa2ff5","0xf039d3102a70a918095b13b376c467ae9aeb230e2a2645da32ddf08a65fa2ff5-6","Axelar Network (GMP)","https://api.axelarscan.io (public GMP Explorer API)"
"base : 0xaaa6A279fC98b9bF94bD479C90D701417e361fc2","optimism : 0xaaa6a279fc98b9bf94bd479c90d701417e361fc2","base","optimism","0xaaa6A279fC98b9bF94bD479C90D701417e361fc2","0xaaa6a279fc98b9bf94bd479c90d701417e361fc2","2026-08-30T13:27:27Z","2026-08-30T13:27:27Z","2026-08-30T13:51:13Z","1426","00:23:46",,,,"Not Refunded","executed","received","False","True","0xc49afa6c5b27f977c26066582fc4a96f601f81b4d009052634c7cb8754d2624e","0xc49afa6c5b27f977c26066582fc4a96f601f81b4d009052634c7cb8754d2624e-3","Axelar Network (GMP)","https://api.axelarscan.io (public GMP Explorer API)"
"axelar : axelar1aqcj54lzz0rk22gvqgcn8fr5tx4rzwdv5wv5j9dmnacgefvd7wzsy2j2mr","ethereum : 0xB5FB4BE02232B1bBA4dC8f81dc24C26980dE9e3C","axelar","ethereum","axelar1aqcj54lzz0rk22gvqgcn8fr5tx4rzwdv5wv5j9dmnacgefvd7wzsy2j2mr","0xB5FB4BE02232B1bBA4dC8f81dc24C26980dE9e3C","2026-08-30T13:26:10Z","2026-08-30T13:26:10Z","2026-08-30T13:27:23Z","73","00:01:13","120319.5577908762","ATH","0","Pending Refund","executed","received","False","False","546855122CA66665BAA7F469B4BCC1F6B6C945D5EABA66EA1F45AD489E6A47D6","0x546855122ca66665baa7f469b4bcc1f6b6c945d5eaba66ea1f45ad489e6a47d6-7093122","Axelar Network (GMP)","https://api.axelarscan.io (public GMP Explorer API)"
"binance : 0x43d090025aAA6C8693B71952B910AC55CcB56bBb","osmosis : osmo173adwu8q6xfww53rhwtlxhjyafav74k6qsu9a7","binance","osmosis","0x43d090025aAA6C8693B71952B910AC55CcB56bBb","osmo173adwu8q6xfww53rhwtlxhjyafav74k6qsu9a7","2026-08-30T13:25:32Z","2026-08-30T13:25:32Z","2026-08-30T13:25:47Z","15","00:00:15","5131.69","AXL","212.3752985514","Not Refunded","executed","received","False","True","0x73f02e0004ec654d11e3738a654584d4a2ac217369f09ee1913be2a0e778fe4e","0x73f02e0004ec654d11e3738a654584d4a2ac217369f09ee1913be2a0e778fe4e-3","Axelar Network (GMP)","https://api.axelarscan.io (public GMP Explorer API)"
"arbitrum : 0xB5FB4BE02232B1bBA4dC8f81dc24C26980dE9e3C","axelar : axelar1aqcj54lzz0rk22gvqgcn8fr5tx4rzwdv5wv5j9dmnacgefvd7wzsy2j2mr","arbitrum","axelar","0xB5FB4BE02232B1bBA4dC8f81dc24C26980dE9e3C","axelar1aqcj54lzz0rk22gvqgcn8fr5tx4rzwdv5wv5j9dmnacgefvd7wzsy2j2mr","2026-08-30T13:24:23Z","2026-08-30T13:24:23Z","2026-08-30T13:44:46Z","1223","00:20:23","49654.91548524218","ATH","248.80687812021267","Not Refunded","executed","received","False","True","0x6daeda49bf741f0b18aa8b91ae2c460c0da2c4e8a3d2ac10cdb6ed985d7ed232","0x6daeda49bf741f0b18aa8b91ae2c460c0da2c4e8a3d2ac10cdb6ed985d7ed232-13","Axelar Network (GMP)","https://api.axelarscan.io (public GMP Explorer API)"
"ethereum : 0x4f49B53928A71E553bB1B0F66a5BcB54Fd4E8932","immutable : 0x4f49B53928A71E553bB1B0F66a5BcB54Fd4E8932","ethereum","immutable","0x4f49B53928A71E553bB1B0F66a5BcB54Fd4E8932","0x4f49B53928A71E553bB1B0F66a5BcB54Fd4E8932","2026-08-30T13:22:47Z","2026-08-30T13:22:47Z","2026-08-30T13:37:55Z","908","00:15:08",,,,"Not Refunded","executed","received","False","True","0x2424fb2e17f64857743dc93b5cb8c46be40278a57807dbdd4a32b7314edbbbb3","0x2424fb2e17f64857743dc93b5cb8c46be40278a57807dbdd4a32b7314edbbbb3-1","Axelar Network (GMP)","https://api.axelarscan.io (public GMP Explorer API)"
"immutable : 0x4f49B53928A71E553bB1B0F66a5BcB54Fd4E8932","Ethereum : 0x4f49B53928A71E553bB1B0F66a5BcB54Fd4E8932","immutable","Ethereum","0x4f49B53928A71E553bB1B0F66a5BcB54Fd4E8932","0x4f49B53928A71E553bB1B0F66a5BcB54Fd4E8932","2026-08-30T13:22:29Z","2026-08-30T13:22:29Z","2026-08-30T13:24:23Z","114","00:01:54",,,,"Not Refunded","executed","received","False","True","0xc5d2883142d36437d98e98da64762f32cff4ad6f8e19e0b9aa8bffa7569244ff","0xc5d2883142d36437d98e98da64762f32cff4ad6f8e19e0b9aa8bffa7569244ff-3","Axelar Network (GMP)","https://api.axelarscan.io (public GMP Explorer API)"
"binance : 0xce16F69375520ab01377ce7B88f5BA8C48F8D666","Ethereum : 0xce16F69375520ab01377ce7B88f5BA8C48F8D666","binance","Ethereum","0xce16F69375520ab01377ce7B88f5BA8C48F8D666","0xce16F69375520ab01377ce7B88f5BA8C48F8D666","2026-08-30T13:13:07Z","2026-08-30T13:13:07Z","2026-08-30T13:14:11Z","64","00:01:04","420.813269","axlUSDC","420.75014700965","Not Refunded","executed","received","False","True","0x455cf3e3d41967cf5a1f47cd76e8d13c9affa3b21ddaa89705f1c338aa65304e","0x455cf3e3d41967cf5a1f47cd76e8d13c9affa3b21ddaa89705f1c338aa65304e-21","Axelar Network (GMP)","https://api.axelarscan.io (public GMP Explorer API)"
"axelar : axelar1aqcj54lzz0rk22gvqgcn8fr5tx4rzwdv5wv5j9dmnacgefvd7wzsy2j2mr","ethereum : 0xB5FB4BE02232B1bBA4dC8f81dc24C26980dE9e3C","axelar","ethereum","axelar1aqcj54lzz0rk22gvqgcn8fr5tx4rzwdv5wv5j9dmnacgefvd7wzsy2j2mr","0xB5FB4BE02232B1bBA4dC8f81dc24C26980dE9e3C","2026-08-30T13:13:03Z","2026-08-30T13:13:03Z","2026-08-30T13:14:11Z","68","00:01:08","54443.91336016907","ATH","0","Pending Refund","executed","received","False","False","6EFC16939C45B0000DF7B832F66DFE7BFC71D8AD728B57873E4AB4DBC0E693C4","0x6efc16939c45b0000df7b832f66dfe7bfc71d8ad728b57873e4ab4dbc0e693c4-7093116","Axelar Network (GMP)","https://api.axelarscan.io (public GMP Explorer API)"
"fraxtal : 0xDC3D8e1Abe590BCa428a8a2FC4CfDbD1AcF57Bd9","base : 0xce16F69375520ab01377ce7B88f5BA8C48F8D666","fraxtal","base","0xDC3D8e1Abe590BCa428a8a2FC4CfDbD1AcF57Bd9","0xce16F69375520ab01377ce7B88f5BA8C48F8D666","2026-08-30T13:11:25Z","2026-08-30T13:11:25Z","2026-08-30T13:44:25Z","1980","00:33:00","18.148153","axlUSDC","18.145430777050002","Not Refunded","executed","received","False","True","0xe3a934481351eeeed5e2a061598b625855bf132c797c3544695312ae7ebac25b","0xe3a934481351eeeed5e2a061598b625855bf132c797c3544695312ae7ebac25b-22","Axelar Network (GMP)","https://api.axelarscan.io (public GMP Explorer API)"
"base : 0xce16F69375520ab01377ce7B88f5BA8C48F8D666","binance : 0xce16F69375520ab01377ce7B88f5BA8C48F8D666","base","binance","0xce16F69375520ab01377ce7B88f5BA8C48F8D666","0xce16F69375520ab01377ce7B88f5BA8C48F8D666","2026-08-30T13:09:59Z","2026-08-30T13:09:59Z","2026-08-30T13:32:38Z","1359","00:22:39","4797.072771","axlUSDC","4796.35321008435","Not Refunded","executed","received","False","True","0x425cd6110efabd1f255ae7063fa555215069afb9f5487cb77707529c6be8bb8b","0x425cd6110efabd1f255ae7063fa555215069afb9f5487cb77707529c6be8bb8b-7","Axelar Network (GMP)","https://api.axelarscan.io (public GMP Explorer API)"
"arbitrum : 0xB5FB4BE02232B1bBA4dC8f81dc24C26980dE9e3C","axelar : axelar1aqcj54lzz0rk22gvqgcn8fr5tx4rzwdv5wv5j9dmnacgefvd7wzsy2j2mr","arbitrum","axelar","0xB5FB4BE02232B1bBA4dC8f81dc24C26980dE9e3C","axelar1aqcj54lzz0rk22gvqgcn8fr5tx4rzwdv5wv5j9dmnacgefvd7wzsy2j2mr","2026-08-30T13:08:42Z","2026-08-30T13:08:42Z","2026-08-30T13:26:10Z","1048","00:17:28","120319.5577908762","ATH","606.0760828953574","Not Refunded","executed","received","False","True","0xa931cb4675e0a65bd66634bfca2d19521b31c0a2df8dd344d8fbbb1e41f206d7","0xa931cb4675e0a65bd66634bfca2d19521b31c0a2df8dd344d8fbbb1e41f206d7-7","Axelar Network (GMP)","https://api.axelarscan.io (public GMP Explorer API)"
"osmosis : osmo1n6ney9tsf55etz9nrmzyd8wa7e64qd3s06a74fqs30ka8pps6cvqtsycr6","Polygon : 0xce16F69375520ab01377ce7B88f5BA8C48F8D666","osmosis","Polygon","osmo1n6ney9tsf55etz9nrmzyd8wa7e64qd3s06a74fqs30ka8pps6cvqtsycr6","0xce16F69375520ab01377ce7B88f5BA8C48F8D666","2026-08-30T13:06:49Z","2026-08-30T13:06:49Z","2026-08-30T13:07:28Z","39","00:00:39","30.52176230627016","axlMATIC","3.2082034795366687","Pending Refund","executed","received","False","True","21F1606CED29033FE1CC68EA6D89346055A9F56E6782524C9642CEF608A260B2","0xa1122469e8bb0ecdf428e47eb4e68a025734e29598179f03bfd6baca04d9e4b1-7093110","Axelar Network (GMP)","https://api.axelarscan.io (public GMP Explorer API)"
"binance : 0xce16F69375520ab01377ce7B88f5BA8C48F8D666","osmosis : osmo1n6ney9tsf55etz9nrmzyd8wa7e64qd3s06a74fqs30ka8pps6cvqtsycr6","binance","osmosis","0xce16F69375520ab01377ce7B88f5BA8C48F8D666","osmo1n6ney9tsf55etz9nrmzyd8wa7e64qd3s06a74fqs30ka8pps6cvqtsycr6","2026-08-30T13:06:27Z","2026-08-30T13:06:27Z","2026-08-30T13:06:46Z","19","00:00:19","0.819879","axlUSDC","0.819774055488","Not Refunded","executed","received","False","True","0xf460bafaad81c13c5425fbe71d757a3b29526abb9208eb107c05d2a0705770ed","0xf460bafaad81c13c5425fbe71d757a3b29526abb9208eb107c05d2a0705770ed-16","Axelar Network (GMP)","https://api.axelarscan.io (public GMP Explorer API)"
"axelar : axelar1aqcj54lzz0rk22gvqgcn8fr5tx4rzwdv5wv5j9dmnacgefvd7wzsy2j2mr","polygon : 0xB5FB4BE02232B1bBA4dC8f81dc24C26980dE9e3C","axelar","polygon","axelar1aqcj54lzz0rk22gvqgcn8fr5tx4rzwdv5wv5j9dmnacgefvd7wzsy2j2mr","0xB5FB4BE02232B1bBA4dC8f81dc24C26980dE9e3C","2026-08-30T13:05:46Z","2026-08-30T13:05:46Z","2026-08-30T13:06:13Z","27","00:00:27","899.5865388355497","FNX",,"Pending Refund","executed","received","False","False","8874FD9D8077AC59D292567628F48678F03B1D35174B9F0D949682640E2387AA","0x8874fd9d8077ac59d292567628f48678f03b1d35174b9f0d949682640e2387aa-7093109","Axelar Network (GMP)","https://api.axelarscan.io (public GMP Explorer API)"
"polygon : 0xce16F69375520ab01377ce7B88f5BA8C48F8D666","base : 0xce16F69375520ab01377ce7B88f5BA8C48F8D666","polygon","base","0xce16F69375520ab01377ce7B88f5BA8C48F8D666","0xce16F69375520ab01377ce7B88f5BA8C48F8D666","2026-08-30T13:05:40Z","2026-08-30T13:05:40Z","2026-08-30T13:06:25Z","45","00:00:45","299.086102","axlUSDC","299.04781897894395","Not Refunded","executed","received","False","True","0x0ff8a68ebe7f581a622f3a3c784089a1f12b71709f9070df7c574aae6ac613bc","0x0ff8a68ebe7f581a622f3a3c784089a1f12b71709f9070df7c574aae6ac613bc-34","Axelar Network (GMP)","https://api.axelarscan.io (public GMP Explorer API)"
"osmosis : osmo1m8wg4vxkefhs374qxmmqpyusgz289wmulex5qdwpfx7jnrxzer5s9cv83q","base : 0x569594F181ac9AbdE3eBf89954F3D3Af40d63600","osmosis","base","osmo1m8wg4vxkefhs374qxmmqpyusgz289wmulex5qdwpfx7jnrxzer5s9cv83q","0x569594F181ac9AbdE3eBf89954F3D3Af40d63600","2026-08-30T13:04:21Z","2026-08-30T13:04:21Z","2026-08-30T13:05:19Z","58","00:00:58","1.799643","axlUSDC","1.79951702499","Pending Refund","executed","received","False","True","29E508A90585F41890856F0BAD23C3E04EE451A4E361A68376007BF0DA49D66B","0xa983eb52efb596645099a0b5e10f200b91d370af909d1c6bb79f20d0903c6db6-7093103","Axelar Network (GMP)","https://api.axelarscan.io (public GMP Explorer API)"
"optimism : 0xaaa6A279fC98b9bF94bD479C90D701417e361fc2","Ethereum : 0xaaa6a279fc98b9bf94bd479c90d701417e361fc2","optimism","Ethereum","0xaaa6A279fC98b9bF94bD479C90D701417e361fc2","0xaaa6a279fc98b9bf94bd479c90d701417e361fc2","2026-08-30T13:03:23Z","2026-08-30T13:03:23Z","2026-08-30T13:32:11Z","1728","00:28:48",,,,"Not Refunded","executed","received","False","True","0x23805e7754ad3ba14c9d2d91ed81adec733b14317c5fe39e828966feac70ad9c","0x23805e7754ad3ba14c9d2d91ed81adec733b14317c5fe39e828966feac70ad9c-3","Axelar Network (GMP)","https://api.axelarscan.io (public GMP Explorer API)"
"ethereum : 0xce16F69375520ab01377ce7B88f5BA8C48F8D666","osmosis : osmo1n6ney9tsf55etz9nrmzyd8wa7e64qd3s06a74fqs30ka8pps6cvqtsycr6","ethereum","osmosis","0xce16F69375520ab01377ce7B88f5BA8C48F8D666","osmo1n6ney9tsf55etz9nrmzyd8wa7e64qd3s06a74fqs30ka8pps6cvqtsycr6","2026-08-30T13:02:59Z","2026-08-30T13:02:59Z","2026-08-30T13:18:16Z","917","00:15:17","0.017725399945307436","WETH","43.750895669004535","Not Refunded","executed","received","False","True","0x025ddcf1cddfca77c1eb32d135b8b7dbd64cc5455b926a3756120a86648f93c4","0x025ddcf1cddfca77c1eb32d135b8b7dbd64cc5455b926a3756120a86648f93c4-4","Axelar Network (GMP)","https://api.axelarscan.io (public GMP Explorer API)"
"immutable : 0x4f49B53928A71E553bB1B0F66a5BcB54Fd4E8932","Ethereum : 0x4f49B53928A71E553bB1B0F66a5BcB54Fd4E8932","immutable","Ethereum","0x4f49B53928A71E553bB1B0F66a5BcB54Fd4E8932","0x4f49B53928A71E553bB1B0F66a5BcB54Fd4E8932","2026-08-30T13:01:05Z","2026-08-30T13:01:05Z","2026-08-30T13:02:23Z","78","00:01:18",,,,"Not Refunded","executed","received","False","True","0xeeaef5f1c04b60d73a8923fedde3b074eba426fefcbcbac44e6cd86a214961f3","0xeeaef5f1c04b60d73a8923fedde3b074eba426fefcbcbac44e6cd86a214961f3-3","Axelar Network (GMP)","https://api.axelarscan.io (public GMP Explorer API)"
"axelar : axelar1aqcj54lzz0rk22gvqgcn8fr5tx4rzwdv5wv5j9dmnacgefvd7wzsy2j2mr","binance : 0xB5FB4BE02232B1bBA4dC8f81dc24C26980dE9e3C","axelar","binance","axelar1aqcj54lzz0rk22gvqgcn8fr5tx4rzwdv5wv5j9dmnacgefvd7wzsy2j2mr","0xB5FB4BE02232B1bBA4dC8f81dc24C26980dE9e3C","2026-08-30T12:59:47Z","2026-08-30T12:59:47Z","2026-08-30T13:00:03Z","16","00:00:16","10036505799.64659","MANYU","0","Pending Refund","executed","received","False","False","BF5FD2768F938C4D3418A224F75F3282181C1C6149A499B514ACB3159B1F4658","0xbf5fd2768f938c4d3418a224f75f3282181c1c6149a499b514acb3159b1f4658-7093102","Axelar Network (GMP)","https://api.axelarscan.io (public GMP Explorer API)"
"immutable : 0x4f49B53928A71E553bB1B0F66a5BcB54Fd4E8932","Ethereum : 0x4f49B53928A71E553bB1B0F66a5BcB54Fd4E8932","immutable","Ethereum","0x4f49B53928A71E553bB1B0F66a5BcB54Fd4E8932","0x4f49B53928A71E553bB1B0F66a5BcB54Fd4E8932","2026-08-30T12:58:17Z","2026-08-30T12:58:17Z","2026-08-30T12:59:23Z","66","00:01:06",,,,"Not Refunded","executed","received","False","True","0xc1d2ebd12684b00b8413de291b52c3156f240bc817d22a091e05a4e99d794408","0xc1d2ebd12684b00b8413de291b52c3156f240bc817d22a091e05a4e99d794408-2","Axelar Network (GMP)","https://api.axelarscan.io (public GMP Explorer API)"
"ethereum : 0x4f49B53928A71E553bB1B0F66a5BcB54Fd4E8932","immutable : 0x4f49B53928A71E553bB1B0F66a5BcB54Fd4E8932","ethereum","immutable","0x4f49B53928A71E553bB1B0F66a5BcB54Fd4E8932","0x4f49B53928A71E553bB1B0F66a5BcB54Fd4E8932","2026-08-30T12:55:35Z","2026-08-30T12:55:35Z","2026-08-30T13:11:59Z","984","00:16:24",,,,"Not Refunded","executed","received","False","True","0x622526f7bed43be49f905d26159f2a6c95c9a5e762ddb80413e0ad162ae6fa41","0x622526f7bed43be49f905d26159f2a6c95c9a5e762ddb80413e0ad162ae6fa41-1","Axelar Network (GMP)","https://api.axelarscan.io (public GMP Explorer API)"
"ethereum : 0x4f49B53928A71E553bB1B0F66a5BcB54Fd4E8932","immutable : 0x4f49B53928A71E553bB1B0F66a5BcB54Fd4E8932","ethereum","immutable","0x4f49B53928A71E553bB1B0F66a5BcB54Fd4E8932","0x4f49B53928A71E553bB1B0F66a5BcB54Fd4E8932","2026-08-30T12:53:23Z","2026-08-30T12:53:23Z","2026-08-30T13:11:51Z","1108","00:18:28",,,,"Not Refunded","executed","received","False","True","0x3948bfea068cc08222de3513584a79e0d717b00fa3ad9b5d096826b5a1206d08","0x3948bfea068cc08222de3513584a79e0d717b00fa3ad9b5d096826b5a1206d08-1","Axelar Network (GMP)","https://api.axelarscan.io (public GMP Explorer API)"
"arbitrum : 0xB5FB4BE02232B1bBA4dC8f81dc24C26980dE9e3C","axelar : axelar1aqcj54lzz0rk22gvqgcn8fr5tx4rzwdv5wv5j9dmnacgefvd7wzsy2j2mr","arbitrum","axelar","0xB5FB4BE02232B1bBA4dC8f81dc24C26980dE9e3C","axelar1aqcj54lzz0rk22gvqgcn8fr5tx4rzwdv5wv5j9dmnacgefvd7wzsy2j2mr","2026-08-30T12:53:20Z","2026-08-30T12:53:20Z","2026-08-30T13:13:03Z","1183","00:19:43","54443.91336016907","ATH","273.84526205378","Not Refunded","executed","received","False","True","0xe6a31e54a75cb5ff98fccd7688b9ef89174e57ec879283c1b44b317e93279867","0xe6a31e54a75cb5ff98fccd7688b9ef89174e57ec879283c1b44b317e93279867-6","Axelar Network (GMP)","https://api.axelarscan.io (public GMP Explorer API)"
"ethereum : 0x4f49B53928A71E553bB1B0F66a5BcB54Fd4E8932","immutable : 0x4f49B53928A71E553bB1B0F66a5BcB54Fd4E8932","ethereum","immutable","0x4f49B53928A71E553bB1B0F66a5BcB54Fd4E8932","0x4f49B53928A71E553bB1B0F66a5BcB54Fd4E8932","2026-08-30T12:48:59Z","2026-08-30T12:48:59Z","2026-08-30T13:05:45Z","1006","00:16:46",,,,"Not Refunded","executed","received","False","True","0x012519684fe429e2b14a8f007fd0b4ef858bf1aaae82afe685c04251e698621d","0x012519684fe429e2b14a8f007fd0b4ef858bf1aaae82afe685c04251e698621d-5","Axelar Network (GMP)","https://api.axelarscan.io (public GMP Explorer API)"
"agoric : agoric1tsfn42ankgqa6wsz4feeufyjw7uq5lyf95m0swvj9ny08z73vvcs5gwlle","Ethereum : 0xe088e826010ae58fe575b32c77c4fb63d6fda19c","agoric","Ethereum","agoric1tsfn42ankgqa6wsz4feeufyjw7uq5lyf95m0swvj9ny08z73vvcs5gwlle","0xe088e826010ae58fe575b32c77c4fb63d6fda19c","2026-08-30T12:46:28Z","2026-08-30T12:46:28Z","2026-08-30T12:47:35Z","67","00:01:07",,,,"Not Refunded","executed","received","False","False","","0x231c3ba72daa8052af065f01bcc5d130e0b037aaa69b98a14d35b0bcd82444d1-7093044","Axelar Network (GMP)","https://api.axelarscan.io (public GMP Explorer API)"
"immutable : 0xce16F69375520ab01377ce7B88f5BA8C48F8D666","base : 0xce16F69375520ab01377ce7B88f5BA8C48F8D666","immutable","base","0xce16F69375520ab01377ce7B88f5BA8C48F8D666","0xce16F69375520ab01377ce7B88f5BA8C48F8D666","2026-08-30T12:42:03Z","2026-08-30T12:42:03Z","2026-08-30T12:42:55Z","52","00:00:52","24.500128","axlUSDC","24.4982904904","Not Refunded","executed","received","False","True","0x5bfe014cba5c8a861f618a1942b70d8b7bbfd4f517bd611cb575aa2de680a50e","0x5bfe014cba5c8a861f618a1942b70d8b7bbfd4f517bd611cb575aa2de680a50e-16","Axelar Network (GMP)","https://api.axelarscan.io (public GMP Explorer API)"
"immutable : 0xce16F69375520ab01377ce7B88f5BA8C48F8D666","optimism : 0xce16F69375520ab01377ce7B88f5BA8C48F8D666","immutable","optimism","0xce16F69375520ab01377ce7B88f5BA8C48F8D666","0xce16F69375520ab01377ce7B88f5BA8C48F8D666","2026-08-30T12:41:55Z","2026-08-30T12:41:55Z","2026-08-30T12:42:43Z","48","00:00:48","13.410533","axlUSDC","13.409527210024999","Not Refunded","executed","received","False","True","0x3c188b2b71b834f1e3ef169f6be85e899050b3c5ea87cf870da50447d34a6576","0x3c188b2b71b834f1e3ef169f6be85e899050b3c5ea87cf870da50447d34a6576-16","Axelar Network (GMP)","https://api.axelarscan.io (public GMP Explorer API)"
"base : 0xce16F69375520ab01377ce7B88f5BA8C48F8D666","immutable : 0xce16F69375520ab01377ce7B88f5BA8C48F8D666","base","immutable","0xce16F69375520ab01377ce7B88f5BA8C48F8D666","0xce16F69375520ab01377ce7B88f5BA8C48F8D666","2026-08-30T12:40:13Z","2026-08-30T12:40:13Z","2026-08-30T13:06:29Z","1576","00:26:16","0.245845","axlUSDC","0.245826561625","Not Refunded","executed","received","False","True","0xdd1b562ad2048759a9b9138524e53952d4a3fac7d1d93fa2546cbc31357cde46","0xdd1b562ad2048759a9b9138524e53952d4a3fac7d1d93fa2546cbc31357cde46-11","Axelar Network (GMP)","https://api.axelarscan.io (public GMP Explorer API)"
"ethereum : 0x50beAbe4883981624aEa01F737B040d1e3Fe83FB","monad : 0x50beAbe4883981624aEa01F737B040d1e3Fe83FB","ethereum","monad","0x50beAbe4883981624aEa01F737B040d1e3Fe83FB","0x50beAbe4883981624aEa01F737B040d1e3Fe83FB","2026-08-30T12:37:35Z","2026-08-30T12:37:35Z","2026-08-30T12:52:50Z","915","00:15:15",,,,"Not Refunded","executed","received","False","True","0xe28446e7e7b9345e043ddd1e05a577f03604aa2aa06c686133bca2d0ba3a934d","0xe28446e7e7b9345e043ddd1e05a577f03604aa2aa06c686133bca2d0ba3a934d-6","Axelar Network (GMP)","https://api.axelarscan.io (public GMP Explorer API)"
"optimism : 0xB5FB4BE02232B1bBA4dC8f81dc24C26980dE9e3C","axelar : axelar1aqcj54lzz0rk22gvqgcn8fr5tx4rzwdv5wv5j9dmnacgefvd7wzsy2j2mr","optimism","axelar","0xB5FB4BE02232B1bBA4dC8f81dc24C26980dE9e3C","axelar1aqcj54lzz0rk22gvqgcn8fr5tx4rzwdv5wv5j9dmnacgefvd7wzsy2j2mr","2026-08-30T12:37:33Z","2026-08-30T12:37:33Z","2026-08-30T13:05:46Z","1693","00:28:13","899.5865388355497","FNX",,"Not Refunded","executed","received","False","True","0xde7ed3b66930aeed7af7f10cbad14f7f9f07033c81447c09e5465c869b770d0f","0xde7ed3b66930aeed7af7f10cbad14f7f9f07033c81447c09e5465c869b770d0f-3","Axelar Network (GMP)","https://api.axelarscan.io (public GMP Explorer API)"
"osmosis : osmo1n6ney9tsf55etz9nrmzyd8wa7e64qd3s06a74fqs30ka8pps6cvqtsycr6","base : 0xce16F69375520ab01377ce7B88f5BA8C48F8D666","osmosis","base","osmo1n6ney9tsf55etz9nrmzyd8wa7e64qd3s06a74fqs30ka8pps6cvqtsycr6","0xce16F69375520ab01377ce7B88f5BA8C48F8D666","2026-08-30T12:35:58Z","2026-08-30T12:35:58Z","2026-08-30T12:36:49Z","51","00:00:51","8.756277","axlUSDC","8.755637791779002","Pending Refund","executed","received","False","True","F1ADE062130BBE77C2561CE5EDB8914B36B3D872AEEFF9D9FC6300C2316A4A2C","0x1257645e192df4104cc61a0cc419f8b01c5b691aa6b0fd4f3736908cd50da888-7093043","Axelar Network (GMP)","https://api.axelarscan.io (public GMP Explorer API)"
"osmosis : osmo1n6ney9tsf55etz9nrmzyd8wa7e64qd3s06a74fqs30ka8pps6cvqtsycr6","Ethereum : 0xce16F69375520ab01377ce7B88f5BA8C48F8D666","osmosis","Ethereum","osmo1n6ney9tsf55etz9nrmzyd8wa7e64qd3s06a74fqs30ka8pps6cvqtsycr6","0xce16F69375520ab01377ce7B88f5BA8C48F8D666","2026-08-30T12:35:49Z","2026-08-30T12:35:49Z","2026-08-30T12:37:11Z","82","00:01:22","261.92327","axlUSDC","261.90414960129","Pending Refund","executed","received","False","True","9594CAE0A7DE3DFA6248E04DB8F7A3CBF3A7384CF6BFF278EB49B66DDF3337F6","0xa2c540fccf50d3d5d98620f86ce49c3cbef735fb88f64ac00a0f7aee07b288f6-7093042","Axelar Network (GMP)","https://api.axelarscan.io (public GMP Explorer API)"
"ethereum : 0xce16F69375520ab01377ce7B88f5BA8C48F8D666","binance : 0xce16F69375520ab01377ce7B88f5BA8C48F8D666","ethereum","binance","0xce16F69375520ab01377ce7B88f5BA8C48F8D666","0xce16F69375520ab01377ce7B88f5BA8C48F8D666","2026-08-30T12:35:47Z","2026-08-30T12:35:47Z","2026-08-30T12:52:44Z","1017","00:16:57","214.940531","USDC","214.924840341237","Not Refunded","executed","received","False","True","0xdbd448d9ad70aa442a47578fe33d1ce37cbe6c3fc1a1e52413af577ed3163737","0xdbd448d9ad70aa442a47578fe33d1ce37cbe6c3fc1a1e52413af577ed3163737-8","Axelar Network (GMP)","https://api.axelarscan.io (public GMP Explorer API)"
"axelar : axelar1aqcj54lzz0rk22gvqgcn8fr5tx4rzwdv5wv5j9dmnacgefvd7wzsy2j2mr","ethereum : 0xB5FB4BE02232B1bBA4dC8f81dc24C26980dE9e3C","axelar","ethereum","axelar1aqcj54lzz0rk22gvqgcn8fr5tx4rzwdv5wv5j9dmnacgefvd7wzsy2j2mr","0xB5FB4BE02232B1bBA4dC8f81dc24C26980dE9e3C","2026-08-30T12:34:45Z","2026-08-30T12:34:45Z","2026-08-30T12:36:11Z","86","00:01:26","8973747570.548374","MANYU","0","Pending Refund","executed","received","False","False","84FA95AD7B41BF12322E128B1053631ED833E2C064670894E9E8A6E8B1BD0BCE","0x84fa95ad7b41bf12322e128b1053631ed833e2c064670894e9e8a6e8b1bd0bce-7093041","Axelar Network (GMP)","https://api.axelarscan.io (public GMP Explorer API)"
"axelar : axelar1aqcj54lzz0rk22gvqgcn8fr5tx4rzwdv5wv5j9dmnacgefvd7wzsy2j2mr","ethereum : 0xB5FB4BE02232B1bBA4dC8f81dc24C26980dE9e3C","axelar","ethereum","axelar1aqcj54lzz0rk22gvqgcn8fr5tx4rzwdv5wv5j9dmnacgefvd7wzsy2j2mr","0xB5FB4BE02232B1bBA4dC8f81dc24C26980dE9e3C","2026-08-30T12:34:38Z","2026-08-30T12:34:38Z","2026-08-30T12:36:11Z","93","00:01:33","36796473222.084465","MANYU","0","Pending Refund","executed","received","False","False","16CFEF4B978C789FB5163B52FA37E2CC7F5F608661E6F17726130255FECB7970","0x16cfef4b978c789fb5163b52fa37e2cc7f5f608661e6f17726130255fecb7970-7093035","Axelar Network (GMP)","https://api.axelarscan.io (public GMP Explorer API)"
"base : 0xB5FB4BE02232B1bBA4dC8f81dc24C26980dE9e3C","axelar : axelar1aqcj54lzz0rk22gvqgcn8fr5tx4rzwdv5wv5j9dmnacgefvd7wzsy2j2mr","base","axelar","0xB5FB4BE02232B1bBA4dC8f81dc24C26980dE9e3C","axelar1aqcj54lzz0rk22gvqgcn8fr5tx4rzwdv5wv5j9dmnacgefvd7wzsy2j2mr","2026-08-30T12:34:31Z","2026-08-30T12:34:31Z","2026-08-30T12:59:47Z","1516","00:25:16","10036505799.64659","MANYU","53.10315218593011","Not Refunded","executed","received","False","True","0x174cc30273a272298e579b89693e1c3bec01b832c0c7441c2435ac94d4ca8171","0x174cc30273a272298e579b89693e1c3bec01b832c0c7441c2435ac94d4ca8171-3","Axelar Network (GMP)","https://api.axelarscan.io (public GMP Explorer API)"
"binance : 0xB5FB4BE02232B1bBA4dC8f81dc24C26980dE9e3C","axelar : axelar1aqcj54lzz0rk22gvqgcn8fr5tx4rzwdv5wv5j9dmnacgefvd7wzsy2j2mr","binance","axelar","0xB5FB4BE02232B1bBA4dC8f81dc24C26980dE9e3C","axelar1aqcj54lzz0rk22gvqgcn8fr5tx4rzwdv5wv5j9dmnacgefvd7wzsy2j2mr","2026-08-30T12:34:30Z","2026-08-30T12:34:30Z","2026-08-30T12:34:45Z","15","00:00:15","8973747570.548374","MANYU","47.48009839577145","Not Refunded","executed","received","False","True","0x9061ad0a321073b6deafa1a93a70f5c60c8c9b2ed1a6ff699ba4b0cdad41065b","0x9061ad0a321073b6deafa1a93a70f5c60c8c9b2ed1a6ff699ba4b0cdad41065b-3","Axelar Network (GMP)","https://api.axelarscan.io (public GMP Explorer API)"
"binance : 0xB5FB4BE02232B1bBA4dC8f81dc24C26980dE9e3C","axelar : axelar1aqcj54lzz0rk22gvqgcn8fr5tx4rzwdv5wv5j9dmnacgefvd7wzsy2j2mr","binance","axelar","0xB5FB4BE02232B1bBA4dC8f81dc24C26980dE9e3C","axelar1aqcj54lzz0rk22gvqgcn8fr5tx4rzwdv5wv5j9dmnacgefvd7wzsy2j2mr","2026-08-30T12:34:24Z","2026-08-30T12:34:24Z","2026-08-30T12:34:38Z","14","00:00:14","36796473222.084465","MANYU","194.69013981804892","Not Refunded","executed","received","False","True","0x35bcab874373b0d5230e3c9a1aed647d7c4bf100975aaaf04846d4a1ccc6648a","0x35bcab874373b0d5230e3c9a1aed647d7c4bf100975aaaf04846d4a1ccc6648a-7","Axelar Network (GMP)","https://api.axelarscan.io (public GMP Explorer API)"
"arbitrum : 0xce16F69375520ab01377ce7B88f5BA8C48F8D666","immutable : 0xce16F69375520ab01377ce7B88f5BA8C48F8D666","arbitrum","immutable","0xce16F69375520ab01377ce7B88f5BA8C48F8D666","0xce16F69375520ab01377ce7B88f5BA8C48F8D666","2026-08-30T12:33:01Z","2026-08-30T12:33:01Z","2026-08-30T12:54:11Z","1270","00:21:10","0.123146","axlUSDC","0.123132084502","Not Refunded","executed","received","False","True","0x8827ccb50d923c681f30d98462b26e380a22d3aff71d226d024c1812b2876eb3","0x8827ccb50d923c681f30d98462b26e380a22d3aff71d226d024c1812b2876eb3-12","Axelar Network (GMP)","https://api.axelarscan.io (public GMP Explorer API)"
"base : 0xce16F69375520ab01377ce7B88f5BA8C48F8D666","osmosis : osmo1n6ney9tsf55etz9nrmzyd8wa7e64qd3s06a74fqs30ka8pps6cvqtsycr6","base","osmosis","0xce16F69375520ab01377ce7B88f5BA8C48F8D666","osmo1n6ney9tsf55etz9nrmzyd8wa7e64qd3s06a74fqs30ka8pps6cvqtsycr6","2026-08-30T12:28:45Z","2026-08-30T12:28:45Z","2026-08-30T12:53:20Z","1475","00:24:35","4.901142","axlUSDC","4.900754809782","Not Refunded","executed","received","False","True","0x842aa26e5346f68ef70f527d77640ce1fc5c025c9b328b5f79a1e08431682541","0x842aa26e5346f68ef70f527d77640ce1fc5c025c9b328b5f79a1e08431682541-12","Axelar Network (GMP)","https://api.axelarscan.io (public GMP Explorer API)"
"axelar : axelar1aqcj54lzz0rk22gvqgcn8fr5tx4rzwdv5wv5j9dmnacgefvd7wzsy2j2mr","ethereum : 0xB5FB4BE02232B1bBA4dC8f81dc24C26980dE9e3C","axelar","ethereum","axelar1aqcj54lzz0rk22gvqgcn8fr5tx4rzwdv5wv5j9dmnacgefvd7wzsy2j2mr","0xB5FB4BE02232B1bBA4dC8f81dc24C26980dE9e3C","2026-08-30T12:27:56Z","2026-08-30T12:27:56Z","2026-08-30T12:29:23Z","87","00:01:27","199010.89397049855","ATH","0","Pending Refund","executed","received","False","False","8F671CDEE9C9ED36E597EE51621DEF3032D4F07EDD2AA0726F3B74AE7DF3033B","0x8f671cdee9c9ed36e597ee51621def3032d4f07edd2aa0726f3b74ae7df3033b-7093029","Axelar Network (GMP)","https://api.axelarscan.io (public GMP Explorer API)"
"agoric : agoric1tsfn42ankgqa6wsz4feeufyjw7uq5lyf95m0swvj9ny08z73vvcs5gwlle","arbitrum : 0xef66c4f8d94a5496a92879098b06bcd7427c4232","agoric","arbitrum","agoric1tsfn42ankgqa6wsz4feeufyjw7uq5lyf95m0swvj9ny08z73vvcs5gwlle","0xef66c4f8d94a5496a92879098b06bcd7427c4232","2026-08-30T12:26:53Z","2026-08-30T12:26:53Z","2026-08-30T12:27:39Z","46","00:00:46",,,,"Not Refunded","executed","received","False","False","","0xdf3a0b86146318038ea931b8501621db8bd9f7d76d05c5710f39e887277f0431-7093023","Axelar Network (GMP)","https://api.axelarscan.io (public GMP Explorer API)"
"base : 0xce16F69375520ab01377ce7B88f5BA8C48F8D666","Arbitrum : 0xce16F69375520ab01377ce7B88f5BA8C48F8D666","base","Arbitrum","0xce16F69375520ab01377ce7B88f5BA8C48F8D666","0xce16F69375520ab01377ce7B88f5BA8C48F8D666","2026-08-30T12:26:33Z","2026-08-30T12:26:33Z","2026-08-30T12:53:39Z","1626","00:27:06","55.948714","axlUSDC","55.944294051594","Not Refunded","executed","received","False","True","0x4fe2777b7f76fc8aabcb5dcff6b87b77bba2a8a45d62a4f1b89d653fb289538a","0x4fe2777b7f76fc8aabcb5dcff6b87b77bba2a8a45d62a4f1b89d653fb289538a-10","Axelar Network (GMP)","https://api.axelarscan.io (public GMP Explorer API)"
"agoric : agoric1tsfn42ankgqa6wsz4feeufyjw7uq5lyf95m0swvj9ny08z73vvcs5gwlle","arbitrum : 0xef66c4f8d94a5496a92879098b06bcd7427c4232","agoric","arbitrum","agoric1tsfn42ankgqa6wsz4feeufyjw7uq5lyf95m0swvj9ny08z73vvcs5gwlle","0xef66c4f8d94a5496a92879098b06bcd7427c4232","2026-08-30T12:25:50Z","2026-08-30T12:25:50Z","2026-08-30T12:26:39Z","49","00:00:49",,,,"Not Refunded","executed","received","False","False","","0x7096cf9b70cd32ef1920e1e724bb54dcc918acfbfd5484f2780926584d417c95-7093022","Axelar Network (GMP)","https://api.axelarscan.io (public GMP Explorer API)"
"avalanche : 0x77Accd23cC3Ccc5E36a543CEdcD03764BF6AD401","base : 0x77Accd23cC3Ccc5E36a543CEdcD03764BF6AD401","avalanche","base","0x77Accd23cC3Ccc5E36a543CEdcD03764BF6AD401","0x77Accd23cC3Ccc5E36a543CEdcD03764BF6AD401","2026-08-30T12:21:34Z","2026-08-30T12:21:34Z","2026-08-30T12:22:25Z","51","00:00:51","0.00001","axlUSDC","0.00000999894","Not Refunded","executed","received","False","True","0x602ae5042c4fdd45effc71de719176a4d8f8605572ab4e9631d41992dfe3d027","0x602ae5042c4fdd45effc71de719176a4d8f8605572ab4e9631d41992dfe3d027-5","Axelar Network (GMP)","https://api.axelarscan.io (public GMP Explorer API)"
"binance : 0x43d090025aAA6C8693B71952B910AC55CcB56bBb","osmosis : osmo10a3k4hvk37cc4hnxctw4p95fhscd2z6h2rmx0aukc6rm8u9qqx9smfsh7u","binance","osmosis","0x43d090025aAA6C8693B71952B910AC55CcB56bBb","osmo10a3k4hvk37cc4hnxctw4p95fhscd2z6h2rmx0aukc6rm8u9qqx9smfsh7u","2026-08-30T12:15:20Z","2026-08-30T12:15:20Z","2026-08-30T12:15:37Z","17","00:00:17","0.023159414260086","WBNB","16.064064513223453","Not Refunded","executed","received","False","True","0x889b20972e36a75c917e7a063d735d630c9b367ef709571c33a8a5979f1f874a","0x889b20972e36a75c917e7a063d735d630c9b367ef709571c33a8a5979f1f874a-3","Axelar Network (GMP)","https://api.axelarscan.io (public GMP Explorer API)"
"binance : 0xce16F69375520ab01377ce7B88f5BA8C48F8D666","immutable : 0xce16F69375520ab01377ce7B88f5BA8C48F8D666","binance","immutable","0xce16F69375520ab01377ce7B88f5BA8C48F8D666","0xce16F69375520ab01377ce7B88f5BA8C48F8D666","2026-08-30T12:12:56Z","2026-08-30T12:12:56Z","2026-08-30T12:13:35Z","39","00:00:39","66.74816","axlUSDC","66.74208591744001","Not Refunded","executed","received","False","True","0x0a885d773ebfd9f4f2700f0a463e448d990695026a69926da20d4d5624d8c8c3","0x0a885d773ebfd9f4f2700f0a463e448d990695026a69926da20d4d5624d8c8c3-13","Axelar Network (GMP)","https://api.axelarscan.io (public GMP Explorer API)"
"fraxtal : 0xDC3D8e1Abe590BCa428a8a2FC4CfDbD1AcF57Bd9","Arbitrum : 0xce16F69375520ab01377ce7B88f5BA8C48F8D666","fraxtal","Arbitrum","0xDC3D8e1Abe590BCa428a8a2FC4CfDbD1AcF57Bd9","0xce16F69375520ab01377ce7B88f5BA8C48F8D666","2026-08-30T12:07:41Z","2026-08-30T12:07:41Z","2026-08-30T12:40:09Z","1948","00:32:28","9.481774","axlUSDC","9.48068359599","Not Refunded","executed","received","False","True","0xe15e6c2dc76030318ef28a5c3e5cdc0e0c4961c7d38b4eccc63b3c2e90434bb6","0xe15e6c2dc76030318ef28a5c3e5cdc0e0c4961c7d38b4eccc63b3c2e90434bb6-9","Axelar Network (GMP)","https://api.axelarscan.io (public GMP Explorer API)"
"arbitrum : 0xB5FB4BE02232B1bBA4dC8f81dc24C26980dE9e3C","axelar : axelar1aqcj54lzz0rk22gvqgcn8fr5tx4rzwdv5wv5j9dmnacgefvd7wzsy2j2mr","arbitrum","axelar","0xB5FB4BE02232B1bBA4dC8f81dc24C26980dE9e3C","axelar1aqcj54lzz0rk22gvqgcn8fr5tx4rzwdv5wv5j9dmnacgefvd7wzsy2j2mr","2026-08-30T12:07:03Z","2026-08-30T12:07:03Z","2026-08-30T12:27:56Z","1253","00:20:53","199010.89397049855","ATH","999.4864424612157","Not Refunded","executed","received","False","True","0xe4e99389a6262058d0028c85c70ed4cb1dfded6abed6d137043e7c1f4ff2fb17","0xe4e99389a6262058d0028c85c70ed4cb1dfded6abed6d137043e7c1f4ff2fb17-3","Axelar Network (GMP)","https://api.axelarscan.io (public GMP Explorer API)"
"ethereum : 0x4f49B53928A71E553bB1B0F66a5BcB54Fd4E8932","immutable : 0x4f49B53928A71E553bB1B0F66a5BcB54Fd4E8932","ethereum","immutable","0x4f49B53928A71E553bB1B0F66a5BcB54Fd4E8932","0x4f49B53928A71E553bB1B0F66a5BcB54Fd4E8932","2026-08-30T12:05:11Z","2026-08-30T12:05:11Z","2026-08-30T12:21:05Z","954","00:15:54",,,,"Not Refunded","executed","received","False","True","0xaa310d16650eb2b2d20c69511ca6378e1d8ec28c080866d6022b206cde2d4511","0xaa310d16650eb2b2d20c69511ca6378e1d8ec28c080866d6022b206cde2d4511-1","Axelar Network (GMP)","https://api.axelarscan.io (public GMP Explorer API)"
"base : 0xce16F69375520ab01377ce7B88f5BA8C48F8D666","osmosis : osmo1n6ney9tsf55etz9nrmzyd8wa7e64qd3s06a74fqs30ka8pps6cvqtsycr6","base","osmosis","0xce16F69375520ab01377ce7B88f5BA8C48F8D666","osmo1n6ney9tsf55etz9nrmzyd8wa7e64qd3s06a74fqs30ka8pps6cvqtsycr6","2026-08-30T12:02:35Z","2026-08-30T12:02:35Z","2026-08-30T12:27:36Z","1501","00:25:01","0.733171","axlUSDC","0.7330925507030001","Not Refunded","executed","received","False","True","0x0cc814e711281a4fe98b7d6b784ffc099812d9591d1a09c036b843fc8001be96","0x0cc814e711281a4fe98b7d6b784ffc099812d9591d1a09c036b843fc8001be96-12","Axelar Network (GMP)","https://api.axelarscan.io (public GMP Explorer API)"
"immutable : 0x4f49B53928A71E553bB1B0F66a5BcB54Fd4E8932","Ethereum : 0x4f49B53928A71E553bB1B0F66a5BcB54Fd4E8932","immutable","Ethereum","0x4f49B53928A71E553bB1B0F66a5BcB54Fd4E8932","0x4f49B53928A71E553bB1B0F66a5BcB54Fd4E8932","2026-08-30T12:01:51Z","2026-08-30T12:01:51Z","2026-08-30T12:03:11Z","80","00:01:20",,,,"Not Refunded","executed","received","False","True","0x8215ee6f5a6b5d274de31e09da5b4e17b16314d2601f9d59da9c1854fa731d54","0x8215ee6f5a6b5d274de31e09da5b4e17b16314d2601f9d59da9c1854fa731d54-2","Axelar Network (GMP)","https://api.axelarscan.io (public GMP Explorer API)"
"osmosis : osmo1n6ney9tsf55etz9nrmzyd8wa7e64qd3s06a74fqs30ka8pps6cvqtsycr6","base : 0xce16F69375520ab01377ce7B88f5BA8C48F8D666","osmosis","base","osmo1n6ney9tsf55etz9nrmzyd8wa7e64qd3s06a74fqs30ka8pps6cvqtsycr6","0xce16F69375520ab01377ce7B88f5BA8C48F8D666","2026-08-30T11:56:16Z","2026-08-30T11:56:16Z","2026-08-30T11:57:19Z","63","00:01:03","2.94857","axlUSDC","2.94826924586","Pending Refund","executed","received","False","True","0B63D3E15BA0FE33E75F8520F7F0A3BBB1AFB015B17B2498674C2657E76CA4D5","0xa01e831eb9d989baebcc58b754d23aa0b97df5fc060427a8add0f33634c0cad2-7093021","Axelar Network (GMP)","https://api.axelarscan.io (public GMP Explorer API)"
"axelar : axelar1aqcj54lzz0rk22gvqgcn8fr5tx4rzwdv5wv5j9dmnacgefvd7wzsy2j2mr","ethereum : 0xB5FB4BE02232B1bBA4dC8f81dc24C26980dE9e3C","axelar","ethereum","axelar1aqcj54lzz0rk22gvqgcn8fr5tx4rzwdv5wv5j9dmnacgefvd7wzsy2j2mr","0xB5FB4BE02232B1bBA4dC8f81dc24C26980dE9e3C","2026-08-30T11:55:41Z","2026-08-30T11:55:41Z","2026-08-30T11:57:11Z","90","00:01:30","54948.38448216479","ATH","0","Pending Refund","executed","received","False","False","3A3997176D31310E61ED40BE097282452B5C24A63F4699990871A6475DEAA23B","0x3a3997176d31310e61ed40be097282452b5c24a63f4699990871a6475deaa23b-7093020","Axelar Network (GMP)","https://api.axelarscan.io (public GMP Explorer API)"
"osmosis : osmo173adwu8q6xfww53rhwtlxhjyafav74k6qsu9a7","binance : 0x43d090025aAA6C8693B71952B910AC55CcB56bBb","osmosis","binance","osmo173adwu8q6xfww53rhwtlxhjyafav74k6qsu9a7","0x43d090025aAA6C8693B71952B910AC55CcB56bBb","2026-08-30T11:54:34Z","2026-08-30T11:54:34Z","2026-08-30T11:54:59Z","25","00:00:25","5132.195464","AXL","214.4624904251289","Pending Refund","executed","received","False","True","50BC1F1E5377B934A74F7FA83EB3F4D06783B48B79BB0797579D5956A4C64D56","0xed1e6842648e7922d410f77586a4e1a60ae16a44b8bacd8d170c16d18addfbcd-7093014","Axelar Network (GMP)","https://api.axelarscan.io (public GMP Explorer API)"
"optimism : 0xce16F69375520ab01377ce7B88f5BA8C48F8D666","osmosis : osmo1n6ney9tsf55etz9nrmzyd8wa7e64qd3s06a74fqs30ka8pps6cvqtsycr6","optimism","osmosis","0xce16F69375520ab01377ce7B88f5BA8C48F8D666","osmo1n6ney9tsf55etz9nrmzyd8wa7e64qd3s06a74fqs30ka8pps6cvqtsycr6","2026-08-30T11:53:39Z","2026-08-30T11:53:39Z","2026-08-30T12:20:40Z","1621","00:27:01","2.627088","axlUSDC","2.626833172464","Not Refunded","executed","received","False","True","0xea97b1747abd1907fafc1b9da017db25ae55ad64420a467274ba49b8e5bf1dff","0xea97b1747abd1907fafc1b9da017db25ae55ad64420a467274ba49b8e5bf1dff-13","Axelar Network (GMP)","https://api.axelarscan.io (public GMP Explorer API)"
"polygon : 0xce16F69375520ab01377ce7B88f5BA8C48F8D666","base : 0xce16F69375520ab01377ce7B88f5BA8C48F8D666","polygon","base","0xce16F69375520ab01377ce7B88f5BA8C48F8D666","0xce16F69375520ab01377ce7B88f5BA8C48F8D666","2026-08-30T11:51:54Z","2026-08-30T11:51:54Z","2026-08-30T11:52:49Z","55","00:00:55","999.810527","axlUSDC","999.713545378881","Not Refunded","executed","received","False","True","0x1b7229e4eb4c20fc93d2b173599b6d93216cfd15d70ada730c2db2b0399a43c5","0x1b7229e4eb4c20fc93d2b173599b6d93216cfd15d70ada730c2db2b0399a43c5-15","Axelar Network (GMP)","https://api.axelarscan.io (public GMP Explorer API)"
"ethereum : 0xce16F69375520ab01377ce7B88f5BA8C48F8D666","osmosis : osmo1n6ney9tsf55etz9nrmzyd8wa7e64qd3s06a74fqs30ka8pps6cvqtsycr6","ethereum","osmosis","0xce16F69375520ab01377ce7B88f5BA8C48F8D666","osmo1n6ney9tsf55etz9nrmzyd8wa7e64qd3s06a74fqs30ka8pps6cvqtsycr6","2026-08-30T11:51:11Z","2026-08-30T11:51:11Z","2026-08-30T12:07:40Z","989","00:16:29","4.959768","USDC","4.959286902504","Not Refunded","executed","received","False","True","0x59fbf175e5a2e10a54e23ba5952fef3d2c659fe0babd821d1fa86a634afa46ad","0x59fbf175e5a2e10a54e23ba5952fef3d2c659fe0babd821d1fa86a634afa46ad-10","Axelar Network (GMP)","https://api.axelarscan.io (public GMP Explorer API)"
"arbitrum : 0xce16F69375520ab01377ce7B88f5BA8C48F8D666","Polygon : 0xce16F69375520ab01377ce7B88f5BA8C48F8D666","arbitrum","Polygon","0xce16F69375520ab01377ce7B88f5BA8C48F8D666","0xce16F69375520ab01377ce7B88f5BA8C48F8D666","2026-08-30T11:46:36Z","2026-08-30T11:46:36Z","2026-08-30T12:09:07Z","1351","00:22:31","690.581048","axlUSDC","690.516133381488","Not Refunded","executed","received","False","True","0x56db14c5abfb9dca64abbafa4d264a5e283f5dabd6cf5e1715956ab051662b2d","0x56db14c5abfb9dca64abbafa4d264a5e283f5dabd6cf5e1715956ab051662b2d-21","Axelar Network (GMP)","https://api.axelarscan.io (public GMP Explorer API)"
"arbitrum : 0xaD6Cea45f98444a922a2b4fE96b8C90F0862D2F4","Polygon : 0xce16F69375520ab01377ce7B88f5BA8C48F8D666","arbitrum","Polygon","0xaD6Cea45f98444a922a2b4fE96b8C90F0862D2F4","0xce16F69375520ab01377ce7B88f5BA8C48F8D666","2026-08-30T11:38:51Z","2026-08-30T11:38:51Z","2026-08-30T12:02:42Z","1431","00:23:51","163.628474","axlUSDC","163.61129301023","Not Refunded","executed","received","False","True","0xae5ba05a8142d042858a5dca6c5e682d3d82f76c5d297db7598f9b1c56f7144c","0xae5ba05a8142d042858a5dca6c5e682d3d82f76c5d297db7598f9b1c56f7144c-15","Axelar Network (GMP)","https://api.axelarscan.io (public GMP Explorer API)"
"arbitrum : 0xB5FB4BE02232B1bBA4dC8f81dc24C26980dE9e3C","axelar : axelar1aqcj54lzz0rk22gvqgcn8fr5tx4rzwdv5wv5j9dmnacgefvd7wzsy2j2mr","arbitrum","axelar","0xB5FB4BE02232B1bBA4dC8f81dc24C26980dE9e3C","axelar1aqcj54lzz0rk22gvqgcn8fr5tx4rzwdv5wv5j9dmnacgefvd7wzsy2j2mr","2026-08-30T11:31:56Z","2026-08-30T11:31:56Z","2026-08-30T11:55:41Z","1425","00:23:45","54948.38448216479","ATH","274.04462741174524","Not Refunded","executed","received","False","True","0x48528110b38c2d6d536f295a8ae221ac847db1b0abf3975bcb2f5cb04459df8d","0x48528110b38c2d6d536f295a8ae221ac847db1b0abf3975bcb2f5cb04459df8d-6","Axelar Network (GMP)","https://api.axelarscan.io (public GMP Explorer API)"
"osmosis : osmo1n6ney9tsf55etz9nrmzyd8wa7e64qd3s06a74fqs30ka8pps6cvqtsycr6","base : 0xce16F69375520ab01377ce7B88f5BA8C48F8D666","osmosis","base","osmo1n6ney9tsf55etz9nrmzyd8wa7e64qd3s06a74fqs30ka8pps6cvqtsycr6","0xce16F69375520ab01377ce7B88f5BA8C48F8D666","2026-08-30T11:31:05Z","2026-08-30T11:31:05Z","2026-08-30T11:31:49Z","44","00:00:44","12.412328","axlUSDC","12.410801283656001","Pending Refund","executed","received","False","True","","0x13e0010e8955bd2f218d8b8f600c1ba43fb0b088a54211e3c36ef01c906a2cfc-7092961","Axelar Network (GMP)","https://api.axelarscan.io (public GMP Explorer API)"
"ethereum : 0x50beAbe4883981624aEa01F737B040d1e3Fe83FB","monad : 0x50beAbe4883981624aEa01F737B040d1e3Fe83FB","ethereum","monad","0x50beAbe4883981624aEa01F737B040d1e3Fe83FB","0x50beAbe4883981624aEa01F737B040d1e3Fe83FB","2026-08-30T11:22:11Z","2026-08-30T11:22:11Z","2026-08-30T11:41:54Z","1183","00:19:43",,,,"Not Refunded","executed","received","False","True","0x3937b4e730be80610f7b50ed677eac9d782595fb71f1686e65bcc6c0841a29da","0x3937b4e730be80610f7b50ed677eac9d782595fb71f1686e65bcc6c0841a29da-6","Axelar Network (GMP)","https://api.axelarscan.io (public GMP Explorer API)"
"binance : 0xce16F69375520ab01377ce7B88f5BA8C48F8D666","osmosis : osmo1n6ney9tsf55etz9nrmzyd8wa7e64qd3s06a74fqs30ka8pps6cvqtsycr6","binance","osmosis","0xce16F69375520ab01377ce7B88f5BA8C48F8D666","osmo1n6ney9tsf55etz9nrmzyd8wa7e64qd3s06a74fqs30ka8pps6cvqtsycr6","2026-08-30T11:14:50Z","2026-08-30T11:14:50Z","2026-08-30T11:15:06Z","16","00:00:16","0.000493223911683626","WBNB","0.3412912179286019","Not Refunded","executed","received","False","True","0x4395c1e35881624a9b06c94473f52d90136edff1f4dca6133ba3f4953d9c3f14","0x4395c1e35881624a9b06c94473f52d90136edff1f4dca6133ba3f4953d9c3f14-4","Axelar Network (GMP)","https://api.axelarscan.io (public GMP Explorer API)"
"fraxtal : 0xDC3D8e1Abe590BCa428a8a2FC4CfDbD1AcF57Bd9","Arbitrum : 0xce16F69375520ab01377ce7B88f5BA8C48F8D666","fraxtal","Arbitrum","0xDC3D8e1Abe590BCa428a8a2FC4CfDbD1AcF57Bd9","0xce16F69375520ab01377ce7B88f5BA8C48F8D666","2026-08-30T11:14:13Z","2026-08-30T11:14:13Z","2026-08-30T11:42:39Z","1706","00:28:26","832.124754","axlUSDC","832.059016144434","Not Refunded","executed","received","False","True","0xb1fd66683a75de9ae8a27be98ff6101659fef53a977d4a8ceb879ea7d9e030c0","0xb1fd66683a75de9ae8a27be98ff6101659fef53a977d4a8ceb879ea7d9e030c0-9","Axelar Network (GMP)","https://api.axelarscan.io (public GMP Explorer API)"
"ethereum : 0xce16F69375520ab01377ce7B88f5BA8C48F8D666","binance : 0xce16F69375520ab01377ce7B88f5BA8C48F8D666","ethereum","binance","0xce16F69375520ab01377ce7B88f5BA8C48F8D666","0xce16F69375520ab01377ce7B88f5BA8C48F8D666","2026-08-30T11:13:59Z","2026-08-30T11:13:59Z","2026-08-30T11:29:38Z","939","00:15:39","116223.43798587","ORBS","706.1282820613317","Not Refunded","executed","received","False","True","0xb573bb2529c2a206f9dc0be7a29fd63f971c0773e960c0eb4bea1a80232a7738","0xb573bb2529c2a206f9dc0be7a29fd63f971c0773e960c0eb4bea1a80232a7738-3","Axelar Network (GMP)","https://api.axelarscan.io (public GMP Explorer API)"
"axelar : axelar1aqcj54lzz0rk22gvqgcn8fr5tx4rzwdv5wv5j9dmnacgefvd7wzsy2j2mr","optimism : 0xB5FB4BE02232B1bBA4dC8f81dc24C26980dE9e3C","axelar","optimism","axelar1aqcj54lzz0rk22gvqgcn8fr5tx4rzwdv5wv5j9dmnacgefvd7wzsy2j2mr","0xB5FB4BE02232B1bBA4dC8f81dc24C26980dE9e3C","2026-08-30T11:10:06Z","2026-08-30T11:10:06Z","2026-08-30T11:10:43Z","37","00:00:37","531998.4028674314","Speed",,"Not Refunded","executed","received","False","False","D24AE0573A225B1B295AD5D9BB4C8E634818CE8FE545BAEC423D6DFC00A7A99F","0xd24ae0573a225b1b295ad5d9bb4c8e634818ce8fe545baec423d6dfc00a7a99f-7092960","Axelar Network (GMP)","https://api.axelarscan.io (public GMP Explorer API)"
"osmosis : osmo1zf5rxstkuvr0wtqtx5unrlqawz90wcn3d045yg","Ethereum : 0xce16F69375520ab01377ce7B88f5BA8C48F8D666","osmosis","Ethereum","osmo1zf5rxstkuvr0wtqtx5unrlqawz90wcn3d045yg","0xce16F69375520ab01377ce7B88f5BA8C48F8D666","2026-08-30T11:05:33Z","2026-08-30T11:05:33Z","2026-08-30T11:07:23Z","110","00:01:50","0.02802598485074489","axlETH","68.89655881843467","Pending Refund","executed","received","False","True","CFB99CA3991A5414389BB660F155B8D2BEE3AC9C6D183D4E0CB8A2D1664C7CF8","0x8a9dc026f4f36aa301e2c2ab0cac47b606d9bd660e1bd86e83572d1a26e1eafe-7092954","Axelar Network (GMP)","https://api.axelarscan.io (public GMP Explorer API)"
"ethereum : 0xce16F69375520ab01377ce7B88f5BA8C48F8D666","kava : 0xce16F69375520ab01377ce7B88f5BA8C48F8D666","ethereum","kava","0xce16F69375520ab01377ce7B88f5BA8C48F8D666","0xce16F69375520ab01377ce7B88f5BA8C48F8D666","2026-08-30T11:01:47Z","2026-08-30T11:01:47Z","2026-08-30T11:17:21Z","934","00:15:34","299.680418592192","BUSD","299.25067687193075","Not Refunded","executed","received","False","True","0x345261ca776dfc1dc1487b1b77116ee665eefd01ae1e93c8719e953b3f42cea6","0x345261ca776dfc1dc1487b1b77116ee665eefd01ae1e93c8719e953b3f42cea6-3","Axelar Network (GMP)","https://api.axelarscan.io (public GMP Explorer API)"
"osmosis : osmo1m8wg4vxkefhs374qxmmqpyusgz289wmulex5qdwpfx7jnrxzer5s9cv83q","Ethereum : 0xB773bCc5B325ad9AC6B36e1A046AD4466833A16E","osmosis","Ethereum","osmo1m8wg4vxkefhs374qxmmqpyusgz289wmulex5qdwpfx7jnrxzer5s9cv83q","0xB773bCc5B325ad9AC6B36e1A046AD4466833A16E","2026-08-30T10:57:18Z","2026-08-30T10:57:18Z","2026-08-30T10:58:11Z","53","00:00:53","0.039278913990827474","axlETH","96.58763508172457","Pending Refund","executed","received","False","True","","0xbe7cdf75d9cdce5257452be36eea584a75b96de7554022cbe416e62ebebec08a-7092953","Axelar Network (GMP)","https://api.axelarscan.io (public GMP Explorer API)"
"osmosis : osmo1n6ney9tsf55etz9nrmzyd8wa7e64qd3s06a74fqs30ka8pps6cvqtsycr6","base : 0xce16F69375520ab01377ce7B88f5BA8C48F8D666","osmosis","base","osmo1n6ney9tsf55etz9nrmzyd8wa7e64qd3s06a74fqs30ka8pps6cvqtsycr6","0xce16F69375520ab01377ce7B88f5BA8C48F8D666","2026-08-30T10:56:59Z","2026-08-30T10:56:59Z","2026-08-30T10:57:49Z","50","00:00:50","148.077501","axlUSDC","148.068024039936","Pending Refund","executed","received","False","True","98B76931F8FAECC956A6BC63B03DA1EB92F35306DC4F11831D8A14834A6A395C","0x1c2cbe7b17a5ccd3cb63a20c89cae03cf6961cc526eff038c24a209eca34c5c0-7092952","Axelar Network (GMP)","https://api.axelarscan.io (public GMP Explorer API)"
"osmosis : osmo1n6ney9tsf55etz9nrmzyd8wa7e64qd3s06a74fqs30ka8pps6cvqtsycr6","Ethereum : 0xce16F69375520ab01377ce7B88f5BA8C48F8D666","osmosis","Ethereum","osmo1n6ney9tsf55etz9nrmzyd8wa7e64qd3s06a74fqs30ka8pps6cvqtsycr6","0xce16F69375520ab01377ce7B88f5BA8C48F8D666","2026-08-30T10:51:10Z","2026-08-30T10:51:10Z","2026-08-30T10:52:11Z","61","00:01:01","104.164185","axlUSDC","104.155956029385","Pending Refund","executed","received","False","True","59D7B21391654A52448B2E5BA98FFD55D0CA53DBC4F71A4F658C166FB78EC573","0x976c6f499c4c4029e809ddc0a666b54a402de0aae5dd2afad769190f02e41c7b-7092951","Axelar Network (GMP)","https://api.axelarscan.io (public GMP Explorer API)"
"ethereum : 0xce16F69375520ab01377ce7B88f5BA8C48F8D666","binance : 0xce16F69375520ab01377ce7B88f5BA8C48F8D666","ethereum","binance","0xce16F69375520ab01377ce7B88f5BA8C48F8D666","0xce16F69375520ab01377ce7B88f5BA8C48F8D666","2026-08-30T10:46:47Z","2026-08-30T10:46:47Z","2026-08-30T11:03:44Z","1017","00:16:57","15835.56477168","ORBS","96.43336372315655","Not Refunded","executed","received","False","True","0x4ecc5d4067b3be7114eefc8a02563691b2deb455dcd5d2743a112a50bb4e3b52","0x4ecc5d4067b3be7114eefc8a02563691b2deb455dcd5d2743a112a50bb4e3b52-3","Axelar Network (GMP)","https://api.axelarscan.io (public GMP Explorer API)"
"immutable : 0xce16F69375520ab01377ce7B88f5BA8C48F8D666","Arbitrum : 0xce16F69375520ab01377ce7B88f5BA8C48F8D666","immutable","Arbitrum","0xce16F69375520ab01377ce7B88f5BA8C48F8D666","0xce16F69375520ab01377ce7B88f5BA8C48F8D666","2026-08-30T10:46:39Z","2026-08-30T10:46:39Z","2026-08-30T10:47:39Z","60","00:01:00","4.264913","axlUSDC","4.2646229859160005","Not Refunded","executed","received","False","True","0x06cf88e781035916af0ab9fa6c7f93e2cecefaeedbf77d6c42644db22908d2a7","0x06cf88e781035916af0ab9fa6c7f93e2cecefaeedbf77d6c42644db22908d2a7-12","Axelar Network (GMP)","https://api.axelarscan.io (public GMP Explorer API)"
"osmosis : osmo1n6ney9tsf55etz9nrmzyd8wa7e64qd3s06a74fqs30ka8pps6cvqtsycr6","base : 0xce16F69375520ab01377ce7B88f5BA8C48F8D666","osmosis","base","osmo1n6ney9tsf55etz9nrmzyd8wa7e64qd3s06a74fqs30ka8pps6cvqtsycr6","0xce16F69375520ab01377ce7B88f5BA8C48F8D666","2026-08-30T10:45:24Z","2026-08-30T10:45:24Z","2026-08-30T10:46:25Z","61","00:01:01","24.006869","axlUSDC","24.005236532908","Pending Refund","executed","received","False","True","F24A2510DE4197A818BE6E007D5004432E79234B3D4B214A0EF0A2C48AE25727","0x21cd34a4b114720d329f4e5a3f1c6bb127e8cd788faf687a98cc6824b38af5bf-7092950","Axelar Network (GMP)","https://api.axelarscan.io (public GMP Explorer API)"
"ethereum : 0xB773bCc5B325ad9AC6B36e1A046AD4466833A16E","osmosis : osmo10a3k4hvk37cc4hnxctw4p95fhscd2z6h2rmx0aukc6rm8u9qqx9smfsh7u","ethereum","osmosis","0xB773bCc5B325ad9AC6B36e1A046AD4466833A16E","osmo10a3k4hvk37cc4hnxctw4p95fhscd2z6h2rmx0aukc6rm8u9qqx9smfsh7u","2026-08-30T10:45:11Z","2026-08-30T10:45:11Z","2026-08-30T11:03:22Z","1091","00:18:11","0.0036","WETH","8.841455999999999","Not Refunded","executed","received","False","True","0x710a74ed1f785acb39787c26c5244b2bc2e05b6c7931c42231a927123b8be195","0x710a74ed1f785acb39787c26c5244b2bc2e05b6c7931c42231a927123b8be195-3","Axelar Network (GMP)","https://api.axelarscan.io (public GMP Explorer API)"
"axelar : axelar1aqcj54lzz0rk22gvqgcn8fr5tx4rzwdv5wv5j9dmnacgefvd7wzsy2j2mr","xrpl-evm : 0xB5FB4BE02232B1bBA4dC8f81dc24C26980dE9e3C","axelar","xrpl-evm","axelar1aqcj54lzz0rk22gvqgcn8fr5tx4rzwdv5wv5j9dmnacgefvd7wzsy2j2mr","0xB5FB4BE02232B1bBA4dC8f81dc24C26980dE9e3C","2026-08-30T10:44:28Z","2026-08-30T10:44:28Z","2026-08-30T10:45:08Z","40","00:00:40","5","USDC","0","Pending Refund","executed","received","False","False","AC8AB23E5FB427604AE9C91E59A6E0DF0F830AF68BACC0A2910810AE8AC93E85","0xac8ab23e5fb427604ae9c91e59a6e0df0f830af68bacc0a2910810ae8ac93e85-7092896","Axelar Network (GMP)","https://api.axelarscan.io (public GMP Explorer API)"
"base : 0xB5FB4BE02232B1bBA4dC8f81dc24C26980dE9e3C","axelar : axelar1aqcj54lzz0rk22gvqgcn8fr5tx4rzwdv5wv5j9dmnacgefvd7wzsy2j2mr","base","axelar","0xB5FB4BE02232B1bBA4dC8f81dc24C26980dE9e3C","axelar1aqcj54lzz0rk22gvqgcn8fr5tx4rzwdv5wv5j9dmnacgefvd7wzsy2j2mr","2026-08-30T10:43:05Z","2026-08-30T10:43:05Z","2026-08-30T11:10:06Z","1621","00:27:01","531998.4028674314","Speed",,"Not Refunded","executed","received","False","True","0x1c8ac2e58e87f0d4dd16a5f796bd211dbdaf59c209d4f0cc309e392a70e37ce5","0x1c8ac2e58e87f0d4dd16a5f796bd211dbdaf59c209d4f0cc309e392a70e37ce5-7","Axelar Network (GMP)","https://api.axelarscan.io (public GMP Explorer API)"
"immutable : 0xce16F69375520ab01377ce7B88f5BA8C48F8D666","Polygon : 0xce16F69375520ab01377ce7B88f5BA8C48F8D666","immutable","Polygon","0xce16F69375520ab01377ce7B88f5BA8C48F8D666","0xce16F69375520ab01377ce7B88f5BA8C48F8D666","2026-08-30T10:39:11Z","2026-08-30T10:39:11Z","2026-08-30T10:39:57Z","46","00:00:46","10.088024","axlUSDC","10.087348102392001","Not Refunded","executed","received","False","True","0x2327c3cc53233934585b19b7d6ffe501b2aa712290eb26925680666d94e3f806","0x2327c3cc53233934585b19b7d6ffe501b2aa712290eb26925680666d94e3f806-9","Axelar Network (GMP)","https://api.axelarscan.io (public GMP Explorer API)"
"binance : 0xce16F69375520ab01377ce7B88f5BA8C48F8D666","osmosis : osmo1n6ney9tsf55etz9nrmzyd8wa7e64qd3s06a74fqs30ka8pps6cvqtsycr6","binance","osmosis","0xce16F69375520ab01377ce7B88f5BA8C48F8D666","osmo1n6ney9tsf55etz9nrmzyd8wa7e64qd3s06a74fqs30ka8pps6cvqtsycr6","2026-08-30T10:38:49Z","2026-08-30T10:38:49Z","2026-08-30T10:39:04Z","15","00:00:15","0.000561673169336202","WBNB","0.38785779035342094","Not Refunded","executed","received","False","True","0x890aa73cc71e71071ec1ac5d2235fac06537a2cf3469302aa7b403aef093ef5f","0x890aa73cc71e71071ec1ac5d2235fac06537a2cf3469302aa7b403aef093ef5f-4","Axelar Network (GMP)","https://api.axelarscan.io (public GMP Explorer API)"
"osmosis : osmo1n6ney9tsf55etz9nrmzyd8wa7e64qd3s06a74fqs30ka8pps6cvqtsycr6","Ethereum : 0xce16F69375520ab01377ce7B88f5BA8C48F8D666","osmosis","Ethereum","osmo1n6ney9tsf55etz9nrmzyd8wa7e64qd3s06a74fqs30ka8pps6cvqtsycr6","0xce16F69375520ab01377ce7B88f5BA8C48F8D666","2026-08-30T10:37:48Z","2026-08-30T10:37:48Z","2026-08-30T10:39:11Z","83","00:01:23","0.000487755253483992","axlETH","1.1980146985023115","Pending Refund","executed","received","False","True","E3A995415477F21D263366F289D0CD9DDC724965E2B546C1D0A85F318A28C1FB","0xea82e436846ac40a760e781f82ce198fd3022227a4ccd1b05a55ce419b381be0-7092890","Axelar Network (GMP)","https://api.axelarscan.io (public GMP Explorer API)"
"osmosis : osmo1n6ney9tsf55etz9nrmzyd8wa7e64qd3s06a74fqs30ka8pps6cvqtsycr6","binance : 0xce16F69375520ab01377ce7B88f5BA8C48F8D666","osmosis","binance","osmo1n6ney9tsf55etz9nrmzyd8wa7e64qd3s06a74fqs30ka8pps6cvqtsycr6","0xce16F69375520ab01377ce7B88f5BA8C48F8D666","2026-08-30T10:36:37Z","2026-08-30T10:36:37Z","2026-08-30T10:37:04Z","27","00:00:27","1.683259","axlUSDC","1.683146221647","Pending Refund","executed","received","False","True","78DE268E8E096166A399E55959DE7BC5BA5FA559E0D7B588464563F447ACBC7C","0xcb1ec448e1acbedbeb7415e28eea60033e3c1932b6c4c06f594271d69e1f2be5-7092889","Axelar Network (GMP)","https://api.axelarscan.io (public GMP Explorer API)"
"osmosis : osmo1n6ney9tsf55etz9nrmzyd8wa7e64qd3s06a74fqs30ka8pps6cvqtsycr6","arbitrum : 0xce16F69375520ab01377ce7B88f5BA8C48F8D666","osmosis","arbitrum","osmo1n6ney9tsf55etz9nrmzyd8wa7e64qd3s06a74fqs30ka8pps6cvqtsycr6","0xce16F69375520ab01377ce7B88f5BA8C48F8D666","2026-08-30T10:31:58Z","2026-08-30T10:31:58Z","2026-08-30T10:32:39Z","41","00:00:41","0.05696","axlUSDC","0.056955728","Pending Refund","executed","received","False","True","A896CE63C9BB3E2FC65335B80E90747F01CE36FECC740336C3DD86E1F1754B33","0x0df268c04408accb58c8403c8c37c061962277ff2c11c42ee3c7df58e5db75f4-7092888","Axelar Network (GMP)","https://api.axelarscan.io (public GMP Explorer API)"
"ethereum : 0xB5FB4BE02232B1bBA4dC8f81dc24C26980dE9e3C","axelar : axelar1aqcj54lzz0rk22gvqgcn8fr5tx4rzwdv5wv5j9dmnacgefvd7wzsy2j2mr","ethereum","axelar","0xB5FB4BE02232B1bBA4dC8f81dc24C26980dE9e3C","axelar1aqcj54lzz0rk22gvqgcn8fr5tx4rzwdv5wv5j9dmnacgefvd7wzsy2j2mr","2026-08-30T10:29:35Z","2026-08-30T10:29:35Z","2026-08-30T10:44:28Z","893","00:14:53","5","USDC","0","Not Refunded","executed","received","False","True","0xd5c239da729a7f82c9812bb296a404edd0fcbd22bcaef020dde4daaf53da82ad","0xd5c239da729a7f82c9812bb296a404edd0fcbd22bcaef020dde4daaf53da82ad-3","Axelar Network (GMP)","https://api.axelarscan.io (public GMP Explorer API)"
"osmosis : osmo1n6ney9tsf55etz9nrmzyd8wa7e64qd3s06a74fqs30ka8pps6cvqtsycr6","arbitrum : 0xce16F69375520ab01377ce7B88f5BA8C48F8D666","osmosis","arbitrum","osmo1n6ney9tsf55etz9nrmzyd8wa7e64qd3s06a74fqs30ka8pps6cvqtsycr6","0xce16F69375520ab01377ce7B88f5BA8C48F8D666","2026-08-30T10:25:18Z","2026-08-30T10:25:18Z","2026-08-30T10:26:09Z","51","00:00:51","0.046971","axlUSDC","0.04696724232","Pending Refund","executed","received","False","True","22FC34098ABF1EB639B150290F2F5AA61C20D4ED2E97D7AB2971E18CEBC6CBA3","0x3860a2e5a3a0277c058b6a8959454907d2d16978ecf8a32cb4c68902bd4c33cd-7092887","Axelar Network (GMP)","https://api.axelarscan.io (public GMP Explorer API)"
"ethereum : 0x4f49B53928A71E553bB1B0F66a5BcB54Fd4E8932","immutable : 0x4f49B53928A71E553bB1B0F66a5BcB54Fd4E8932","ethereum","immutable","0x4f49B53928A71E553bB1B0F66a5BcB54Fd4E8932","0x4f49B53928A71E553bB1B0F66a5BcB54Fd4E8932","2026-08-30T10:24:23Z","2026-08-30T10:24:23Z","2026-08-30T10:38:35Z","852","00:14:12",,,,"Not Refunded","executed","received","False","True","0x65c9606851035f453fe4f9a4754dc70b562757e850a62961bd2c776cef3c7282","0x65c9606851035f453fe4f9a4754dc70b562757e850a62961bd2c776cef3c7282-1","Axelar Network (GMP)","https://api.axelarscan.io (public GMP Explorer API)"
"ethereum : 0x4f49B53928A71E553bB1B0F66a5BcB54Fd4E8932","immutable : 0x4f49B53928A71E553bB1B0F66a5BcB54Fd4E8932","ethereum","immutable","0x4f49B53928A71E553bB1B0F66a5BcB54Fd4E8932","0x4f49B53928A71E553bB1B0F66a5BcB54Fd4E8932","2026-08-30T10:07:35Z","2026-08-30T10:07:35Z","2026-08-30T10:25:35Z","1080","00:18:00",,,,"Not Refunded","executed","received","False","True","0x71ab52261190ff92e625c098a9d3fbb301774a5995217b87ea84f8938a32690d","0x71ab52261190ff92e625c098a9d3fbb301774a5995217b87ea84f8938a32690d-1","Axelar Network (GMP)","https://api.axelarscan.io (public GMP Explorer API)"
"ethereum : 0xB773bCc5B325ad9AC6B36e1A046AD4466833A16E","osmosis : osmo10a3k4hvk37cc4hnxctw4p95fhscd2z6h2rmx0aukc6rm8u9qqx9smfsh7u","ethereum","osmosis","0xB773bCc5B325ad9AC6B36e1A046AD4466833A16E","osmo10a3k4hvk37cc4hnxctw4p95fhscd2z6h2rmx0aukc6rm8u9qqx9smfsh7u","2026-08-30T10:06:47Z","2026-08-30T10:06:47Z","2026-08-30T10:25:05Z","1098","00:18:18","0.04","WETH","98.128","Not Refunded","executed","received","False","True","0x710cf107fed9a8fdb153eb101878295a96ce6126b102dae9f5cd93ab8a5e2d91","0x710cf107fed9a8fdb153eb101878295a96ce6126b102dae9f5cd93ab8a5e2d91-3","Axelar Network (GMP)","https://api.axelarscan.io (public GMP Explorer API)"
"osmosis : osmo1n6ney9tsf55etz9nrmzyd8wa7e64qd3s06a74fqs30ka8pps6cvqtsycr6","binance : 0xce16F69375520ab01377ce7B88f5BA8C48F8D666","osmosis","binance","osmo1n6ney9tsf55etz9nrmzyd8wa7e64qd3s06a74fqs30ka8pps6cvqtsycr6","0xce16F69375520ab01377ce7B88f5BA8C48F8D666","2026-08-30T10:01:41Z","2026-08-30T10:01:41Z","2026-08-30T10:02:09Z","28","00:00:28","0.000166101184323115","axlBNB","0.1146280883132249","Pending Refund","executed","received","False","True","3BE937D6155B53572B51912B139A3A6BFBDF833E26A937ED2143E77F35C0370E","0x629f318eab901cd829fb342d491c3b9d8e8ff0048e4900dc140ef8b2a409339f-7092886","Axelar Network (GMP)","https://api.axelarscan.io (public GMP Explorer API)"
"base : 0xce16F69375520ab01377ce7B88f5BA8C48F8D666","Ethereum : 0xce16F69375520ab01377ce7B88f5BA8C48F8D666","base","Ethereum","0xce16F69375520ab01377ce7B88f5BA8C48F8D666","0xce16F69375520ab01377ce7B88f5BA8C48F8D666","2026-08-30T10:01:31Z","2026-08-30T10:01:31Z","2026-08-30T10:26:23Z","1492","00:24:52","889.921336","axlUSDC","889.834123709072","Not Refunded","executed","received","False","True","0x38edfa608d9bd5a248a793ad3cd9d98852ba4fef3290efac36c5ce1d06ef0f05","0x38edfa608d9bd5a248a793ad3cd9d98852ba4fef3290efac36c5ce1d06ef0f05-47","Axelar Network (GMP)","https://api.axelarscan.io (public GMP Explorer API)"
"ethereum : 0x4f49B53928A71E553bB1B0F66a5BcB54Fd4E8932","immutable : 0x4f49B53928A71E553bB1B0F66a5BcB54Fd4E8932","ethereum","immutable","0x4f49B53928A71E553bB1B0F66a5BcB54Fd4E8932","0x4f49B53928A71E553bB1B0F66a5BcB54Fd4E8932","2026-08-30T10:00:59Z","2026-08-30T10:00:59Z","2026-08-30T10:19:05Z","1086","00:18:06",,,,"Not Refunded","executed","received","False","True","0x5cb7f05e3de8a4a287eb1af519f5875220984f1440fe6fa7863ed5eeee4fca0d","0x5cb7f05e3de8a4a287eb1af519f5875220984f1440fe6fa7863ed5eeee4fca0d-1","Axelar Network (GMP)","https://api.axelarscan.io (public GMP Explorer API)"
"osmosis : osmo1lulklm2d20j6r9raxvq5fm5m8km7cdhttny6yj","base : 0xce16F69375520ab01377ce7B88f5BA8C48F8D666","osmosis","base","osmo1lulklm2d20j6r9raxvq5fm5m8km7cdhttny6yj","0xce16F69375520ab01377ce7B88f5BA8C48F8D666","2026-08-30T09:59:55Z","2026-08-30T09:59:55Z","2026-08-30T10:00:49Z","54","00:00:54","22.105909","axlUSDC","22.103742620918","Pending Refund","executed","received","False","True","BB65FED1EAD4591E4F4931256779CF48423D3078C1422DD00D8BF42364FC0018","0x572b7ac530210a038659404b504d3dd0e0bebc79837d29a6daf3cedb0d00d1d1-7092885","Axelar Network (GMP)","https://api.axelarscan.io (public GMP Explorer API)"
"ethereum : 0x4f49B53928A71E553bB1B0F66a5BcB54Fd4E8932","immutable : 0x4f49B53928A71E553bB1B0F66a5BcB54Fd4E8932","ethereum","immutable","0x4f49B53928A71E553bB1B0F66a5BcB54Fd4E8932","0x4f49B53928A71E553bB1B0F66a5BcB54Fd4E8932","2026-08-30T09:57:35Z","2026-08-30T09:57:35Z","2026-08-30T10:12:55Z","920","00:15:20",,,,"Not Refunded","executed","received","False","True","0xe23c34b4b8a0a78098fda555a69e581f4d88ddfe0c3824e0c274036d754eb4db","0xe23c34b4b8a0a78098fda555a69e581f4d88ddfe0c3824e0c274036d754eb4db-1","Axelar Network (GMP)","https://api.axelarscan.io (public GMP Explorer API)"
"osmosis : osmo1n6ney9tsf55etz9nrmzyd8wa7e64qd3s06a74fqs30ka8pps6cvqtsycr6","binance : 0xce16F69375520ab01377ce7B88f5BA8C48F8D666","osmosis","binance","osmo1n6ney9tsf55etz9nrmzyd8wa7e64qd3s06a74fqs30ka8pps6cvqtsycr6","0xce16F69375520ab01377ce7B88f5BA8C48F8D666","2026-08-30T09:56:26Z","2026-08-30T09:56:26Z","2026-08-30T09:56:49Z","23","00:00:23","5.951376","axlUSDC","5.950792765151999","Pending Refund","executed","received","False","True","9C3F358FBC10EBB09C40918D5A2D666172E1A80AB664CFF72E85BE6042692649","0xd1ae7ffcacd1a9ea0270240a1baa2ccdf9d6213b305fe4402c3bd0bfe002c1cc-7092884","Axelar Network (GMP)","https://api.axelarscan.io (public GMP Explorer API)"
"binance : 0xce16F69375520ab01377ce7B88f5BA8C48F8D666","base : 0xce16F69375520ab01377ce7B88f5BA8C48F8D666","binance","base","0xce16F69375520ab01377ce7B88f5BA8C48F8D666","0xce16F69375520ab01377ce7B88f5BA8C48F8D666","2026-08-30T09:55:03Z","2026-08-30T09:55:03Z","2026-08-30T09:55:49Z","46","00:00:46","9.97387","axlUSDC","9.97289256074","Not Refunded","executed","received","False","True","0xbd49e71d12c350d3efc5503233d94683447781d82920a7372ea9c411a17c1548","0xbd49e71d12c350d3efc5503233d94683447781d82920a7372ea9c411a17c1548-38","Axelar Network (GMP)","https://api.axelarscan.io (public GMP Explorer API)"
"binance : 0x43d090025aAA6C8693B71952B910AC55CcB56bBb","osmosis : osmo10a3k4hvk37cc4hnxctw4p95fhscd2z6h2rmx0aukc6rm8u9qqx9smfsh7u","binance","osmosis","0x43d090025aAA6C8693B71952B910AC55CcB56bBb","osmo10a3k4hvk37cc4hnxctw4p95fhscd2z6h2rmx0aukc6rm8u9qqx9smfsh7u","2026-08-30T09:51:59Z","2026-08-30T09:51:59Z","2026-08-30T09:52:20Z","21","00:00:21","0.020317847334849985","WBNB","14.035568938914368","Not Refunded","executed","received","False","True","0xd7ce3b7012e7acc418c6f2bc7e413a9d0054a80b35a9e52cf53355ba314aa823","0xd7ce3b7012e7acc418c6f2bc7e413a9d0054a80b35a9e52cf53355ba314aa823-3","Axelar Network (GMP)","https://api.axelarscan.io (public GMP Explorer API)"
"binance : 0x43d090025aAA6C8693B71952B910AC55CcB56bBb","osmosis : osmo10a3k4hvk37cc4hnxctw4p95fhscd2z6h2rmx0aukc6rm8u9qqx9smfsh7u","binance","osmosis","0x43d090025aAA6C8693B71952B910AC55CcB56bBb","osmo10a3k4hvk37cc4hnxctw4p95fhscd2z6h2rmx0aukc6rm8u9qqx9smfsh7u","2026-08-30T09:51:34Z","2026-08-30T09:51:34Z","2026-08-30T09:51:54Z","20","00:00:20","0.04","WBNB","27.631999999999998","Not Refunded","executed","received","False","True","0x77718c338e79ce837819dc5e80a5f398eca74e17cd591aa1221f2f4ec41cdb28","0x77718c338e79ce837819dc5e80a5f398eca74e17cd591aa1221f2f4ec41cdb28-3","Axelar Network (GMP)","https://api.axelarscan.io (public GMP Explorer API)"
"osmosis : osmo1n6ney9tsf55etz9nrmzyd8wa7e64qd3s06a74fqs30ka8pps6cvqtsycr6","binance : 0xce16F69375520ab01377ce7B88f5BA8C48F8D666","osmosis","binance","osmo1n6ney9tsf55etz9nrmzyd8wa7e64qd3s06a74fqs30ka8pps6cvqtsycr6","0xce16F69375520ab01377ce7B88f5BA8C48F8D666","2026-08-30T09:50:50Z","2026-08-30T09:50:50Z","2026-08-30T09:51:18Z","28","00:00:28","595.546406","axlUSDC","595.4856602665881","Pending Refund","executed","received","False","True","B82FC8FA9CDB667DF9C1E2A8472CB72A76C9F4A6A0D58B44B1E4E07C931F90F1","0x4bbf3099f676da7b024d72976ee1b8747f0d30b74ff843c11f268128fa7d87ec-7092883","Axelar Network (GMP)","https://api.axelarscan.io (public GMP Explorer API)"
"binance : 0x43d090025aAA6C8693B71952B910AC55CcB56bBb","osmosis : osmo10a3k4hvk37cc4hnxctw4p95fhscd2z6h2rmx0aukc6rm8u9qqx9smfsh7u","binance","osmosis","0x43d090025aAA6C8693B71952B910AC55CcB56bBb","osmo10a3k4hvk37cc4hnxctw4p95fhscd2z6h2rmx0aukc6rm8u9qqx9smfsh7u","2026-08-30T09:50:21Z","2026-08-30T09:50:21Z","2026-08-30T09:50:37Z","16","00:00:16","0.02","WBNB","13.815999999999999","Not Refunded","executed","received","False","True","0x4e6358d7ece0685e05dc8006eaca2b6cf1b27d17c6240a52d104fd384e2b9341","0x4e6358d7ece0685e05dc8006eaca2b6cf1b27d17c6240a52d104fd384e2b9341-3","Axelar Network (GMP)","https://api.axelarscan.io (public GMP Explorer API)"
"osmosis : osmo1n6ney9tsf55etz9nrmzyd8wa7e64qd3s06a74fqs30ka8pps6cvqtsycr6","binance : 0xce16F69375520ab01377ce7B88f5BA8C48F8D666","osmosis","binance","osmo1n6ney9tsf55etz9nrmzyd8wa7e64qd3s06a74fqs30ka8pps6cvqtsycr6","0xce16F69375520ab01377ce7B88f5BA8C48F8D666","2026-08-30T09:50:16Z","2026-08-30T09:50:16Z","2026-08-30T09:50:39Z","23","00:00:23","2.362236","axlUSDC","2.3619950519279995","Pending Refund","executed","received","False","True","A53F9B2189D46AF1A22BABA9AC880F5175661EFBE3ED15B6FE902FCC91E679ED","0x2428e8b3013a146cc2188663a1a62b79c6c3d051505107b564c8029b4ce3468b-7092882","Axelar Network (GMP)","https://api.axelarscan.io (public GMP Explorer API)"
"osmosis : osmo1m8wg4vxkefhs374qxmmqpyusgz289wmulex5qdwpfx7jnrxzer5s9cv83q","Polygon : 0xD87E98798b1441c4b7fB7ABd918F90e42ae3D735","osmosis","Polygon","osmo1m8wg4vxkefhs374qxmmqpyusgz289wmulex5qdwpfx7jnrxzer5s9cv83q","0xD87E98798b1441c4b7fB7ABd918F90e42ae3D735","2026-08-30T09:48:26Z","2026-08-30T09:48:26Z","2026-08-30T09:49:12Z","46","00:00:46","208.623809","axlUSDC","208.60252937148198","Pending Refund","executed","received","False","True","83C2A23BE52BB49113CF35C68BE9CA3C480FFE33B4931A6223B6C87CB0507E54","0x8d748fbb929f055402c29b64e5022fd69f2152a887151e8541f530e2aabcb057-7092881","Axelar Network (GMP)","https://api.axelarscan.io (public GMP Explorer API)"
"binance : 0x43d090025aAA6C8693B71952B910AC55CcB56bBb","osmosis : osmo10a3k4hvk37cc4hnxctw4p95fhscd2z6h2rmx0aukc6rm8u9qqx9smfsh7u","binance","osmosis","0x43d090025aAA6C8693B71952B910AC55CcB56bBb","osmo10a3k4hvk37cc4hnxctw4p95fhscd2z6h2rmx0aukc6rm8u9qqx9smfsh7u","2026-08-30T09:44:38Z","2026-08-30T09:44:38Z","2026-08-30T09:44:58Z","20","00:00:20","0.05","WBNB","34.529","Not Refunded","executed","received","False","True","0xdc7715fc82adf7d4f0d64c1936c9c63d6b4f1eb9a681045f485b5f8af557ce38","0xdc7715fc82adf7d4f0d64c1936c9c63d6b4f1eb9a681045f485b5f8af557ce38-3","Axelar Network (GMP)","https://api.axelarscan.io (public GMP Explorer API)"
"binance : 0x43d090025aAA6C8693B71952B910AC55CcB56bBb","osmosis : osmo10a3k4hvk37cc4hnxctw4p95fhscd2z6h2rmx0aukc6rm8u9qqx9smfsh7u","binance","osmosis","0x43d090025aAA6C8693B71952B910AC55CcB56bBb","osmo10a3k4hvk37cc4hnxctw4p95fhscd2z6h2rmx0aukc6rm8u9qqx9smfsh7u","2026-08-30T09:44:04Z","2026-08-30T09:44:04Z","2026-08-30T09:44:21Z","17","00:00:17","0.05","WBNB","34.529","Not Refunded","executed","received","False","True","0x1b2f92acf531663f8eb39ace0b4ee3ce52b548e39960f02d837755b2c672c3d7","0x1b2f92acf531663f8eb39ace0b4ee3ce52b548e39960f02d837755b2c672c3d7-3","Axelar Network (GMP)","https://api.axelarscan.io (public GMP Explorer API)"
"osmosis : osmo1n6ney9tsf55etz9nrmzyd8wa7e64qd3s06a74fqs30ka8pps6cvqtsycr6","binance : 0xce16F69375520ab01377ce7B88f5BA8C48F8D666","osmosis","binance","osmo1n6ney9tsf55etz9nrmzyd8wa7e64qd3s06a74fqs30ka8pps6cvqtsycr6","0xce16F69375520ab01377ce7B88f5BA8C48F8D666","2026-08-30T09:43:45Z","2026-08-30T09:43:45Z","2026-08-30T09:44:09Z","24","00:00:24","0.048277739862458015","axlBNB","33.33964159421626","Pending Refund","executed","received","False","True","05200927480D8F2EC648BC14018FC5640BE0A38B06A3DB49B77864CEE4766B1A","0x4ac0e118e4143f74b920d6d603b1da5b6ec87cbc9a9096fd465cf21b503ff16c-7092880","Axelar Network (GMP)","https://api.axelarscan.io (public GMP Explorer API)"
"binance : 0x43d090025aAA6C8693B71952B910AC55CcB56bBb","osmosis : osmo10a3k4hvk37cc4hnxctw4p95fhscd2z6h2rmx0aukc6rm8u9qqx9smfsh7u","binance","osmosis","0x43d090025aAA6C8693B71952B910AC55CcB56bBb","osmo10a3k4hvk37cc4hnxctw4p95fhscd2z6h2rmx0aukc6rm8u9qqx9smfsh7u","2026-08-30T09:43:10Z","2026-08-30T09:43:10Z","2026-08-30T09:43:26Z","16","00:00:16","0.05","WBNB","34.525","Not Refunded","executed","received","False","True","0x33ecdc04823169c4825200fd34f79b023b2ea5c8c6ab479ddd7fdeaf058b0cfd","0x33ecdc04823169c4825200fd34f79b023b2ea5c8c6ab479ddd7fdeaf058b0cfd-3","Axelar Network (GMP)","https://api.axelarscan.io (public GMP Explorer API)"
"binance : 0x43d090025aAA6C8693B71952B910AC55CcB56bBb","osmosis : osmo10a3k4hvk37cc4hnxctw4p95fhscd2z6h2rmx0aukc6rm8u9qqx9smfsh7u","binance","osmosis","0x43d090025aAA6C8693B71952B910AC55CcB56bBb","osmo10a3k4hvk37cc4hnxctw4p95fhscd2z6h2rmx0aukc6rm8u9qqx9smfsh7u","2026-08-30T09:41:33Z","2026-08-30T09:41:33Z","2026-08-30T09:41:54Z","21","00:00:21","0.05","WBNB","34.525","Not Refunded","executed","received","False","True","0xd04e8ff88ad6c830dd9128926936f07efac6f7279d7ceedc2509a82c67b3a9c3","0xd04e8ff88ad6c830dd9128926936f07efac6f7279d7ceedc2509a82c67b3a9c3-3","Axelar Network (GMP)","https://api.axelarscan.io (public GMP Explorer API)"
"binance : 0x43d090025aAA6C8693B71952B910AC55CcB56bBb","osmosis : osmo10a3k4hvk37cc4hnxctw4p95fhscd2z6h2rmx0aukc6rm8u9qqx9smfsh7u","binance","osmosis","0x43d090025aAA6C8693B71952B910AC55CcB56bBb","osmo10a3k4hvk37cc4hnxctw4p95fhscd2z6h2rmx0aukc6rm8u9qqx9smfsh7u","2026-08-30T09:41:18Z","2026-08-30T09:41:18Z","2026-08-30T09:41:37Z","19","00:00:19","0.05","WBNB","34.525","Not Refunded","executed","received","False","True","0x95d1ce1a487528c09bcf917ef14a7c6d5358b8b5ef0723bfab2974a0c9f32bf9","0x95d1ce1a487528c09bcf917ef14a7c6d5358b8b5ef0723bfab2974a0c9f32bf9-3","Axelar Network (GMP)","https://api.axelarscan.io (public GMP Explorer API)"
"arbitrum : 0xce16F69375520ab01377ce7B88f5BA8C48F8D666","osmosis : osmo1dq7l8z3tj5whu04z2fqyec2rqs2cq4n8c785uz","arbitrum","osmosis","0xce16F69375520ab01377ce7B88f5BA8C48F8D666","osmo1dq7l8z3tj5whu04z2fqyec2rqs2cq4n8c785uz","2026-08-30T09:40:15Z","2026-08-30T09:40:15Z","2026-08-30T10:01:07Z","1252","00:20:52","999.807529","axlUSDC","999.7295440127381","Not Refunded","executed","received","False","True","0x01a4ed90c7595129940637695d84f866f0cec8ebb2e58b6b6a461939f44ca9ad","0x01a4ed90c7595129940637695d84f866f0cec8ebb2e58b6b6a461939f44ca9ad-14","Axelar Network (GMP)","https://api.axelarscan.io (public GMP Explorer API)"
"lava : lava@1c4cg72p0vn87w4vydzmt3mntypugxm7qz6zc33","arbitrum : 0xce16F69375520ab01377ce7B88f5BA8C48F8D666","lava","arbitrum","lava@1c4cg72p0vn87w4vydzmt3mntypugxm7qz6zc33","0xce16F69375520ab01377ce7B88f5BA8C48F8D666","2026-08-30T09:34:43Z","2026-08-30T09:34:43Z","2026-08-30T09:35:09Z","26","00:00:26","27935.946639","LAVA","562.4101094094111","Pending Refund","executed","received","False","True","03D27EBA2EEA85B40C9AC211E23F10FDA9900E0A7A2933C0A000B4934E3E9F3B","0x03d27eba2eea85b40c9ac211e23f10fda9900e0a7a2933c0a000b4934e3e9f3b-7092879","Axelar Network (GMP)","https://api.axelarscan.io (public GMP Explorer API)"
"immutable : 0xce16F69375520ab01377ce7B88f5BA8C48F8D666","Arbitrum : 0xce16F69375520ab01377ce7B88f5BA8C48F8D666","immutable","Arbitrum","0xce16F69375520ab01377ce7B88f5BA8C48F8D666","0xce16F69375520ab01377ce7B88f5BA8C48F8D666","2026-08-30T09:33:05Z","2026-08-30T09:33:05Z","2026-08-30T09:33:39Z","34","00:00:34","2.056289","axlUSDC","2.056126553169","Not Refunded","executed","received","False","True","0x6df121447bcdce86924c6f115daf08c3e28d481f04f03d494a2081daf239d376","0x6df121447bcdce86924c6f115daf08c3e28d481f04f03d494a2081daf239d376-12","Axelar Network (GMP)","https://api.axelarscan.io (public GMP Explorer API)"
"ethereum : 0xB773bCc5B325ad9AC6B36e1A046AD4466833A16E","osmosis : osmo10a3k4hvk37cc4hnxctw4p95fhscd2z6h2rmx0aukc6rm8u9qqx9smfsh7u","ethereum","osmosis","0xB773bCc5B325ad9AC6B36e1A046AD4466833A16E","osmo10a3k4hvk37cc4hnxctw4p95fhscd2z6h2rmx0aukc6rm8u9qqx9smfsh7u","2026-08-30T09:32:23Z","2026-08-30T09:32:23Z","2026-08-30T09:46:58Z","875","00:14:35","0.001736331310313196","WETH","4.264256064998178","Not Refunded","executed","received","False","True","0xdb50a1918338bba2d8e383cc8a42623fcec61a5eccb3af91bc1edc71ee0fe499","0xdb50a1918338bba2d8e383cc8a42623fcec61a5eccb3af91bc1edc71ee0fe499-3","Axelar Network (GMP)","https://api.axelarscan.io (public GMP Explorer API)"
"arbitrum : 0xce16F69375520ab01377ce7B88f5BA8C48F8D666","binance : 0xce16F69375520ab01377ce7B88f5BA8C48F8D666","arbitrum","binance","0xce16F69375520ab01377ce7B88f5BA8C48F8D666","0xce16F69375520ab01377ce7B88f5BA8C48F8D666","2026-08-30T09:31:03Z","2026-08-30T09:31:03Z","2026-08-30T09:54:34Z","1411","00:23:31","10.299356","axlUSDC","10.298315765043998","Not Refunded","executed","received","False","True","0x6eeb04dcf6a1dba3f3761d2b920918762ba5fbc500cae8d3eac1f5ad3c84d9e2","0x6eeb04dcf6a1dba3f3761d2b920918762ba5fbc500cae8d3eac1f5ad3c84d9e2-12","Axelar Network (GMP)","https://api.axelarscan.io (public GMP Explorer API)"
"binance : 0xce16F69375520ab01377ce7B88f5BA8C48F8D666","Arbitrum : 0xce16F69375520ab01377ce7B88f5BA8C48F8D666","binance","Arbitrum","0xce16F69375520ab01377ce7B88f5BA8C48F8D666","0xce16F69375520ab01377ce7B88f5BA8C48F8D666","2026-08-30T09:30:00Z","2026-08-30T09:30:00Z","2026-08-30T09:30:39Z","39","00:00:39","10.822182","axlUSDC","10.821088959617999","Not Refunded","executed","received","False","True","0x06859fb4d462045fe79043141506fcb1c4cc09abcab4486e26a2fa8464f502c4","0x06859fb4d462045fe79043141506fcb1c4cc09abcab4486e26a2fa8464f502c4-18","Axelar Network (GMP)","https://api.axelarscan.io (public GMP Explorer API)"
"binance : 0xce16F69375520ab01377ce7B88f5BA8C48F8D666","immutable : 0xce16F69375520ab01377ce7B88f5BA8C48F8D666","binance","immutable","0xce16F69375520ab01377ce7B88f5BA8C48F8D666","0xce16F69375520ab01377ce7B88f5BA8C48F8D666","2026-08-30T09:29:49Z","2026-08-30T09:29:49Z","2026-08-30T09:30:35Z","46","00:00:46","48.488907","axlUSDC","48.484009620392996","Not Refunded","executed","received","False","True","0x369fc41b9b27845b7e64ea08158220381861e6ce4b33828ac07596150771965e","0x369fc41b9b27845b7e64ea08158220381861e6ce4b33828ac07596150771965e-13","Axelar Network (GMP)","https://api.axelarscan.io (public GMP Explorer API)"
